/*
Navicat MySQL Data Transfer

Source Server         : localhost
Source Server Version : 50612
Source Host           : localhost:3306
Source Database       : hr_mart

Target Server Type    : MYSQL
Target Server Version : 50612
File Encoding         : 65001

Date: 2013-07-18 14:31:43
*/

SET FOREIGN_KEY_CHECKS=0;
-- ----------------------------
-- Table structure for `dim_department`
-- ----------------------------
DROP TABLE IF EXISTS `dim_department`;
CREATE TABLE `dim_department` (
  `department_key` int(11) NOT NULL AUTO_INCREMENT,
  `department_code` varchar(10) NOT NULL,
  `department_name` varchar(100) NOT NULL,
  `created_dttm` datetime NOT NULL,
  `updated_dttm` datetime NOT NULL,
  PRIMARY KEY (`department_key`)
) ENGINE=InnoDB AUTO_INCREMENT=6 DEFAULT CHARSET=utf8;

-- ----------------------------
-- Records of dim_department
-- ----------------------------
INSERT INTO `dim_department` VALUES ('1', 'D1', 'ฝ่ายบัญชีและการเงิน', '2013-07-15 15:48:23', '2013-07-15 15:48:23');
INSERT INTO `dim_department` VALUES ('2', 'D2', 'ฝ่ายเทคโนโลยีสารสนเทศ', '2013-07-15 15:48:23', '2013-07-15 15:48:23');
INSERT INTO `dim_department` VALUES ('3', 'D3', 'ฝ่ายขายและการตลาด', '2013-07-15 15:48:23', '2013-07-15 15:48:23');
INSERT INTO `dim_department` VALUES ('4', 'D4', 'ฝ่ายทรัพยากรบุคคล', '2013-07-15 15:48:23', '2013-07-15 15:48:23');
INSERT INTO `dim_department` VALUES ('5', 'D5', 'ฝ่ายบริหารและธุรการ', '2013-07-15 15:48:23', '2013-07-15 15:48:23');

-- ----------------------------
-- Table structure for `dim_emp`
-- ----------------------------
DROP TABLE IF EXISTS `dim_emp`;
CREATE TABLE `dim_emp` (
  `emp_key` int(11) NOT NULL AUTO_INCREMENT,
  `emp_code` varchar(12) NOT NULL,
  `emp_name` varchar(100) NOT NULL,
  `emp_surname` varchar(100) NOT NULL,
  `gender` char(1) NOT NULL,
  `start_date` date NOT NULL,
  `salary_amount` decimal(15,2) NOT NULL,
  `department_key` int(11) DEFAULT NULL,
  `dept_code` varchar(10) NOT NULL,
  `dept_name` varchar(100) NOT NULL,
  `section_code` varchar(10) NOT NULL,
  `section_name` varchar(100) NOT NULL,
  `employ_type_code` varchar(10) NOT NULL,
  `employ_type_name` varchar(100) NOT NULL,
  `education_level_code` varchar(10) NOT NULL,
  `education_level_name` varchar(100) NOT NULL,
  `employ_status_code` varchar(10) NOT NULL,
  `employ_status_name` varchar(100) NOT NULL,
  `created_dttm` datetime NOT NULL,
  `updated_dttm` datetime NOT NULL,
  PRIMARY KEY (`emp_key`)
) ENGINE=InnoDB AUTO_INCREMENT=101 DEFAULT CHARSET=utf8;

-- ----------------------------
-- Records of dim_emp
-- ----------------------------
INSERT INTO `dim_emp` VALUES ('1', 'emp_code1', 'พนักงาน1', 'พนักงาน1', 'M', '2012-01-01', '15000.00', '1', 'D1', 'ฝ่ายบัญชีและการเงิน', 'D1S01', 'แผนกบัญชี', 'T1', 'Full Time', 'E2', 'Degree', 'S1', 'ทำงาน', '2013-07-15 15:48:24', '2013-07-15 15:48:24');
INSERT INTO `dim_emp` VALUES ('2', 'emp_code10', 'พนักงาน10', 'พนักงาน10', 'F', '2012-01-01', '20000.00', '2', 'D2', 'ฝ่ายเทคโนโลยีสารสนเทศ', 'D2S09', 'แผนกพัตนาระบบสารสนเทศ', 'T1', 'Full Time', 'E2', 'Degree', 'S1', 'ทำงาน', '2013-07-15 15:48:24', '2013-07-15 15:48:24');
INSERT INTO `dim_emp` VALUES ('3', 'emp_code100', 'พนักงาน100', 'พนักงาน100', 'F', '2013-03-01', '17000.00', '3', 'D3', 'ฝ่ายขายและการตลาด', 'D3S06', 'แผนกการตลาด ', 'T1', 'Full Time', 'E2', 'Degree', 'S1', 'ทำงาน', '2013-07-15 15:48:24', '2013-07-15 15:48:24');
INSERT INTO `dim_emp` VALUES ('4', 'emp_code11', 'พนักงาน11', 'พนักงาน11', 'M', '2012-01-01', '22000.00', '2', 'D2', 'ฝ่ายเทคโนโลยีสารสนเทศ', 'D2S09', 'แผนกพัตนาระบบสารสนเทศ', 'T1', 'Full Time', 'E3', 'Master', 'S1', 'ทำงาน', '2013-07-15 15:48:24', '2013-07-15 15:48:24');
INSERT INTO `dim_emp` VALUES ('5', 'emp_code12', 'พนักงาน12', 'พนักงาน12', 'F', '2012-01-01', '38000.00', '2', 'D2', 'ฝ่ายเทคโนโลยีสารสนเทศ', 'D2S09', 'แผนกพัตนาระบบสารสนเทศ', 'T1', 'Full Time', 'E3', 'Master', 'S1', 'ทำงาน', '2013-07-15 15:48:24', '2013-07-15 15:48:24');
INSERT INTO `dim_emp` VALUES ('6', 'emp_code13', 'พนักงาน13', 'พนักงาน13', 'M', '2012-01-01', '35000.00', '2', 'D2', 'ฝ่ายเทคโนโลยีสารสนเทศ', 'D2S09', 'แผนกพัตนาระบบสารสนเทศ', 'T1', 'Full Time', 'E3', 'Master', 'S1', 'ทำงาน', '2013-07-15 15:48:24', '2013-07-15 15:48:24');
INSERT INTO `dim_emp` VALUES ('7', 'emp_code14', 'พนักงาน14', 'พนักงาน14', 'F', '2012-01-01', '19000.00', '2', 'D2', 'ฝ่ายเทคโนโลยีสารสนเทศ', 'D2S09', 'แผนกพัตนาระบบสารสนเทศ', 'T1', 'Full Time', 'E2', 'Degree', 'S1', 'ทำงาน', '2013-07-15 15:48:24', '2013-07-15 15:48:24');
INSERT INTO `dim_emp` VALUES ('8', 'emp_code15', 'พนักงาน15', 'พนักงาน15', 'M', '2012-01-01', '19000.00', '2', 'D2', 'ฝ่ายเทคโนโลยีสารสนเทศ', 'D2S05', 'แผนกปฏิบัติการเทคโนโลยีสารสนเทศ', 'T1', 'Full Time', 'E2', 'Degree', 'S1', 'ทำงาน', '2013-07-15 15:48:24', '2013-07-15 15:48:24');
INSERT INTO `dim_emp` VALUES ('9', 'emp_code16', 'พนักงาน16', 'พนักงาน16', 'F', '2012-01-01', '19000.00', '2', 'D2', 'ฝ่ายเทคโนโลยีสารสนเทศ', 'D2S05', 'แผนกปฏิบัติการเทคโนโลยีสารสนเทศ', 'T1', 'Full Time', 'E2', 'Degree', 'S1', 'ทำงาน', '2013-07-15 15:48:24', '2013-07-15 15:48:24');
INSERT INTO `dim_emp` VALUES ('10', 'emp_code17', 'พนักงาน17', 'พนักงาน17', 'M', '2012-01-01', '35000.00', '2', 'D2', 'ฝ่ายเทคโนโลยีสารสนเทศ', 'D2S05', 'แผนกปฏิบัติการเทคโนโลยีสารสนเทศ', 'T1', 'Full Time', 'E3', 'Master', 'S1', 'ทำงาน', '2013-07-15 15:48:24', '2013-07-15 15:48:24');
INSERT INTO `dim_emp` VALUES ('11', 'emp_code18', 'พนักงาน18', 'พนักงาน18', 'F', '2012-01-01', '38000.00', '2', 'D2', 'ฝ่ายเทคโนโลยีสารสนเทศ', 'D2S05', 'แผนกปฏิบัติการเทคโนโลยีสารสนเทศ', 'T1', 'Full Time', 'E3', 'Master', 'S1', 'ทำงาน', '2013-07-15 15:48:24', '2013-07-15 15:48:24');
INSERT INTO `dim_emp` VALUES ('12', 'emp_code19', 'พนักงาน19', 'พนักงาน19', 'M', '2012-01-01', '19000.00', '3', 'D3', 'ฝ่ายขายและการตลาด', 'D3S06', 'แผนกการตลาด ', 'T1', 'Full Time', 'E2', 'Degree', 'S1', 'ทำงาน', '2013-07-15 15:48:24', '2013-07-15 15:48:24');
INSERT INTO `dim_emp` VALUES ('13', 'emp_code2', 'พนักงาน2', 'พนักงาน2', 'F', '2012-01-01', '22000.00', '1', 'D1', 'ฝ่ายบัญชีและการเงิน', 'D1S01', 'แผนกบัญชี', 'T1', 'Full Time', 'E2', 'Degree', 'S1', 'ทำงาน', '2013-07-15 15:48:24', '2013-07-15 15:48:24');
INSERT INTO `dim_emp` VALUES ('14', 'emp_code20', 'พนักงาน20', 'พนักงาน20', 'F', '2012-01-01', '38000.00', '3', 'D3', 'ฝ่ายขายและการตลาด', 'D3S06', 'แผนกการตลาด ', 'T1', 'Full Time', 'E3', 'Master', 'S1', 'ทำงาน', '2013-07-15 15:48:24', '2013-07-15 15:48:24');
INSERT INTO `dim_emp` VALUES ('15', 'emp_code21', 'พนักงาน21', 'พนักงาน21', 'M', '2012-01-01', '9500.00', '3', 'D3', 'ฝ่ายขายและการตลาด', 'D3S06', 'แผนกการตลาด ', 'T1', 'Full Time', 'E1', 'Diploma', 'S2', 'ลาศึกษาต่อ', '2013-07-15 15:48:24', '2013-07-15 15:48:24');
INSERT INTO `dim_emp` VALUES ('16', 'emp_code22', 'พนักงาน22', 'พนักงาน22', 'F', '2012-01-01', '35000.00', '3', 'D3', 'ฝ่ายขายและการตลาด', 'D3S06', 'แผนกการตลาด ', 'T1', 'Full Time', 'E3', 'Master', 'S1', 'ทำงาน', '2013-07-15 15:48:24', '2013-07-15 15:48:24');
INSERT INTO `dim_emp` VALUES ('17', 'emp_code23', 'พนักงาน23', 'พนักงาน23', 'M', '2012-01-01', '15000.00', '3', 'D3', 'ฝ่ายขายและการตลาด', 'D3S07', 'แผนกโฆษณา ', 'T1', 'Full Time', 'E2', 'Degree', 'S1', 'ทำงาน', '2013-07-15 15:48:24', '2013-07-15 15:48:24');
INSERT INTO `dim_emp` VALUES ('18', 'emp_code24', 'พนักงาน24', 'พนักงาน24', 'F', '2012-01-01', '36000.00', '3', 'D3', 'ฝ่ายขายและการตลาด', 'D3S07', 'แผนกโฆษณา ', 'T1', 'Full Time', 'E3', 'Master', 'S1', 'ทำงาน', '2013-07-15 15:48:24', '2013-07-15 15:48:24');
INSERT INTO `dim_emp` VALUES ('19', 'emp_code25', 'พนักงาน25', 'พนักงาน25', 'M', '2012-01-01', '35000.00', '3', 'D3', 'ฝ่ายขายและการตลาด', 'D3S07', 'แผนกโฆษณา ', 'T1', 'Full Time', 'E3', 'Master', 'S1', 'ทำงาน', '2013-07-15 15:48:24', '2013-07-15 15:48:24');
INSERT INTO `dim_emp` VALUES ('20', 'emp_code26', 'พนักงาน26', 'พนักงาน26', 'F', '2012-01-01', '15000.00', '3', 'D3', 'ฝ่ายขายและการตลาด', 'D3S07', 'แผนกโฆษณา ', 'T1', 'Full Time', 'E2', 'Degree', 'S1', 'ทำงาน', '2013-07-15 15:48:24', '2013-07-15 15:48:24');
INSERT INTO `dim_emp` VALUES ('21', 'emp_code27', 'พนักงาน27', 'พนักงาน27', 'M', '2012-01-01', '19000.00', '3', 'D3', 'ฝ่ายขายและการตลาด', 'D3S08', 'แผนกขาย ', 'T1', 'Full Time', 'E2', 'Degree', 'S1', 'ทำงาน', '2013-07-15 15:48:24', '2013-07-15 15:48:24');
INSERT INTO `dim_emp` VALUES ('22', 'emp_code28', 'พนักงาน28', 'พนักงาน28', 'F', '2012-01-01', '37000.00', '3', 'D3', 'ฝ่ายขายและการตลาด', 'D3S08', 'แผนกขาย ', 'T1', 'Full Time', 'E3', 'Master', 'S1', 'ทำงาน', '2013-07-15 15:48:24', '2013-07-15 15:48:24');
INSERT INTO `dim_emp` VALUES ('23', 'emp_code29', 'พนักงาน29', 'พนักงาน29', 'M', '2012-01-01', '35000.00', '3', 'D3', 'ฝ่ายขายและการตลาด', 'D3S08', 'แผนกขาย ', 'T1', 'Full Time', 'E3', 'Master', 'S1', 'ทำงาน', '2013-07-15 15:48:24', '2013-07-15 15:48:24');
INSERT INTO `dim_emp` VALUES ('24', 'emp_code3', 'พนักงาน3', 'พนักงาน3', 'M', '2012-01-01', '19000.00', '1', 'D1', 'ฝ่ายบัญชีและการเงิน', 'D1S01', 'แผนกบัญชี', 'T1', 'Full Time', 'E3', 'Master', 'S1', 'ทำงาน', '2013-07-15 15:48:24', '2013-07-15 15:48:24');
INSERT INTO `dim_emp` VALUES ('25', 'emp_code30', 'พนักงาน30', 'พนักงาน30', 'F', '2012-01-01', '38000.00', '4', 'D4', 'ฝ่ายทรัพยากรบุคคล', 'D4S02', 'แผนกบริหารบุคลากรและค่าตอบแทน ', 'T1', 'Full Time', 'E3', 'Master', 'S4', 'ลาออก', '2013-07-15 15:48:24', '2013-07-15 15:48:24');
INSERT INTO `dim_emp` VALUES ('26', 'emp_code31', 'พนักงาน31', 'พนักงาน31', 'M', '2012-01-01', '35000.00', '4', 'D4', 'ฝ่ายทรัพยากรบุคคล', 'D4S02', 'แผนกบริหารบุคลากรและค่าตอบแทน ', 'T1', 'Full Time', 'E3', 'Master', 'S1', 'ทำงาน', '2013-07-15 15:48:24', '2013-07-15 15:48:24');
INSERT INTO `dim_emp` VALUES ('27', 'emp_code32', 'พนักงาน32', 'พนักงาน32', 'F', '2012-01-01', '19500.00', '4', 'D4', 'ฝ่ายทรัพยากรบุคคล', 'D4S02', 'แผนกบริหารบุคลากรและค่าตอบแทน ', 'T1', 'Full Time', 'E2', 'Degree', 'S1', 'ทำงาน', '2013-07-15 15:48:24', '2013-07-15 15:48:24');
INSERT INTO `dim_emp` VALUES ('28', 'emp_code33', 'พนักงาน33', 'พนักงาน33', 'M', '2012-01-01', '15000.00', '4', 'D4', 'ฝ่ายทรัพยากรบุคคล', 'D4S02', 'แผนกบริหารบุคลากรและค่าตอบแทน ', 'T1', 'Full Time', 'E2', 'Degree', 'S1', 'ทำงาน', '2013-07-15 15:48:24', '2013-07-15 15:48:24');
INSERT INTO `dim_emp` VALUES ('29', 'emp_code34', 'พนักงาน34', 'พนักงาน34', 'F', '2012-01-01', '150000.00', '5', 'D5', 'ฝ่ายบริหารและธุรการ', 'N/A', 'N/A', 'T1', 'Full Time', 'E3', 'Master', 'S1', 'ทำงาน', '2013-07-15 15:48:24', '2013-07-15 15:48:24');
INSERT INTO `dim_emp` VALUES ('30', 'emp_code35', 'พนักงาน35', 'พนักงาน35', 'M', '2012-01-01', '36000.00', '4', 'D4', 'ฝ่ายทรัพยากรบุคคล', 'D4S10', 'แผนกสรรหาบุคลากร', 'T1', 'Full Time', 'E3', 'Master', 'S1', 'ทำงาน', '2013-07-15 15:48:24', '2013-07-15 15:48:24');
INSERT INTO `dim_emp` VALUES ('31', 'emp_code36', 'พนักงาน36', 'พนักงาน36', 'F', '2012-01-01', '34000.00', '4', 'D4', 'ฝ่ายทรัพยากรบุคคล', 'D4S10', 'แผนกสรรหาบุคลากร', 'T1', 'Full Time', 'E3', 'Master', 'S1', 'ทำงาน', '2013-07-15 15:48:24', '2013-07-15 15:48:24');
INSERT INTO `dim_emp` VALUES ('32', 'emp_code37', 'พนักงาน37', 'พนักงาน37', 'M', '2012-01-01', '16000.00', '4', 'D4', 'ฝ่ายทรัพยากรบุคคล', 'D4S10', 'แผนกสรรหาบุคลากร', 'T1', 'Full Time', 'E2', 'Degree', 'S1', 'ทำงาน', '2013-07-15 15:48:24', '2013-07-15 15:48:24');
INSERT INTO `dim_emp` VALUES ('33', 'emp_code38', 'พนักงาน38', 'พนักงาน38', 'F', '2012-01-01', '36000.00', '5', 'D5', 'ฝ่ายบริหารและธุรการ', 'D5S04', 'แผนกธุรการ', 'T1', 'Full Time', 'E3', 'Master', 'S1', 'ทำงาน', '2013-07-15 15:48:24', '2013-07-15 15:48:24');
INSERT INTO `dim_emp` VALUES ('34', 'emp_code39', 'พนักงาน39', 'พนักงาน39', 'M', '2012-01-01', '10000.00', '5', 'D5', 'ฝ่ายบริหารและธุรการ', 'D5S04', 'แผนกธุรการ', 'T1', 'Full Time', 'E1', 'Diploma', 'S1', 'ทำงาน', '2013-07-15 15:48:24', '2013-07-15 15:48:24');
INSERT INTO `dim_emp` VALUES ('35', 'emp_code4', 'พนักงาน4', 'พนักงาน4', 'F', '2012-01-01', '22000.00', '1', 'D1', 'ฝ่ายบัญชีและการเงิน', 'D1S01', 'แผนกบัญชี', 'T1', 'Full Time', 'E2', 'Degree', 'S1', 'ทำงาน', '2013-07-15 15:48:24', '2013-07-15 15:48:24');
INSERT INTO `dim_emp` VALUES ('36', 'emp_code40', 'พนักงาน40', 'พนักงาน40', 'F', '2012-01-01', '34000.00', '5', 'D5', 'ฝ่ายบริหารและธุรการ', 'D5S04', 'แผนกธุรการ', 'T1', 'Full Time', 'E3', 'Master', 'S1', 'ทำงาน', '2013-07-15 15:48:24', '2013-07-15 15:48:24');
INSERT INTO `dim_emp` VALUES ('37', 'emp_code41', 'พนักงาน41', 'พนักงาน41', 'M', '2012-01-01', '22000.00', '5', 'D5', 'ฝ่ายบริหารและธุรการ', 'D5S11', 'แผนกนโยบายและแผน', 'T1', 'Full Time', 'E3', 'Master', 'S1', 'ทำงาน', '2013-07-15 15:48:24', '2013-07-15 15:48:24');
INSERT INTO `dim_emp` VALUES ('38', 'emp_code42', 'พนักงาน42', 'พนักงาน42', 'F', '2012-01-01', '35000.00', '5', 'D5', 'ฝ่ายบริหารและธุรการ', 'D5S11', 'แผนกนโยบายและแผน', 'T1', 'Full Time', 'E3', 'Master', 'S1', 'ทำงาน', '2013-07-15 15:48:24', '2013-07-15 15:48:24');
INSERT INTO `dim_emp` VALUES ('39', 'emp_code43', 'พนักงาน43', 'พนักงาน43', 'M', '2012-01-01', '30000.00', '5', 'D5', 'ฝ่ายบริหารและธุรการ', 'D5S11', 'แผนกนโยบายและแผน', 'T1', 'Full Time', 'E3', 'Master', 'S1', 'ทำงาน', '2013-07-15 15:48:24', '2013-07-15 15:48:24');
INSERT INTO `dim_emp` VALUES ('40', 'emp_code44', 'พนักงาน44', 'พนักงาน44', 'F', '2012-01-01', '34000.00', '5', 'D5', 'ฝ่ายบริหารและธุรการ', 'D5S12', 'แผนกคลังและพัสดุ', 'T1', 'Full Time', 'E3', 'Master', 'S1', 'ทำงาน', '2013-07-15 15:48:24', '2013-07-15 15:48:24');
INSERT INTO `dim_emp` VALUES ('41', 'emp_code45', 'พนักงาน45', 'พนักงาน45', 'M', '2012-01-01', '30000.00', '5', 'D5', 'ฝ่ายบริหารและธุรการ', 'D5S12', 'แผนกคลังและพัสดุ', 'T1', 'Full Time', 'E3', 'Master', 'S1', 'ทำงาน', '2013-07-15 15:48:24', '2013-07-15 15:48:24');
INSERT INTO `dim_emp` VALUES ('42', 'emp_code46', 'พนักงาน46', 'พนักงาน46', 'F', '2012-01-01', '11000.00', '5', 'D5', 'ฝ่ายบริหารและธุรการ', 'D5S12', 'แผนกคลังและพัสดุ', 'T1', 'Full Time', 'E1', 'Diploma', 'S1', 'ทำงาน', '2013-07-15 15:48:24', '2013-07-15 15:48:24');
INSERT INTO `dim_emp` VALUES ('43', 'emp_code47', 'พนักงาน47', 'พนักงาน47', 'M', '2012-01-01', '85000.00', '1', 'D1', 'ฝ่ายบัญชีและการเงิน', 'N/A', 'N/A', 'T1', 'Full Time', 'E4', 'Doctorate', 'S1', 'ทำงาน', '2013-07-15 15:48:24', '2013-07-15 15:48:24');
INSERT INTO `dim_emp` VALUES ('44', 'emp_code48', 'พนักงาน48', 'พนักงาน48', 'F', '2012-01-01', '80000.00', '1', 'D1', 'ฝ่ายบัญชีและการเงิน', 'N/A', 'N/A', 'T1', 'Full Time', 'E4', 'Doctorate', 'S1', 'ทำงาน', '2013-07-15 15:48:24', '2013-07-15 15:48:24');
INSERT INTO `dim_emp` VALUES ('45', 'emp_code49', 'พนักงาน49', 'พนักงาน49', 'M', '2012-01-01', '93000.00', '2', 'D2', 'ฝ่ายเทคโนโลยีสารสนเทศ', 'N/A', 'N/A', 'T2', 'Part Time', 'E4', 'Doctorate', 'S1', 'ทำงาน', '2013-07-15 15:48:24', '2013-07-15 15:48:24');
INSERT INTO `dim_emp` VALUES ('46', 'emp_code5', 'พนักงาน5', 'พนักงาน5', 'M', '2012-01-01', '35000.00', '1', 'D1', 'ฝ่ายบัญชีและการเงิน', 'D1S01', 'แผนกบัญชี', 'T1', 'Full Time', 'E3', 'Master', 'S1', 'ทำงาน', '2013-07-15 15:48:24', '2013-07-15 15:48:24');
INSERT INTO `dim_emp` VALUES ('47', 'emp_code50', 'พนักงาน50', 'พนักงาน50', 'F', '2012-01-01', '80000.00', '2', 'D2', 'ฝ่ายเทคโนโลยีสารสนเทศ', 'N/A', 'N/A', 'T1', 'Full Time', 'E4', 'Doctorate', 'S1', 'ทำงาน', '2013-07-15 15:48:24', '2013-07-15 15:48:24');
INSERT INTO `dim_emp` VALUES ('48', 'emp_code51', 'พนักงาน51', 'พนักงาน51', 'M', '2012-01-01', '94000.00', '3', 'D3', 'ฝ่ายขายและการตลาด', 'N/A', 'N/A', 'T3', 'Contract', 'E4', 'Doctorate', 'S1', 'ทำงาน', '2013-07-15 15:48:24', '2013-07-15 15:48:24');
INSERT INTO `dim_emp` VALUES ('49', 'emp_code52', 'พนักงาน52', 'พนักงาน52', 'F', '2012-01-01', '87000.00', '3', 'D3', 'ฝ่ายขายและการตลาด', 'N/A', 'N/A', 'T1', 'Full Time', 'E4', 'Doctorate', 'S1', 'ทำงาน', '2013-07-15 15:48:24', '2013-07-15 15:48:24');
INSERT INTO `dim_emp` VALUES ('50', 'emp_code53', 'พนักงาน53', 'พนักงาน53', 'M', '2012-01-01', '80000.00', '4', 'D4', 'ฝ่ายทรัพยากรบุคคล', 'N/A', 'N/A', 'T1', 'Full Time', 'E4', 'Doctorate', 'S1', 'ทำงาน', '2013-07-15 15:48:24', '2013-07-15 15:48:24');
INSERT INTO `dim_emp` VALUES ('51', 'emp_code54', 'พนักงาน54', 'พนักงาน54', 'F', '2012-01-01', '80000.00', '3', 'D3', 'ฝ่ายขายและการตลาด', 'D3S06', 'แผนกการตลาด ', 'T1', 'Full Time', 'E4', 'Doctorate', 'S1', 'ทำงาน', '2013-07-15 15:48:24', '2013-07-15 15:48:24');
INSERT INTO `dim_emp` VALUES ('52', 'emp_code55', 'พนักงาน55', 'พนักงาน55', 'M', '2012-01-01', '90000.00', '5', 'D5', 'ฝ่ายบริหารและธุรการ', 'N/A', 'N/A', 'T2', 'Part Time', 'E4', 'Doctorate', 'S1', 'ทำงาน', '2013-07-15 15:48:24', '2013-07-15 15:48:24');
INSERT INTO `dim_emp` VALUES ('53', 'emp_code56', 'พนักงาน56', 'พนักงาน56', 'F', '2012-01-01', '90000.00', '5', 'D5', 'ฝ่ายบริหารและธุรการ', 'N/A', 'N/A', 'T1', 'Full Time', 'E4', 'Doctorate', 'S1', 'ทำงาน', '2013-07-15 15:48:24', '2013-07-15 15:48:24');
INSERT INTO `dim_emp` VALUES ('54', 'emp_code57', 'พนักงาน57', 'พนักงาน57', 'M', '2012-03-01', '30000.00', '1', 'D1', 'ฝ่ายบัญชีและการเงิน', 'D1S01', 'แผนกบัญชี', 'T1', 'Full Time', 'E3', 'Master', 'S1', 'ทำงาน', '2013-07-15 15:48:24', '2013-07-15 15:48:24');
INSERT INTO `dim_emp` VALUES ('55', 'emp_code58', 'พนักงาน58', 'พนักงาน58', 'F', '2012-03-01', '15000.00', '3', 'D3', 'ฝ่ายขายและการตลาด', 'D3S07', 'แผนกโฆษณา ', 'T1', 'Full Time', 'E2', 'Degree', 'S1', 'ทำงาน', '2013-07-15 15:48:24', '2013-07-15 15:48:24');
INSERT INTO `dim_emp` VALUES ('56', 'emp_code59', 'พนักงาน59', 'พนักงาน59', 'M', '2012-03-01', '9000.00', '3', 'D3', 'ฝ่ายขายและการตลาด', 'D3S06', 'แผนกการตลาด ', 'T1', 'Full Time', 'E1', 'Diploma', 'S1', 'ทำงาน', '2013-07-15 15:48:24', '2013-07-15 15:48:24');
INSERT INTO `dim_emp` VALUES ('57', 'emp_code6', 'พนักงาน6', 'พนักงาน6', 'F', '2012-01-01', '19000.00', '1', 'D1', 'ฝ่ายบัญชีและการเงิน', 'D1S03', 'แผนกการเงิน', 'T1', 'Full Time', 'E2', 'Degree', 'S1', 'ทำงาน', '2013-07-15 15:48:24', '2013-07-15 15:48:24');
INSERT INTO `dim_emp` VALUES ('58', 'emp_code60', 'พนักงาน60', 'พนักงาน60', 'M', '2012-03-01', '15000.00', '3', 'D3', 'ฝ่ายขายและการตลาด', 'D4S10', 'แผนกสรรหาบุคลากร', 'T1', 'Full Time', 'E2', 'Degree', 'S1', 'ทำงาน', '2013-07-15 15:48:24', '2013-07-15 15:48:24');
INSERT INTO `dim_emp` VALUES ('59', 'emp_code61', 'พนักงาน61', 'พนักงาน61', 'F', '2012-03-01', '10000.00', '1', 'D1', 'ฝ่ายบัญชีและการเงิน', 'D1S01', 'แผนกบัญชี', 'T1', 'Full Time', 'E2', 'Degree', 'S1', 'ทำงาน', '2013-07-15 15:48:24', '2013-07-15 15:48:24');
INSERT INTO `dim_emp` VALUES ('60', 'emp_code62', 'พนักงาน62', 'พนักงาน62', 'F', '2012-04-01', '9500.00', '1', 'D1', 'ฝ่ายบัญชีและการเงิน', 'D1S01', 'แผนกบัญชี', 'T1', 'Full Time', 'E2', 'Degree', 'S1', 'ทำงาน', '2013-07-15 15:48:24', '2013-07-15 15:48:24');
INSERT INTO `dim_emp` VALUES ('61', 'emp_code63', 'พนักงาน63', 'พนักงาน63', 'F', '2012-04-01', '10000.00', '1', 'D1', 'ฝ่ายบัญชีและการเงิน', 'D1S01', 'แผนกบัญชี', 'T1', 'Full Time', 'E2', 'Degree', 'S1', 'ทำงาน', '2013-07-15 15:48:24', '2013-07-15 15:48:24');
INSERT INTO `dim_emp` VALUES ('62', 'emp_code64', 'พนักงาน64', 'พนักงาน64', 'F', '2012-04-01', '10000.00', '1', 'D1', 'ฝ่ายบัญชีและการเงิน', 'D1S01', 'แผนกบัญชี', 'T1', 'Full Time', 'E2', 'Degree', 'S1', 'ทำงาน', '2013-07-15 15:48:24', '2013-07-15 15:48:24');
INSERT INTO `dim_emp` VALUES ('63', 'emp_code65', 'พนักงาน65', 'พนักงาน65', 'F', '2012-04-01', '11000.00', '1', 'D1', 'ฝ่ายบัญชีและการเงิน', 'D1S01', 'แผนกบัญชี', 'T1', 'Full Time', 'E2', 'Degree', 'S1', 'ทำงาน', '2013-07-15 15:48:24', '2013-07-15 15:48:24');
INSERT INTO `dim_emp` VALUES ('64', 'emp_code66', 'พนักงาน66', 'พนักงาน66', 'F', '2012-05-01', '17000.00', '1', 'D1', 'ฝ่ายบัญชีและการเงิน', 'D1S03', 'แผนกการเงิน', 'T1', 'Full Time', 'E2', 'Degree', 'S1', 'ทำงาน', '2013-07-15 15:48:24', '2013-07-15 15:48:24');
INSERT INTO `dim_emp` VALUES ('65', 'emp_code67', 'พนักงาน67', 'พนักงาน67', 'F', '2012-05-01', '17000.00', '1', 'D1', 'ฝ่ายบัญชีและการเงิน', 'D1S03', 'แผนกการเงิน', 'T2', 'Part Time', 'E2', 'Degree', 'S4', 'ลาออก', '2013-07-15 15:48:24', '2013-07-15 15:48:24');
INSERT INTO `dim_emp` VALUES ('66', 'emp_code68', 'พนักงาน68', 'พนักงาน68', 'F', '2012-05-01', '17000.00', '1', 'D1', 'ฝ่ายบัญชีและการเงิน', 'D1S03', 'แผนกการเงิน', 'T1', 'Full Time', 'E2', 'Degree', 'S1', 'ทำงาน', '2013-07-15 15:48:24', '2013-07-15 15:48:24');
INSERT INTO `dim_emp` VALUES ('67', 'emp_code69', 'พนักงาน69', 'พนักงาน69', 'F', '2012-05-01', '17000.00', '1', 'D1', 'ฝ่ายบัญชีและการเงิน', 'D1S03', 'แผนกการเงิน', 'T1', 'Full Time', 'E2', 'Degree', 'S1', 'ทำงาน', '2013-07-15 15:48:24', '2013-07-15 15:48:24');
INSERT INTO `dim_emp` VALUES ('68', 'emp_code7', 'พนักงาน7', 'พนักงาน7', 'M', '2012-01-01', '30000.00', '1', 'D1', 'ฝ่ายบัญชีและการเงิน', 'D1S03', 'แผนกการเงิน', 'T1', 'Full Time', 'E2', 'Degree', 'S1', 'ทำงาน', '2013-07-15 15:48:24', '2013-07-15 15:48:24');
INSERT INTO `dim_emp` VALUES ('69', 'emp_code70', 'พนักงาน70', 'พนักงาน70', 'F', '2012-05-01', '17000.00', '1', 'D1', 'ฝ่ายบัญชีและการเงิน', 'D1S03', 'แผนกการเงิน', 'T1', 'Full Time', 'E2', 'Degree', 'S1', 'ทำงาน', '2013-07-15 15:48:24', '2013-07-15 15:48:24');
INSERT INTO `dim_emp` VALUES ('70', 'emp_code71', 'พนักงาน71', 'พนักงาน71', 'F', '2012-05-01', '17000.00', '2', 'D2', 'ฝ่ายเทคโนโลยีสารสนเทศ', 'D2S09', 'แผนกพัตนาระบบสารสนเทศ', 'T2', 'Part Time', 'E2', 'Degree', 'S1', 'ทำงาน', '2013-07-15 15:48:24', '2013-07-15 15:48:24');
INSERT INTO `dim_emp` VALUES ('71', 'emp_code72', 'พนักงาน72', 'พนักงาน72', 'F', '2012-06-01', '11000.00', '2', 'D2', 'ฝ่ายเทคโนโลยีสารสนเทศ', 'D2S09', 'แผนกพัตนาระบบสารสนเทศ', 'T1', 'Full Time', 'E1', 'Diploma', 'S1', 'ทำงาน', '2013-07-15 15:48:24', '2013-07-15 15:48:24');
INSERT INTO `dim_emp` VALUES ('72', 'emp_code73', 'พนักงาน73', 'พนักงาน73', 'F', '2012-06-01', '17000.00', '2', 'D2', 'ฝ่ายเทคโนโลยีสารสนเทศ', 'D2S09', 'แผนกพัตนาระบบสารสนเทศ', 'T3', 'Contract', 'E2', 'Degree', 'S4', 'ลาออก', '2013-07-15 15:48:24', '2013-07-15 15:48:24');
INSERT INTO `dim_emp` VALUES ('73', 'emp_code74', 'พนักงาน74', 'พนักงาน74', 'M', '2012-06-01', '17000.00', '2', 'D2', 'ฝ่ายเทคโนโลยีสารสนเทศ', 'D2S09', 'แผนกพัตนาระบบสารสนเทศ', 'T1', 'Full Time', 'E2', 'Degree', 'S1', 'ทำงาน', '2013-07-15 15:48:24', '2013-07-15 15:48:24');
INSERT INTO `dim_emp` VALUES ('74', 'emp_code75', 'พนักงาน75', 'พนักงาน75', 'M', '2012-06-01', '17000.00', '2', 'D2', 'ฝ่ายเทคโนโลยีสารสนเทศ', 'D2S09', 'แผนกพัตนาระบบสารสนเทศ', 'T1', 'Full Time', 'E2', 'Degree', 'S1', 'ทำงาน', '2013-07-15 15:48:24', '2013-07-15 15:48:24');
INSERT INTO `dim_emp` VALUES ('75', 'emp_code76', 'พนักงาน76', 'พนักงาน76', 'M', '2012-06-01', '17000.00', '2', 'D2', 'ฝ่ายเทคโนโลยีสารสนเทศ', 'D2S09', 'แผนกพัตนาระบบสารสนเทศ', 'T1', 'Full Time', 'E2', 'Degree', 'S1', 'ทำงาน', '2013-07-15 15:48:24', '2013-07-15 15:48:24');
INSERT INTO `dim_emp` VALUES ('76', 'emp_code77', 'พนักงาน77', 'พนักงาน77', 'M', '2012-06-01', '10000.00', '2', 'D2', 'ฝ่ายเทคโนโลยีสารสนเทศ', 'D2S09', 'แผนกพัตนาระบบสารสนเทศ', 'T2', 'Part Time', 'E1', 'Diploma', 'S4', 'ลาออก', '2013-07-15 15:48:24', '2013-07-15 15:48:24');
INSERT INTO `dim_emp` VALUES ('77', 'emp_code78', 'พนักงาน78', 'พนักงาน78', 'M', '2012-06-01', '9500.00', '2', 'D2', 'ฝ่ายเทคโนโลยีสารสนเทศ', 'D2S09', 'แผนกพัตนาระบบสารสนเทศ', 'T1', 'Full Time', 'E1', 'Diploma', 'S1', 'ทำงาน', '2013-07-15 15:48:24', '2013-07-15 15:48:24');
INSERT INTO `dim_emp` VALUES ('78', 'emp_code79', 'พนักงาน79', 'พนักงาน79', 'M', '2012-06-01', '10000.00', '2', 'D2', 'ฝ่ายเทคโนโลยีสารสนเทศ', 'D2S09', 'แผนกพัตนาระบบสารสนเทศ', 'T2', 'Part Time', 'E1', 'Diploma', 'S1', 'ทำงาน', '2013-07-15 15:48:24', '2013-07-15 15:48:24');
INSERT INTO `dim_emp` VALUES ('79', 'emp_code8', 'พนักงาน8', 'พนักงาน8', 'F', '2012-01-01', '35000.00', '1', 'D1', 'ฝ่ายบัญชีและการเงิน', 'D1S03', 'แผนกการเงิน', 'T1', 'Full Time', 'E3', 'Master', 'S1', 'ทำงาน', '2013-07-15 15:48:24', '2013-07-15 15:48:24');
INSERT INTO `dim_emp` VALUES ('80', 'emp_code80', 'พนักงาน80', 'พนักงาน80', 'F', '2012-06-01', '10000.00', '2', 'D2', 'ฝ่ายเทคโนโลยีสารสนเทศ', 'D2S09', 'แผนกพัตนาระบบสารสนเทศ', 'T1', 'Full Time', 'E1', 'Diploma', 'S1', 'ทำงาน', '2013-07-15 15:48:24', '2013-07-15 15:48:24');
INSERT INTO `dim_emp` VALUES ('81', 'emp_code81', 'พนักงาน81', 'พนักงาน81', 'F', '2012-06-01', '11000.00', '5', 'D5', 'ฝ่ายบริหารและธุรการ', 'D5S04', 'แผนกธุรการ', 'T1', 'Full Time', 'E1', 'Diploma', 'S1', 'ทำงาน', '2013-07-15 15:48:24', '2013-07-15 15:48:24');
INSERT INTO `dim_emp` VALUES ('82', 'emp_code82', 'พนักงาน82', 'พนักงาน82', 'F', '2012-06-01', '11000.00', '5', 'D5', 'ฝ่ายบริหารและธุรการ', 'D5S04', 'แผนกธุรการ', 'T1', 'Full Time', 'E1', 'Diploma', 'S1', 'ทำงาน', '2013-07-15 15:48:24', '2013-07-15 15:48:24');
INSERT INTO `dim_emp` VALUES ('83', 'emp_code83', 'พนักงาน83', 'พนักงาน83', 'F', '2012-07-01', '17000.00', '5', 'D5', 'ฝ่ายบริหารและธุรการ', 'D5S04', 'แผนกธุรการ', 'T2', 'Part Time', 'E2', 'Degree', 'S1', 'ทำงาน', '2013-07-15 15:48:24', '2013-07-15 15:48:24');
INSERT INTO `dim_emp` VALUES ('84', 'emp_code84', 'พนักงาน84', 'พนักงาน84', 'F', '2012-07-01', '17000.00', '5', 'D5', 'ฝ่ายบริหารและธุรการ', 'D5S04', 'แผนกธุรการ', 'T1', 'Full Time', 'E2', 'Degree', 'S1', 'ทำงาน', '2013-07-15 15:48:24', '2013-07-15 15:48:24');
INSERT INTO `dim_emp` VALUES ('85', 'emp_code85', 'พนักงาน85', 'พนักงาน85', 'F', '2012-07-01', '17000.00', '5', 'D5', 'ฝ่ายบริหารและธุรการ', 'D5S04', 'แผนกธุรการ', 'T3', 'Contract', 'E2', 'Degree', 'S1', 'ทำงาน', '2013-07-15 15:48:24', '2013-07-15 15:48:24');
INSERT INTO `dim_emp` VALUES ('86', 'emp_code86', 'พนักงาน86', 'พนักงาน86', 'F', '2012-07-01', '17000.00', '3', 'D3', 'ฝ่ายขายและการตลาด', 'D3S08', 'แผนกขาย ', 'T1', 'Full Time', 'E2', 'Degree', 'S1', 'ทำงาน', '2013-07-15 15:48:24', '2013-07-15 15:48:24');
INSERT INTO `dim_emp` VALUES ('87', 'emp_code87', 'พนักงาน87', 'พนักงาน87', 'F', '2012-07-01', '17000.00', '3', 'D3', 'ฝ่ายขายและการตลาด', 'D3S08', 'แผนกขาย ', 'T1', 'Full Time', 'E2', 'Degree', 'S1', 'ทำงาน', '2013-07-15 15:48:24', '2013-07-15 15:48:24');
INSERT INTO `dim_emp` VALUES ('88', 'emp_code88', 'พนักงาน88', 'พนักงาน88', 'F', '2012-07-01', '17000.00', '3', 'D3', 'ฝ่ายขายและการตลาด', 'D3S08', 'แผนกขาย ', 'T3', 'Contract', 'E2', 'Degree', 'S1', 'ทำงาน', '2013-07-15 15:48:24', '2013-07-15 15:48:24');
INSERT INTO `dim_emp` VALUES ('89', 'emp_code89', 'พนักงาน89', 'พนักงาน89', 'F', '2012-07-01', '11000.00', '3', 'D3', 'ฝ่ายขายและการตลาด', 'D3S08', 'แผนกขาย ', 'T2', 'Part Time', 'E1', 'Diploma', 'S1', 'ทำงาน', '2013-07-15 15:48:24', '2013-07-15 15:48:24');
INSERT INTO `dim_emp` VALUES ('90', 'emp_code9', 'พนักงาน9', 'พนักงาน9', 'M', '2012-01-01', '35000.00', '1', 'D1', 'ฝ่ายบัญชีและการเงิน', 'D1S03', 'แผนกการเงิน', 'T1', 'Full Time', 'E3', 'Master', 'S1', 'ทำงาน', '2013-07-15 15:48:24', '2013-07-15 15:48:24');
INSERT INTO `dim_emp` VALUES ('91', 'emp_code90', 'พนักงาน90', 'พนักงาน90', 'F', '2012-07-01', '17000.00', '3', 'D3', 'ฝ่ายขายและการตลาด', 'D3S08', 'แผนกขาย ', 'T1', 'Full Time', 'E2', 'Degree', 'S1', 'ทำงาน', '2013-07-15 15:48:24', '2013-07-15 15:48:24');
INSERT INTO `dim_emp` VALUES ('92', 'emp_code91', 'พนักงาน91', 'พนักงาน91', 'F', '2012-10-01', '17000.00', '3', 'D3', 'ฝ่ายขายและการตลาด', 'D3S08', 'แผนกขาย ', 'T2', 'Part Time', 'E2', 'Degree', 'S1', 'ทำงาน', '2013-07-15 15:48:24', '2013-07-15 15:48:24');
INSERT INTO `dim_emp` VALUES ('93', 'emp_code92', 'พนักงาน92', 'พนักงาน92', 'F', '2012-10-01', '17000.00', '3', 'D3', 'ฝ่ายขายและการตลาด', 'D3S08', 'แผนกขาย ', 'T1', 'Full Time', 'E2', 'Degree', 'S1', 'ทำงาน', '2013-07-15 15:48:24', '2013-07-15 15:48:24');
INSERT INTO `dim_emp` VALUES ('94', 'emp_code93', 'พนักงาน93', 'พนักงาน93', 'F', '2012-10-01', '17000.00', '3', 'D3', 'ฝ่ายขายและการตลาด', 'D3S08', 'แผนกขาย ', 'T1', 'Full Time', 'E2', 'Degree', 'S1', 'ทำงาน', '2013-07-15 15:48:24', '2013-07-15 15:48:24');
INSERT INTO `dim_emp` VALUES ('95', 'emp_code94', 'พนักงาน94', 'พนักงาน94', 'F', '2012-10-01', '11000.00', '3', 'D3', 'ฝ่ายขายและการตลาด', 'D3S08', 'แผนกขาย ', 'T1', 'Full Time', 'E1', 'Diploma', 'S1', 'ทำงาน', '2013-07-15 15:48:24', '2013-07-15 15:48:24');
INSERT INTO `dim_emp` VALUES ('96', 'emp_code95', 'พนักงาน95', 'พนักงาน95', 'F', '2013-01-01', '11000.00', '3', 'D3', 'ฝ่ายขายและการตลาด', 'D3S08', 'แผนกขาย ', 'T3', 'Contract', 'E1', 'Diploma', 'S1', 'ทำงาน', '2013-07-15 15:48:24', '2013-07-15 15:48:24');
INSERT INTO `dim_emp` VALUES ('97', 'emp_code96', 'พนักงาน96', 'พนักงาน96', 'F', '2013-01-01', '11000.00', '3', 'D3', 'ฝ่ายขายและการตลาด', 'D3S06', 'แผนกการตลาด ', 'T1', 'Full Time', 'E1', 'Diploma', 'S1', 'ทำงาน', '2013-07-15 15:48:24', '2013-07-15 15:48:24');
INSERT INTO `dim_emp` VALUES ('98', 'emp_code97', 'พนักงาน97', 'พนักงาน97', 'F', '2013-01-01', '11000.00', '3', 'D3', 'ฝ่ายขายและการตลาด', 'D3S06', 'แผนกการตลาด ', 'T1', 'Full Time', 'E1', 'Diploma', 'S1', 'ทำงาน', '2013-07-15 15:48:24', '2013-07-15 15:48:24');
INSERT INTO `dim_emp` VALUES ('99', 'emp_code98', 'พนักงาน98', 'พนักงาน98', 'F', '2013-03-01', '11000.00', '3', 'D3', 'ฝ่ายขายและการตลาด', 'D3S06', 'แผนกการตลาด ', 'T1', 'Full Time', 'E1', 'Diploma', 'S1', 'ทำงาน', '2013-07-15 15:48:24', '2013-07-15 15:48:24');
INSERT INTO `dim_emp` VALUES ('100', 'emp_code99', 'พนักงาน99', 'พนักงาน99', 'F', '2013-03-01', '11000.00', '3', 'D3', 'ฝ่ายขายและการตลาด', 'D3S06', 'แผนกการตลาด ', 'T1', 'Full Time', 'E1', 'Diploma', 'S1', 'ทำงาน', '2013-07-15 15:48:24', '2013-07-15 15:48:24');

-- ----------------------------
-- Table structure for `dim_emp_position`
-- ----------------------------
DROP TABLE IF EXISTS `dim_emp_position`;
CREATE TABLE `dim_emp_position` (
  `emp_position_key` int(11) NOT NULL AUTO_INCREMENT,
  `emp_key` int(11) NOT NULL,
  `emp_code` varchar(10) NOT NULL,
  `position_code` varchar(10) NOT NULL,
  `position_name` varchar(100) NOT NULL,
  `job_level_code` varchar(10) NOT NULL,
  `job_level_name` varchar(100) NOT NULL,
  `created_dttm` datetime NOT NULL,
  `updated_dttm` datetime NOT NULL,
  PRIMARY KEY (`emp_position_key`)
) ENGINE=InnoDB AUTO_INCREMENT=101 DEFAULT CHARSET=utf8;

-- ----------------------------
-- Records of dim_emp_position
-- ----------------------------
INSERT INTO `dim_emp_position` VALUES ('1', '1', 'emp_code1', 'D1S01P01', 'พนักงานบัญชี', 'L1', 'Junior', '2013-07-15 15:48:25', '2013-07-15 15:48:25');
INSERT INTO `dim_emp_position` VALUES ('2', '15', 'emp_code21', 'D3S06P03', 'พนักงานประชาสัมพันธ์', 'L1', 'Junior', '2013-07-15 15:48:25', '2013-07-15 15:48:25');
INSERT INTO `dim_emp_position` VALUES ('3', '17', 'emp_code23', 'D3S07P01', 'พนักงานโฆษณา', 'L1', 'Junior', '2013-07-15 15:48:25', '2013-07-15 15:48:25');
INSERT INTO `dim_emp_position` VALUES ('4', '20', 'emp_code26', 'D3S07P04', 'พนักงานสื่อและสิ่งพิมพ์', 'L1', 'Junior', '2013-07-15 15:48:25', '2013-07-15 15:48:25');
INSERT INTO `dim_emp_position` VALUES ('5', '28', 'emp_code33', 'D4S02P04', 'พนักงานพัฒนาบุคลากร', 'L1', 'Junior', '2013-07-15 15:48:25', '2013-07-15 15:48:25');
INSERT INTO `dim_emp_position` VALUES ('6', '32', 'emp_code37', 'D4S10P03', 'พนักงานสรรหาบุคลากร', 'L1', 'Junior', '2013-07-15 15:48:25', '2013-07-15 15:48:25');
INSERT INTO `dim_emp_position` VALUES ('7', '55', 'emp_code58', 'D3S07P01', 'พนักงานโฆษณา', 'L1', 'Junior', '2013-07-15 15:48:25', '2013-07-15 15:48:25');
INSERT INTO `dim_emp_position` VALUES ('8', '56', 'emp_code59', 'D3S06P03', 'พนักงานประชาสัมพันธ์', 'L1', 'Junior', '2013-07-15 15:48:25', '2013-07-15 15:48:25');
INSERT INTO `dim_emp_position` VALUES ('9', '58', 'emp_code60', 'D4S10P03', 'พนักงานสรรหาบุคลากร', 'L1', 'Junior', '2013-07-15 15:48:25', '2013-07-15 15:48:25');
INSERT INTO `dim_emp_position` VALUES ('10', '59', 'emp_code61', 'D1S01P01', 'พนักงานบัญชี', 'L1', 'Junior', '2013-07-15 15:48:25', '2013-07-15 15:48:25');
INSERT INTO `dim_emp_position` VALUES ('11', '60', 'emp_code62', 'D1S01P01', 'พนักงานบัญชี', 'L1', 'Junior', '2013-07-15 15:48:25', '2013-07-15 15:48:25');
INSERT INTO `dim_emp_position` VALUES ('12', '61', 'emp_code63', 'D1S01P01', 'พนักงานบัญชี', 'L1', 'Junior', '2013-07-15 15:48:25', '2013-07-15 15:48:25');
INSERT INTO `dim_emp_position` VALUES ('13', '62', 'emp_code64', 'D1S01P01', 'พนักงานบัญชี', 'L1', 'Junior', '2013-07-15 15:48:25', '2013-07-15 15:48:25');
INSERT INTO `dim_emp_position` VALUES ('14', '63', 'emp_code65', 'D1S01P01', 'พนักงานบัญชี', 'L1', 'Junior', '2013-07-15 15:48:25', '2013-07-15 15:48:25');
INSERT INTO `dim_emp_position` VALUES ('15', '24', 'emp_code3', 'D1S01P03', 'ผู้ช่วยสมุห์บัญชี', 'L2', 'Senior', '2013-07-15 15:48:25', '2013-07-15 15:48:25');
INSERT INTO `dim_emp_position` VALUES ('16', '57', 'emp_code6', 'D1S03P01', 'พนักงานการเงิน', 'L2', 'Senior', '2013-07-15 15:48:25', '2013-07-15 15:48:25');
INSERT INTO `dim_emp_position` VALUES ('17', '2', 'emp_code10', 'D2S09P01', 'พนักงานพัฒนาระบบ', 'L2', 'Senior', '2013-07-15 15:48:25', '2013-07-15 15:48:25');
INSERT INTO `dim_emp_position` VALUES ('18', '4', 'emp_code11', 'D2S09P02', 'พนักงานวิเคราะห์ระบบ', 'L2', 'Senior', '2013-07-15 15:48:25', '2013-07-15 15:48:25');
INSERT INTO `dim_emp_position` VALUES ('19', '7', 'emp_code14', 'D2S09P05', 'พนักงานทดสอบและปรับปรุงแก้ไขระบบ', 'L2', 'Senior', '2013-07-15 15:48:25', '2013-07-15 15:48:25');
INSERT INTO `dim_emp_position` VALUES ('20', '8', 'emp_code15', 'D2S05P01', 'พนักงานซ่อมบำรุงอุปกรณ์สารสนเทศ', 'L2', 'Senior', '2013-07-15 15:48:25', '2013-07-15 15:48:25');
INSERT INTO `dim_emp_position` VALUES ('21', '9', 'emp_code16', 'D2S05P02', 'พนักงานประจำห้องปฎิบัติการคอมพิวเตอร์', 'L2', 'Senior', '2013-07-15 15:48:25', '2013-07-15 15:48:25');
INSERT INTO `dim_emp_position` VALUES ('22', '12', 'emp_code19', 'D3S06P01', 'พนักงานการตลาด', 'L2', 'Senior', '2013-07-15 15:48:25', '2013-07-15 15:48:25');
INSERT INTO `dim_emp_position` VALUES ('23', '21', 'emp_code27', 'D3S08P01', 'พนักงานขาย', 'L2', 'Senior', '2013-07-15 15:48:25', '2013-07-15 15:48:25');
INSERT INTO `dim_emp_position` VALUES ('24', '27', 'emp_code32', 'D4S02P03', 'พนักงานบริหารและจัดการบุคลากร', 'L2', 'Senior', '2013-07-15 15:48:25', '2013-07-15 15:48:25');
INSERT INTO `dim_emp_position` VALUES ('25', '34', 'emp_code39', 'D5S04P02', 'พนักงานธุรการ', 'L2', 'Senior', '2013-07-15 15:48:25', '2013-07-15 15:48:25');
INSERT INTO `dim_emp_position` VALUES ('26', '37', 'emp_code41', 'D5S11P01', 'นักวิเคราะห์นโยบายและแผน', 'L2', 'Senior', '2013-07-15 15:48:25', '2013-07-15 15:48:25');
INSERT INTO `dim_emp_position` VALUES ('27', '42', 'emp_code46', 'D5S12P03', 'พนักงานพัสดุ', 'L2', 'Senior', '2013-07-15 15:48:25', '2013-07-15 15:48:25');
INSERT INTO `dim_emp_position` VALUES ('28', '64', 'emp_code66', 'D1S03P01', 'พนักงานการเงิน', 'L2', 'Senior', '2013-07-15 15:48:25', '2013-07-15 15:48:25');
INSERT INTO `dim_emp_position` VALUES ('29', '65', 'emp_code67', 'D1S03P01', 'พนักงานการเงิน', 'L2', 'Senior', '2013-07-15 15:48:25', '2013-07-15 15:48:25');
INSERT INTO `dim_emp_position` VALUES ('30', '66', 'emp_code68', 'D1S03P01', 'พนักงานการเงิน', 'L2', 'Senior', '2013-07-15 15:48:25', '2013-07-15 15:48:25');
INSERT INTO `dim_emp_position` VALUES ('31', '67', 'emp_code69', 'D1S03P01', 'พนักงานการเงิน', 'L2', 'Senior', '2013-07-15 15:48:25', '2013-07-15 15:48:25');
INSERT INTO `dim_emp_position` VALUES ('32', '69', 'emp_code70', 'D1S03P01', 'พนักงานการเงิน', 'L2', 'Senior', '2013-07-15 15:48:25', '2013-07-15 15:48:25');
INSERT INTO `dim_emp_position` VALUES ('33', '70', 'emp_code71', 'D2S09P01', 'พนักงานพัฒนาระบบ', 'L2', 'Senior', '2013-07-15 15:48:25', '2013-07-15 15:48:25');
INSERT INTO `dim_emp_position` VALUES ('34', '71', 'emp_code72', 'D2S09P01', 'พนักงานพัฒนาระบบ', 'L2', 'Senior', '2013-07-15 15:48:25', '2013-07-15 15:48:25');
INSERT INTO `dim_emp_position` VALUES ('35', '72', 'emp_code73', 'D2S09P01', 'พนักงานพัฒนาระบบ', 'L2', 'Senior', '2013-07-15 15:48:25', '2013-07-15 15:48:25');
INSERT INTO `dim_emp_position` VALUES ('36', '73', 'emp_code74', 'D2S09P01', 'พนักงานพัฒนาระบบ', 'L2', 'Senior', '2013-07-15 15:48:25', '2013-07-15 15:48:25');
INSERT INTO `dim_emp_position` VALUES ('37', '74', 'emp_code75', 'D2S09P01', 'พนักงานพัฒนาระบบ', 'L2', 'Senior', '2013-07-15 15:48:25', '2013-07-15 15:48:25');
INSERT INTO `dim_emp_position` VALUES ('38', '75', 'emp_code76', 'D2S09P02', 'พนักงานวิเคราะห์ระบบ', 'L2', 'Senior', '2013-07-15 15:48:25', '2013-07-15 15:48:25');
INSERT INTO `dim_emp_position` VALUES ('39', '76', 'emp_code77', 'D2S09P02', 'พนักงานวิเคราะห์ระบบ', 'L2', 'Senior', '2013-07-15 15:48:25', '2013-07-15 15:48:25');
INSERT INTO `dim_emp_position` VALUES ('40', '77', 'emp_code78', 'D2S09P02', 'พนักงานวิเคราะห์ระบบ', 'L2', 'Senior', '2013-07-15 15:48:25', '2013-07-15 15:48:25');
INSERT INTO `dim_emp_position` VALUES ('41', '78', 'emp_code79', 'D2S09P02', 'พนักงานวิเคราะห์ระบบ', 'L2', 'Senior', '2013-07-15 15:48:25', '2013-07-15 15:48:25');
INSERT INTO `dim_emp_position` VALUES ('42', '80', 'emp_code80', 'D2S09P02', 'พนักงานวิเคราะห์ระบบ', 'L2', 'Senior', '2013-07-15 15:48:25', '2013-07-15 15:48:25');
INSERT INTO `dim_emp_position` VALUES ('43', '81', 'emp_code81', 'D5S04P02', 'พนักงานธุรการ', 'L2', 'Senior', '2013-07-15 15:48:25', '2013-07-15 15:48:25');
INSERT INTO `dim_emp_position` VALUES ('44', '82', 'emp_code82', 'D5S04P02', 'พนักงานธุรการ', 'L2', 'Senior', '2013-07-15 15:48:25', '2013-07-15 15:48:25');
INSERT INTO `dim_emp_position` VALUES ('45', '83', 'emp_code83', 'D5S04P02', 'พนักงานธุรการ', 'L2', 'Senior', '2013-07-15 15:48:25', '2013-07-15 15:48:25');
INSERT INTO `dim_emp_position` VALUES ('46', '84', 'emp_code84', 'D5S04P02', 'พนักงานธุรการ', 'L2', 'Senior', '2013-07-15 15:48:25', '2013-07-15 15:48:25');
INSERT INTO `dim_emp_position` VALUES ('47', '85', 'emp_code85', 'D5S04P02', 'พนักงานธุรการ', 'L2', 'Senior', '2013-07-15 15:48:25', '2013-07-15 15:48:25');
INSERT INTO `dim_emp_position` VALUES ('48', '86', 'emp_code86', 'D3S08P01', 'พนักงานขาย', 'L2', 'Senior', '2013-07-15 15:48:25', '2013-07-15 15:48:25');
INSERT INTO `dim_emp_position` VALUES ('49', '87', 'emp_code87', 'D3S08P01', 'พนักงานขาย', 'L2', 'Senior', '2013-07-15 15:48:25', '2013-07-15 15:48:25');
INSERT INTO `dim_emp_position` VALUES ('50', '88', 'emp_code88', 'D3S08P01', 'พนักงานขาย', 'L2', 'Senior', '2013-07-15 15:48:25', '2013-07-15 15:48:25');
INSERT INTO `dim_emp_position` VALUES ('51', '89', 'emp_code89', 'D3S08P01', 'พนักงานขาย', 'L2', 'Senior', '2013-07-15 15:48:25', '2013-07-15 15:48:25');
INSERT INTO `dim_emp_position` VALUES ('52', '91', 'emp_code90', 'D3S08P01', 'พนักงานขาย', 'L2', 'Senior', '2013-07-15 15:48:25', '2013-07-15 15:48:25');
INSERT INTO `dim_emp_position` VALUES ('53', '92', 'emp_code91', 'D3S08P01', 'พนักงานขาย', 'L2', 'Senior', '2013-07-15 15:48:25', '2013-07-15 15:48:25');
INSERT INTO `dim_emp_position` VALUES ('54', '93', 'emp_code92', 'D3S08P01', 'พนักงานขาย', 'L2', 'Senior', '2013-07-15 15:48:25', '2013-07-15 15:48:25');
INSERT INTO `dim_emp_position` VALUES ('55', '94', 'emp_code93', 'D3S08P01', 'พนักงานขาย', 'L2', 'Senior', '2013-07-15 15:48:25', '2013-07-15 15:48:25');
INSERT INTO `dim_emp_position` VALUES ('56', '95', 'emp_code94', 'D3S08P01', 'พนักงานขาย', 'L2', 'Senior', '2013-07-15 15:48:25', '2013-07-15 15:48:25');
INSERT INTO `dim_emp_position` VALUES ('57', '96', 'emp_code95', 'D3S08P01', 'พนักงานขาย', 'L2', 'Senior', '2013-07-15 15:48:25', '2013-07-15 15:48:25');
INSERT INTO `dim_emp_position` VALUES ('58', '97', 'emp_code96', 'D3S06P01', 'พนักงานการตลาด', 'L2', 'Senior', '2013-07-15 15:48:25', '2013-07-15 15:48:25');
INSERT INTO `dim_emp_position` VALUES ('59', '98', 'emp_code97', 'D3S06P01', 'พนักงานการตลาด', 'L2', 'Senior', '2013-07-15 15:48:25', '2013-07-15 15:48:25');
INSERT INTO `dim_emp_position` VALUES ('60', '99', 'emp_code98', 'D3S06P01', 'พนักงานการตลาด', 'L2', 'Senior', '2013-07-15 15:48:25', '2013-07-15 15:48:25');
INSERT INTO `dim_emp_position` VALUES ('61', '100', 'emp_code99', 'D3S06P01', 'พนักงานการตลาด', 'L2', 'Senior', '2013-07-15 15:48:25', '2013-07-15 15:48:25');
INSERT INTO `dim_emp_position` VALUES ('62', '2', 'emp_code10', 'D3S06P01', 'พนักงานการตลาด', 'L2', 'Senior', '2013-07-15 15:48:25', '2013-07-15 15:48:25');
INSERT INTO `dim_emp_position` VALUES ('63', '13', 'emp_code2', 'D1S01P02', 'สมุห์บัญชี', 'L3', 'Management', '2013-07-15 15:48:25', '2013-07-15 15:48:25');
INSERT INTO `dim_emp_position` VALUES ('64', '35', 'emp_code4', 'D1S01P04', 'ผู้ช่วยผู้จัดการแผนกบัญชี', 'L3', 'Management', '2013-07-15 15:48:25', '2013-07-15 15:48:25');
INSERT INTO `dim_emp_position` VALUES ('65', '46', 'emp_code5', 'D1S01P05', 'ผู้จัดการแผนกบัญชี', 'L3', 'Management', '2013-07-15 15:48:25', '2013-07-15 15:48:25');
INSERT INTO `dim_emp_position` VALUES ('66', '68', 'emp_code7', 'D1S03P02', 'ผู้ช่วยผู้จัดการแผนกการเงิน', 'L3', 'Management', '2013-07-15 15:48:25', '2013-07-15 15:48:25');
INSERT INTO `dim_emp_position` VALUES ('67', '79', 'emp_code8', 'D1S03P03', 'ผู้จัดการแผนกการเงิน', 'L3', 'Management', '2013-07-15 15:48:25', '2013-07-15 15:48:25');
INSERT INTO `dim_emp_position` VALUES ('68', '90', 'emp_code9', 'D1S03P04', 'พนักงานการเงินอาวุโส', 'L3', 'Management', '2013-07-15 15:48:25', '2013-07-15 15:48:25');
INSERT INTO `dim_emp_position` VALUES ('69', '5', 'emp_code12', 'D2S09P03', 'ผู้จัดการแผนกพัตนาระบบสารสนเทศ', 'L3', 'Management', '2013-07-15 15:48:25', '2013-07-15 15:48:25');
INSERT INTO `dim_emp_position` VALUES ('70', '6', 'emp_code13', 'D2S09P04', 'ผู้ช่วยผู้จัดการแผนกพัตนาระบบสารสนเทศ', 'L3', 'Management', '2013-07-15 15:48:25', '2013-07-15 15:48:25');
INSERT INTO `dim_emp_position` VALUES ('71', '10', 'emp_code17', 'D2S05P03', 'ผู้จัดการแผนกปฏิบัติการเทคโนโลยีสารสนเทศ', 'L3', 'Management', '2013-07-15 15:48:25', '2013-07-15 15:48:25');
INSERT INTO `dim_emp_position` VALUES ('72', '11', 'emp_code18', 'D2S05P04', 'ผู้ช่วยผู้จัดการแผนกปฏิบัติการเทคโนโลยีสารสนเทศ', 'L3', 'Management', '2013-07-15 15:48:25', '2013-07-15 15:48:25');
INSERT INTO `dim_emp_position` VALUES ('73', '14', 'emp_code20', 'D3S06P02', 'ผู้จัดการแผนกการตลาด', 'L3', 'Management', '2013-07-15 15:48:25', '2013-07-15 15:48:25');
INSERT INTO `dim_emp_position` VALUES ('74', '16', 'emp_code22', 'D3S06P04', 'ผู้ช่วยผู้จัดการแผนกการตลาด', 'L3', 'Management', '2013-07-15 15:48:25', '2013-07-15 15:48:25');
INSERT INTO `dim_emp_position` VALUES ('75', '18', 'emp_code24', 'D3S07P02', 'ผู้จัดการแผนกโฆษณา', 'L3', 'Management', '2013-07-15 15:48:25', '2013-07-15 15:48:25');
INSERT INTO `dim_emp_position` VALUES ('76', '19', 'emp_code25', 'D3S07P03', 'ผู้ช่วยผู้จัดการแผนกโฆษณา', 'L3', 'Management', '2013-07-15 15:48:25', '2013-07-15 15:48:25');
INSERT INTO `dim_emp_position` VALUES ('77', '22', 'emp_code28', 'D3S08P02', 'ผู้จัดการแผนกการขาย', 'L3', 'Management', '2013-07-15 15:48:25', '2013-07-15 15:48:25');
INSERT INTO `dim_emp_position` VALUES ('78', '23', 'emp_code29', 'D3S08P03', 'ผู้ช่วยผู้จัดการแผนกการขาย', 'L3', 'Management', '2013-07-15 15:48:25', '2013-07-15 15:48:25');
INSERT INTO `dim_emp_position` VALUES ('79', '25', 'emp_code30', 'D4S02P01', 'ผู้จัดการแผนกบริหารบุคลากรและค่าตอบแทน', 'L3', 'Management', '2013-07-15 15:48:25', '2013-07-15 15:48:25');
INSERT INTO `dim_emp_position` VALUES ('80', '26', 'emp_code31', 'D3S08P01', 'พนักงานขาย', 'L3', 'Management', '2013-07-15 15:48:25', '2013-07-15 15:48:25');
INSERT INTO `dim_emp_position` VALUES ('81', '30', 'emp_code35', 'D4S10P01', 'ผู้จัดการแผนกสรรหาบุคลากร', 'L3', 'Management', '2013-07-15 15:48:25', '2013-07-15 15:48:25');
INSERT INTO `dim_emp_position` VALUES ('82', '31', 'emp_code36', 'D3S08P01', 'พนักงานขาย', 'L3', 'Management', '2013-07-15 15:48:25', '2013-07-15 15:48:25');
INSERT INTO `dim_emp_position` VALUES ('83', '33', 'emp_code38', 'D5S04P01', 'ผู้จัดการธุรการ', 'L3', 'Management', '2013-07-15 15:48:25', '2013-07-15 15:48:25');
INSERT INTO `dim_emp_position` VALUES ('84', '36', 'emp_code40', 'D5S04P03', 'ผู้ช่วยผู้จัดการแผนกธุรการ', 'L3', 'Management', '2013-07-15 15:48:25', '2013-07-15 15:48:25');
INSERT INTO `dim_emp_position` VALUES ('85', '38', 'emp_code42', 'D5S11P02', 'ผู้จัดการแผนกนโยบายและแผนงาน', 'L3', 'Management', '2013-07-15 15:48:25', '2013-07-15 15:48:25');
INSERT INTO `dim_emp_position` VALUES ('86', '39', 'emp_code43', 'D5S11P03', 'ผุ้ช่วยผู้จัดการแผนกนโยบายและแผนงาน', 'L3', 'Management', '2013-07-15 15:48:25', '2013-07-15 15:48:25');
INSERT INTO `dim_emp_position` VALUES ('87', '40', 'emp_code44', 'D5S12P01', 'ผู้จัดการแผนกคลังและพัสดุ', 'L3', 'Management', '2013-07-15 15:48:25', '2013-07-15 15:48:25');
INSERT INTO `dim_emp_position` VALUES ('88', '41', 'emp_code45', 'D5S12P02', 'ผู้ช่วยผู้จัดการแผนกคลังและพัสดุ', 'L3', 'Management', '2013-07-15 15:48:25', '2013-07-15 15:48:25');
INSERT INTO `dim_emp_position` VALUES ('89', '51', 'emp_code54', 'D3S06P01', 'พนักงานการตลาด', 'L3', 'Management', '2013-07-15 15:48:25', '2013-07-15 15:48:25');
INSERT INTO `dim_emp_position` VALUES ('90', '54', 'emp_code57', 'D1S01P03', 'สมุห์บัญชี', 'L3', 'Management', '2013-07-15 15:48:25', '2013-07-15 15:48:25');
INSERT INTO `dim_emp_position` VALUES ('91', '29', 'emp_code34', 'D5000000', 'กรรมผู้จัดการ', 'L4', 'Executive', '2013-07-15 15:48:25', '2013-07-15 15:48:25');
INSERT INTO `dim_emp_position` VALUES ('92', '43', 'emp_code47', 'D1000001', 'ผู้จัดการฝ่ายบัญชีและการเงิน', 'L4', 'Executive', '2013-07-15 15:48:25', '2013-07-15 15:48:25');
INSERT INTO `dim_emp_position` VALUES ('93', '44', 'emp_code48', 'D1000002', 'ผู้ช่วยผู้จัดการฝ่ายบัญชีและการเงิน', 'L4', 'Executive', '2013-07-15 15:48:25', '2013-07-15 15:48:25');
INSERT INTO `dim_emp_position` VALUES ('94', '45', 'emp_code49', 'D2000001', 'ผู้จัดการฝ่ายเทคโนโลยีสารสนเทศ', 'L4', 'Executive', '2013-07-15 15:48:25', '2013-07-15 15:48:25');
INSERT INTO `dim_emp_position` VALUES ('95', '47', 'emp_code50', 'D2000002', 'ผู้ช่วยผู้จัดการฝ่ายเทคโนโลยีสารสนเทศ', 'L4', 'Executive', '2013-07-15 15:48:25', '2013-07-15 15:48:25');
INSERT INTO `dim_emp_position` VALUES ('96', '48', 'emp_code51', 'D3000001', 'ผู้จัดการฝ่ายขายและการตลาด', 'L4', 'Executive', '2013-07-15 15:48:25', '2013-07-15 15:48:25');
INSERT INTO `dim_emp_position` VALUES ('97', '49', 'emp_code52', 'D3000002', 'ผู้ช่วยผู้จัดการฝ่ายขายและการตลาด', 'L4', 'Executive', '2013-07-15 15:48:25', '2013-07-15 15:48:25');
INSERT INTO `dim_emp_position` VALUES ('98', '50', 'emp_code53', 'D4000001', 'ผู้จัดการฝ่ายทรัพยากรบุคคล', 'L4', 'Executive', '2013-07-15 15:48:25', '2013-07-15 15:48:25');
INSERT INTO `dim_emp_position` VALUES ('99', '52', 'emp_code55', 'D5000001', 'ผุ้จัดการฝ่ายบริหารและธุรการ', 'L4', 'Executive', '2013-07-15 15:48:25', '2013-07-15 15:48:25');
INSERT INTO `dim_emp_position` VALUES ('100', '53', 'emp_code56', 'D5000002', 'ผุ้ช่วยผุ้จัดการฝ่ายบริหารและธุรการ', 'L4', 'Executive', '2013-07-15 15:48:25', '2013-07-15 15:48:25');

-- ----------------------------
-- Table structure for `dim_month`
-- ----------------------------
DROP TABLE IF EXISTS `dim_month`;
CREATE TABLE `dim_month` (
  `month_key` int(11) NOT NULL AUTO_INCREMENT,
  `calendar_date` date DEFAULT NULL,
  `calendar_month_no` int(11) NOT NULL,
  `calendar_month_name` varchar(3) NOT NULL,
  `calendar_quarter` varchar(2) NOT NULL,
  `calendar_year` int(11) NOT NULL,
  `calendar_year_month` varchar(7) DEFAULT NULL,
  `created_dttm` datetime NOT NULL,
  `updated_dttm` datetime NOT NULL,
  PRIMARY KEY (`month_key`)
) ENGINE=InnoDB AUTO_INCREMENT=25 DEFAULT CHARSET=utf8;

-- ----------------------------
-- Records of dim_month
-- ----------------------------
INSERT INTO `dim_month` VALUES ('1', '2012-01-01', '1', 'Jan', 'Q1', '2012', '2012-01', '2013-07-04 12:57:07', '2013-07-04 12:57:07');
INSERT INTO `dim_month` VALUES ('2', '2012-02-01', '2', 'Feb', 'Q1', '2012', '2012-02', '2013-07-04 12:57:07', '2013-07-04 12:57:07');
INSERT INTO `dim_month` VALUES ('3', '2012-03-01', '3', 'Mar', 'Q1', '2012', '2012-03', '2013-07-04 12:57:07', '2013-07-04 12:57:07');
INSERT INTO `dim_month` VALUES ('4', '2012-04-01', '4', 'Apr', 'Q2', '2012', '2012-04', '2013-07-04 12:57:07', '2013-07-04 12:57:07');
INSERT INTO `dim_month` VALUES ('5', '2012-05-01', '5', 'May', 'Q2', '2012', '2012-05', '2013-07-04 12:57:07', '2013-07-04 12:57:07');
INSERT INTO `dim_month` VALUES ('6', '2012-06-01', '6', 'Jun', 'Q2', '2012', '2012-06', '2013-07-04 12:57:07', '2013-07-04 12:57:07');
INSERT INTO `dim_month` VALUES ('7', '2012-07-01', '7', 'Jul', 'Q3', '2012', '2012-07', '2013-07-04 12:57:07', '2013-07-04 12:57:07');
INSERT INTO `dim_month` VALUES ('8', '2012-08-01', '8', 'Aug', 'Q3', '2012', '2012-08', '2013-07-04 12:57:07', '2013-07-04 12:57:07');
INSERT INTO `dim_month` VALUES ('9', '2012-09-01', '9', 'Sep', 'Q3', '2012', '2012-09', '2013-07-04 12:57:07', '2013-07-04 12:57:07');
INSERT INTO `dim_month` VALUES ('10', '2012-10-01', '10', 'Oct', 'Q4', '2012', '2012-10', '2013-07-04 12:57:07', '2013-07-04 12:57:07');
INSERT INTO `dim_month` VALUES ('11', '2012-11-01', '11', 'Nov', 'Q4', '2012', '2012-11', '2013-07-04 12:57:07', '2013-07-04 12:57:07');
INSERT INTO `dim_month` VALUES ('12', '2012-12-01', '12', 'Dec', 'Q4', '2012', '2012-12', '2013-07-04 12:57:07', '2013-07-04 12:57:07');
INSERT INTO `dim_month` VALUES ('13', '2013-01-01', '1', 'Jan', 'Q1', '2013', '2013-01', '2013-07-04 12:57:07', '2013-07-04 12:57:07');
INSERT INTO `dim_month` VALUES ('14', '2013-02-01', '2', 'Feb', 'Q1', '2013', '2013-02', '2013-07-04 12:57:07', '2013-07-04 12:57:07');
INSERT INTO `dim_month` VALUES ('15', '2013-03-01', '3', 'Mar', 'Q1', '2013', '2013-03', '2013-07-04 12:57:07', '2013-07-04 12:57:07');
INSERT INTO `dim_month` VALUES ('16', '2013-04-01', '4', 'Apr', 'Q2', '2013', '2013-04', '2013-07-04 12:57:07', '2013-07-04 12:57:07');
INSERT INTO `dim_month` VALUES ('17', '2013-05-01', '5', 'May', 'Q2', '2013', '2013-05', '2013-07-04 12:57:07', '2013-07-04 12:57:07');
INSERT INTO `dim_month` VALUES ('18', '2013-06-01', '6', 'Jun', 'Q2', '2013', '2013-06', '2013-07-04 12:57:07', '2013-07-04 12:57:07');
INSERT INTO `dim_month` VALUES ('19', '2013-07-01', '7', 'Jul', 'Q3', '2013', '2013-07', '2013-07-04 12:57:07', '2013-07-04 12:57:07');
INSERT INTO `dim_month` VALUES ('20', '2013-08-01', '8', 'Aug', 'Q3', '2013', '2013-08', '2013-07-04 12:57:07', '2013-07-04 12:57:07');
INSERT INTO `dim_month` VALUES ('21', '2013-09-01', '9', 'Sep', 'Q3', '2013', '2013-09', '2013-07-04 12:57:07', '2013-07-04 12:57:07');
INSERT INTO `dim_month` VALUES ('22', '2013-10-01', '10', 'Oct', 'Q4', '2013', '2013-10', '2013-07-04 12:57:07', '2013-07-04 12:57:07');
INSERT INTO `dim_month` VALUES ('23', '2013-11-01', '11', 'Nov', 'Q4', '2013', '2013-11', '2013-07-04 12:57:07', '2013-07-04 12:57:07');
INSERT INTO `dim_month` VALUES ('24', '2013-12-01', '12', 'Dec', 'Q4', '2013', '2013-12', '2013-07-04 12:57:07', '2013-07-04 12:57:07');

-- ----------------------------
-- Table structure for `fact_hr_budget`
-- ----------------------------
DROP TABLE IF EXISTS `fact_hr_budget`;
CREATE TABLE `fact_hr_budget` (
  `department_key` int(11) NOT NULL,
  `month_key` int(11) NOT NULL,
  `budget_headcount` int(11) NOT NULL,
  `budget_salary` decimal(15,2) NOT NULL,
  `avg_salary` decimal(15,2) NOT NULL,
  `created_dttm` datetime NOT NULL,
  `updated_dttm` datetime NOT NULL,
  PRIMARY KEY (`department_key`,`month_key`)
) ENGINE=InnoDB DEFAULT CHARSET=utf8;

-- ----------------------------
-- Records of fact_hr_budget
-- ----------------------------
INSERT INTO `fact_hr_budget` VALUES ('1', '1', '11', '400000.00', '36363.64', '2013-07-15 15:54:12', '2013-07-15 15:54:12');
INSERT INTO `fact_hr_budget` VALUES ('1', '2', '11', '400000.00', '36363.64', '2013-07-15 15:54:12', '2013-07-15 15:54:12');
INSERT INTO `fact_hr_budget` VALUES ('1', '3', '11', '400000.00', '36363.64', '2013-07-15 15:54:12', '2013-07-15 15:54:12');
INSERT INTO `fact_hr_budget` VALUES ('1', '4', '11', '400000.00', '36363.64', '2013-07-15 15:54:12', '2013-07-15 15:54:12');
INSERT INTO `fact_hr_budget` VALUES ('1', '5', '11', '400000.00', '36363.64', '2013-07-15 15:54:12', '2013-07-15 15:54:12');
INSERT INTO `fact_hr_budget` VALUES ('1', '6', '11', '400000.00', '36363.64', '2013-07-15 15:54:12', '2013-07-15 15:54:12');
INSERT INTO `fact_hr_budget` VALUES ('1', '7', '12', '420000.00', '35000.00', '2013-07-15 15:54:12', '2013-07-15 15:54:12');
INSERT INTO `fact_hr_budget` VALUES ('1', '8', '12', '420000.00', '35000.00', '2013-07-15 15:54:12', '2013-07-15 15:54:12');
INSERT INTO `fact_hr_budget` VALUES ('1', '9', '12', '420000.00', '35000.00', '2013-07-15 15:54:12', '2013-07-15 15:54:12');
INSERT INTO `fact_hr_budget` VALUES ('1', '10', '12', '420000.00', '35000.00', '2013-07-15 15:54:12', '2013-07-15 15:54:12');
INSERT INTO `fact_hr_budget` VALUES ('1', '11', '12', '420000.00', '35000.00', '2013-07-15 15:54:12', '2013-07-15 15:54:12');
INSERT INTO `fact_hr_budget` VALUES ('1', '12', '12', '420000.00', '35000.00', '2013-07-15 15:54:12', '2013-07-15 15:54:12');
INSERT INTO `fact_hr_budget` VALUES ('1', '13', '10', '440000.00', '44000.00', '2013-07-15 15:54:12', '2013-07-15 15:54:12');
INSERT INTO `fact_hr_budget` VALUES ('1', '14', '10', '440000.00', '44000.00', '2013-07-15 15:54:12', '2013-07-15 15:54:12');
INSERT INTO `fact_hr_budget` VALUES ('1', '15', '10', '440000.00', '44000.00', '2013-07-15 15:54:12', '2013-07-15 15:54:12');
INSERT INTO `fact_hr_budget` VALUES ('1', '16', '10', '440000.00', '44000.00', '2013-07-15 15:54:12', '2013-07-15 15:54:12');
INSERT INTO `fact_hr_budget` VALUES ('1', '17', '10', '440000.00', '44000.00', '2013-07-15 15:54:12', '2013-07-15 15:54:12');
INSERT INTO `fact_hr_budget` VALUES ('1', '18', '10', '440000.00', '44000.00', '2013-07-15 15:54:12', '2013-07-15 15:54:12');
INSERT INTO `fact_hr_budget` VALUES ('1', '19', '10', '440000.00', '44000.00', '2013-07-15 15:54:12', '2013-07-15 15:54:12');
INSERT INTO `fact_hr_budget` VALUES ('1', '20', '10', '440000.00', '44000.00', '2013-07-15 15:54:12', '2013-07-15 15:54:12');
INSERT INTO `fact_hr_budget` VALUES ('1', '21', '10', '440000.00', '44000.00', '2013-07-15 15:54:12', '2013-07-15 15:54:12');
INSERT INTO `fact_hr_budget` VALUES ('1', '22', '10', '440000.00', '44000.00', '2013-07-15 15:54:12', '2013-07-15 15:54:12');
INSERT INTO `fact_hr_budget` VALUES ('1', '23', '10', '440000.00', '44000.00', '2013-07-15 15:54:12', '2013-07-15 15:54:12');
INSERT INTO `fact_hr_budget` VALUES ('1', '24', '10', '440000.00', '44000.00', '2013-07-15 15:54:12', '2013-07-15 15:54:12');
INSERT INTO `fact_hr_budget` VALUES ('2', '1', '10', '600000.00', '60000.00', '2013-07-15 15:54:12', '2013-07-15 15:54:12');
INSERT INTO `fact_hr_budget` VALUES ('2', '2', '10', '600000.00', '60000.00', '2013-07-15 15:54:12', '2013-07-15 15:54:12');
INSERT INTO `fact_hr_budget` VALUES ('2', '3', '10', '600000.00', '60000.00', '2013-07-15 15:54:12', '2013-07-15 15:54:12');
INSERT INTO `fact_hr_budget` VALUES ('2', '4', '10', '600000.00', '60000.00', '2013-07-15 15:54:12', '2013-07-15 15:54:12');
INSERT INTO `fact_hr_budget` VALUES ('2', '5', '10', '600000.00', '60000.00', '2013-07-15 15:54:12', '2013-07-15 15:54:12');
INSERT INTO `fact_hr_budget` VALUES ('2', '6', '10', '600000.00', '60000.00', '2013-07-15 15:54:12', '2013-07-15 15:54:12');
INSERT INTO `fact_hr_budget` VALUES ('2', '7', '10', '600000.00', '60000.00', '2013-07-15 15:54:12', '2013-07-15 15:54:12');
INSERT INTO `fact_hr_budget` VALUES ('2', '8', '10', '600000.00', '60000.00', '2013-07-15 15:54:12', '2013-07-15 15:54:12');
INSERT INTO `fact_hr_budget` VALUES ('2', '9', '10', '600000.00', '60000.00', '2013-07-15 15:54:12', '2013-07-15 15:54:12');
INSERT INTO `fact_hr_budget` VALUES ('2', '10', '10', '600000.00', '60000.00', '2013-07-15 15:54:12', '2013-07-15 15:54:12');
INSERT INTO `fact_hr_budget` VALUES ('2', '11', '10', '600000.00', '60000.00', '2013-07-15 15:54:12', '2013-07-15 15:54:12');
INSERT INTO `fact_hr_budget` VALUES ('2', '12', '10', '600000.00', '60000.00', '2013-07-15 15:54:12', '2013-07-15 15:54:12');
INSERT INTO `fact_hr_budget` VALUES ('2', '13', '10', '635000.00', '63500.00', '2013-07-15 15:54:12', '2013-07-15 15:54:12');
INSERT INTO `fact_hr_budget` VALUES ('2', '14', '10', '635000.00', '63500.00', '2013-07-15 15:54:12', '2013-07-15 15:54:12');
INSERT INTO `fact_hr_budget` VALUES ('2', '15', '10', '635000.00', '63500.00', '2013-07-15 15:54:12', '2013-07-15 15:54:12');
INSERT INTO `fact_hr_budget` VALUES ('2', '16', '10', '635000.00', '63500.00', '2013-07-15 15:54:12', '2013-07-15 15:54:12');
INSERT INTO `fact_hr_budget` VALUES ('2', '17', '10', '635000.00', '63500.00', '2013-07-15 15:54:12', '2013-07-15 15:54:12');
INSERT INTO `fact_hr_budget` VALUES ('2', '18', '10', '635000.00', '63500.00', '2013-07-15 15:54:12', '2013-07-15 15:54:12');
INSERT INTO `fact_hr_budget` VALUES ('2', '19', '10', '635000.00', '63500.00', '2013-07-15 15:54:12', '2013-07-15 15:54:12');
INSERT INTO `fact_hr_budget` VALUES ('2', '20', '10', '635000.00', '63500.00', '2013-07-15 15:54:12', '2013-07-15 15:54:12');
INSERT INTO `fact_hr_budget` VALUES ('2', '21', '10', '635000.00', '63500.00', '2013-07-15 15:54:12', '2013-07-15 15:54:12');
INSERT INTO `fact_hr_budget` VALUES ('2', '22', '10', '635000.00', '63500.00', '2013-07-15 15:54:12', '2013-07-15 15:54:12');
INSERT INTO `fact_hr_budget` VALUES ('2', '23', '10', '635000.00', '63500.00', '2013-07-15 15:54:12', '2013-07-15 15:54:12');
INSERT INTO `fact_hr_budget` VALUES ('2', '24', '10', '635000.00', '63500.00', '2013-07-15 15:54:12', '2013-07-15 15:54:12');
INSERT INTO `fact_hr_budget` VALUES ('3', '1', '12', '650000.00', '54166.67', '2013-07-15 15:54:12', '2013-07-15 15:54:12');
INSERT INTO `fact_hr_budget` VALUES ('3', '2', '12', '650000.00', '54166.67', '2013-07-15 15:54:12', '2013-07-15 15:54:12');
INSERT INTO `fact_hr_budget` VALUES ('3', '3', '12', '650000.00', '54166.67', '2013-07-15 15:54:12', '2013-07-15 15:54:12');
INSERT INTO `fact_hr_budget` VALUES ('3', '4', '12', '650000.00', '54166.67', '2013-07-15 15:54:12', '2013-07-15 15:54:12');
INSERT INTO `fact_hr_budget` VALUES ('3', '5', '12', '650000.00', '54166.67', '2013-07-15 15:54:12', '2013-07-15 15:54:12');
INSERT INTO `fact_hr_budget` VALUES ('3', '6', '12', '650000.00', '54166.67', '2013-07-15 15:54:12', '2013-07-15 15:54:12');
INSERT INTO `fact_hr_budget` VALUES ('3', '7', '14', '680000.00', '48571.43', '2013-07-15 15:54:12', '2013-07-15 15:54:12');
INSERT INTO `fact_hr_budget` VALUES ('3', '8', '14', '680000.00', '48571.43', '2013-07-15 15:54:12', '2013-07-15 15:54:12');
INSERT INTO `fact_hr_budget` VALUES ('3', '9', '14', '680000.00', '48571.43', '2013-07-15 15:54:12', '2013-07-15 15:54:12');
INSERT INTO `fact_hr_budget` VALUES ('3', '10', '14', '680000.00', '48571.43', '2013-07-15 15:54:12', '2013-07-15 15:54:12');
INSERT INTO `fact_hr_budget` VALUES ('3', '11', '14', '680000.00', '48571.43', '2013-07-15 15:54:12', '2013-07-15 15:54:12');
INSERT INTO `fact_hr_budget` VALUES ('3', '12', '14', '680000.00', '48571.43', '2013-07-15 15:54:12', '2013-07-15 15:54:12');
INSERT INTO `fact_hr_budget` VALUES ('3', '13', '14', '700000.00', '50000.00', '2013-07-15 15:54:12', '2013-07-15 15:54:12');
INSERT INTO `fact_hr_budget` VALUES ('3', '14', '14', '700000.00', '50000.00', '2013-07-15 15:54:12', '2013-07-15 15:54:12');
INSERT INTO `fact_hr_budget` VALUES ('3', '15', '14', '700000.00', '50000.00', '2013-07-15 15:54:12', '2013-07-15 15:54:12');
INSERT INTO `fact_hr_budget` VALUES ('3', '16', '14', '700000.00', '50000.00', '2013-07-15 15:54:12', '2013-07-15 15:54:12');
INSERT INTO `fact_hr_budget` VALUES ('3', '17', '14', '700000.00', '50000.00', '2013-07-15 15:54:12', '2013-07-15 15:54:12');
INSERT INTO `fact_hr_budget` VALUES ('3', '18', '14', '700000.00', '50000.00', '2013-07-15 15:54:12', '2013-07-15 15:54:12');
INSERT INTO `fact_hr_budget` VALUES ('3', '19', '14', '700000.00', '50000.00', '2013-07-15 15:54:12', '2013-07-15 15:54:12');
INSERT INTO `fact_hr_budget` VALUES ('3', '20', '14', '700000.00', '50000.00', '2013-07-15 15:54:12', '2013-07-15 15:54:12');
INSERT INTO `fact_hr_budget` VALUES ('3', '21', '14', '700000.00', '50000.00', '2013-07-15 15:54:12', '2013-07-15 15:54:12');
INSERT INTO `fact_hr_budget` VALUES ('3', '22', '14', '700000.00', '50000.00', '2013-07-15 15:54:12', '2013-07-15 15:54:12');
INSERT INTO `fact_hr_budget` VALUES ('3', '23', '14', '700000.00', '50000.00', '2013-07-15 15:54:12', '2013-07-15 15:54:12');
INSERT INTO `fact_hr_budget` VALUES ('3', '24', '14', '700000.00', '50000.00', '2013-07-15 15:54:12', '2013-07-15 15:54:12');
INSERT INTO `fact_hr_budget` VALUES ('4', '1', '6', '300000.00', '50000.00', '2013-07-15 15:54:12', '2013-07-15 15:54:12');
INSERT INTO `fact_hr_budget` VALUES ('4', '2', '6', '300000.00', '50000.00', '2013-07-15 15:54:12', '2013-07-15 15:54:12');
INSERT INTO `fact_hr_budget` VALUES ('4', '3', '6', '300000.00', '50000.00', '2013-07-15 15:54:12', '2013-07-15 15:54:12');
INSERT INTO `fact_hr_budget` VALUES ('4', '4', '6', '300000.00', '50000.00', '2013-07-15 15:54:12', '2013-07-15 15:54:12');
INSERT INTO `fact_hr_budget` VALUES ('4', '5', '6', '300000.00', '50000.00', '2013-07-15 15:54:12', '2013-07-15 15:54:12');
INSERT INTO `fact_hr_budget` VALUES ('4', '6', '6', '300000.00', '50000.00', '2013-07-15 15:54:12', '2013-07-15 15:54:12');
INSERT INTO `fact_hr_budget` VALUES ('4', '7', '6', '300000.00', '50000.00', '2013-07-15 15:54:12', '2013-07-15 15:54:12');
INSERT INTO `fact_hr_budget` VALUES ('4', '8', '6', '300000.00', '50000.00', '2013-07-15 15:54:12', '2013-07-15 15:54:12');
INSERT INTO `fact_hr_budget` VALUES ('4', '9', '6', '300000.00', '50000.00', '2013-07-15 15:54:12', '2013-07-15 15:54:12');
INSERT INTO `fact_hr_budget` VALUES ('4', '10', '6', '300000.00', '50000.00', '2013-07-15 15:54:12', '2013-07-15 15:54:12');
INSERT INTO `fact_hr_budget` VALUES ('4', '11', '6', '300000.00', '50000.00', '2013-07-15 15:54:12', '2013-07-15 15:54:12');
INSERT INTO `fact_hr_budget` VALUES ('4', '12', '6', '300000.00', '50000.00', '2013-07-15 15:54:12', '2013-07-15 15:54:12');
INSERT INTO `fact_hr_budget` VALUES ('4', '13', '5', '310000.00', '62000.00', '2013-07-15 15:54:12', '2013-07-15 15:54:12');
INSERT INTO `fact_hr_budget` VALUES ('4', '14', '5', '310000.00', '62000.00', '2013-07-15 15:54:12', '2013-07-15 15:54:12');
INSERT INTO `fact_hr_budget` VALUES ('4', '15', '5', '310000.00', '62000.00', '2013-07-15 15:54:12', '2013-07-15 15:54:12');
INSERT INTO `fact_hr_budget` VALUES ('4', '16', '5', '310000.00', '62000.00', '2013-07-15 15:54:12', '2013-07-15 15:54:12');
INSERT INTO `fact_hr_budget` VALUES ('4', '17', '5', '310000.00', '62000.00', '2013-07-15 15:54:12', '2013-07-15 15:54:12');
INSERT INTO `fact_hr_budget` VALUES ('4', '18', '5', '310000.00', '62000.00', '2013-07-15 15:54:12', '2013-07-15 15:54:12');
INSERT INTO `fact_hr_budget` VALUES ('4', '19', '5', '310000.00', '62000.00', '2013-07-15 15:54:12', '2013-07-15 15:54:12');
INSERT INTO `fact_hr_budget` VALUES ('4', '20', '5', '310000.00', '62000.00', '2013-07-15 15:54:12', '2013-07-15 15:54:12');
INSERT INTO `fact_hr_budget` VALUES ('4', '21', '5', '310000.00', '62000.00', '2013-07-15 15:54:12', '2013-07-15 15:54:12');
INSERT INTO `fact_hr_budget` VALUES ('4', '22', '5', '310000.00', '62000.00', '2013-07-15 15:54:12', '2013-07-15 15:54:12');
INSERT INTO `fact_hr_budget` VALUES ('4', '23', '5', '310000.00', '62000.00', '2013-07-15 15:54:12', '2013-07-15 15:54:12');
INSERT INTO `fact_hr_budget` VALUES ('4', '24', '5', '310000.00', '62000.00', '2013-07-15 15:54:12', '2013-07-15 15:54:12');
INSERT INTO `fact_hr_budget` VALUES ('5', '1', '7', '320000.00', '45714.29', '2013-07-15 15:54:12', '2013-07-15 15:54:12');
INSERT INTO `fact_hr_budget` VALUES ('5', '2', '7', '320000.00', '45714.29', '2013-07-15 15:54:12', '2013-07-15 15:54:12');
INSERT INTO `fact_hr_budget` VALUES ('5', '3', '7', '320000.00', '45714.29', '2013-07-15 15:54:12', '2013-07-15 15:54:12');
INSERT INTO `fact_hr_budget` VALUES ('5', '4', '7', '320000.00', '45714.29', '2013-07-15 15:54:12', '2013-07-15 15:54:12');
INSERT INTO `fact_hr_budget` VALUES ('5', '5', '7', '320000.00', '45714.29', '2013-07-15 15:54:12', '2013-07-15 15:54:12');
INSERT INTO `fact_hr_budget` VALUES ('5', '6', '7', '320000.00', '45714.29', '2013-07-15 15:54:12', '2013-07-15 15:54:12');
INSERT INTO `fact_hr_budget` VALUES ('5', '7', '8', '335000.00', '41875.00', '2013-07-15 15:54:12', '2013-07-15 15:54:12');
INSERT INTO `fact_hr_budget` VALUES ('5', '8', '8', '335000.00', '41875.00', '2013-07-15 15:54:12', '2013-07-15 15:54:12');
INSERT INTO `fact_hr_budget` VALUES ('5', '9', '8', '335000.00', '41875.00', '2013-07-15 15:54:12', '2013-07-15 15:54:12');
INSERT INTO `fact_hr_budget` VALUES ('5', '10', '8', '335000.00', '41875.00', '2013-07-15 15:54:12', '2013-07-15 15:54:12');
INSERT INTO `fact_hr_budget` VALUES ('5', '11', '8', '335000.00', '41875.00', '2013-07-15 15:54:12', '2013-07-15 15:54:12');
INSERT INTO `fact_hr_budget` VALUES ('5', '12', '8', '335000.00', '41875.00', '2013-07-15 15:54:12', '2013-07-15 15:54:12');
INSERT INTO `fact_hr_budget` VALUES ('5', '13', '6', '320000.00', '53333.33', '2013-07-15 15:54:12', '2013-07-15 15:54:12');
INSERT INTO `fact_hr_budget` VALUES ('5', '14', '6', '320000.00', '53333.33', '2013-07-15 15:54:12', '2013-07-15 15:54:12');
INSERT INTO `fact_hr_budget` VALUES ('5', '15', '6', '320000.00', '53333.33', '2013-07-15 15:54:12', '2013-07-15 15:54:12');
INSERT INTO `fact_hr_budget` VALUES ('5', '16', '6', '320000.00', '53333.33', '2013-07-15 15:54:12', '2013-07-15 15:54:12');
INSERT INTO `fact_hr_budget` VALUES ('5', '17', '6', '320000.00', '53333.33', '2013-07-15 15:54:12', '2013-07-15 15:54:12');
INSERT INTO `fact_hr_budget` VALUES ('5', '18', '6', '320000.00', '53333.33', '2013-07-15 15:54:12', '2013-07-15 15:54:12');
INSERT INTO `fact_hr_budget` VALUES ('5', '19', '6', '320000.00', '53333.33', '2013-07-15 15:54:12', '2013-07-15 15:54:12');
INSERT INTO `fact_hr_budget` VALUES ('5', '20', '6', '320000.00', '53333.33', '2013-07-15 15:54:12', '2013-07-15 15:54:12');
INSERT INTO `fact_hr_budget` VALUES ('5', '21', '6', '320000.00', '53333.33', '2013-07-15 15:54:12', '2013-07-15 15:54:12');
INSERT INTO `fact_hr_budget` VALUES ('5', '22', '6', '320000.00', '53333.33', '2013-07-15 15:54:12', '2013-07-15 15:54:12');
INSERT INTO `fact_hr_budget` VALUES ('5', '23', '6', '320000.00', '53333.33', '2013-07-15 15:54:12', '2013-07-15 15:54:12');
INSERT INTO `fact_hr_budget` VALUES ('5', '24', '6', '320000.00', '53333.33', '2013-07-15 15:54:12', '2013-07-15 15:54:12');

-- ----------------------------
-- Table structure for `fact_payroll`
-- ----------------------------
DROP TABLE IF EXISTS `fact_payroll`;
CREATE TABLE `fact_payroll` (
  `month_key` int(11) NOT NULL,
  `emp_key` int(11) NOT NULL,
  `salary_amount` decimal(15,2) NOT NULL,
  `overtime_amount` decimal(15,2) NOT NULL,
  `fuel_amount` decimal(15,2) NOT NULL,
  `phone_amount` decimal(15,2) NOT NULL,
  `deduct_amount` decimal(15,2) NOT NULL,
  `other_amount` decimal(15,2) NOT NULL,
  `net_income_amount` decimal(15,2) NOT NULL,
  `created_dttm` datetime NOT NULL,
  `updated_dttm` datetime NOT NULL,
  PRIMARY KEY (`month_key`,`emp_key`)
) ENGINE=InnoDB DEFAULT CHARSET=utf8;

-- ----------------------------
-- Records of fact_payroll
-- ----------------------------
INSERT INTO `fact_payroll` VALUES ('1', '1', '15000.00', '590.00', '500.00', '400.00', '100.00', '0.00', '16390.00', '2013-07-15 15:54:13', '2013-07-15 15:54:13');
INSERT INTO `fact_payroll` VALUES ('1', '2', '20000.00', '120.00', '340.00', '1320.00', '0.00', '0.00', '21780.00', '2013-07-15 15:54:13', '2013-07-15 15:54:13');
INSERT INTO `fact_payroll` VALUES ('1', '4', '22000.00', '2900.00', '0.00', '0.00', '0.00', '890.00', '25790.00', '2013-07-15 15:54:13', '2013-07-15 15:54:13');
INSERT INTO `fact_payroll` VALUES ('1', '5', '38000.00', '560.00', '0.00', '0.00', '0.00', '600.00', '39160.00', '2013-07-15 15:54:13', '2013-07-15 15:54:13');
INSERT INTO `fact_payroll` VALUES ('1', '6', '35000.00', '870.00', '0.00', '0.00', '0.00', '1480.00', '37350.00', '2013-07-15 15:54:13', '2013-07-15 15:54:13');
INSERT INTO `fact_payroll` VALUES ('1', '7', '19000.00', '340.00', '0.00', '0.00', '0.00', '350.00', '19690.00', '2013-07-15 15:54:13', '2013-07-15 15:54:13');
INSERT INTO `fact_payroll` VALUES ('1', '8', '19000.00', '650.00', '0.00', '0.00', '0.00', '0.00', '19650.00', '2013-07-15 15:54:13', '2013-07-15 15:54:13');
INSERT INTO `fact_payroll` VALUES ('1', '9', '19000.00', '280.00', '0.00', '390.00', '120.00', '0.00', '19550.00', '2013-07-15 15:54:13', '2013-07-15 15:54:13');
INSERT INTO `fact_payroll` VALUES ('1', '10', '35000.00', '900.00', '0.00', '870.00', '120.00', '0.00', '36650.00', '2013-07-15 15:54:13', '2013-07-15 15:54:13');
INSERT INTO `fact_payroll` VALUES ('1', '11', '38000.00', '890.00', '0.00', '865.00', '0.00', '0.00', '39755.00', '2013-07-15 15:54:13', '2013-07-15 15:54:13');
INSERT INTO `fact_payroll` VALUES ('1', '12', '19000.00', '640.00', '800.00', '956.00', '0.00', '0.00', '21396.00', '2013-07-15 15:54:13', '2013-07-15 15:54:13');
INSERT INTO `fact_payroll` VALUES ('1', '13', '22000.00', '480.00', '300.00', '890.00', '120.00', '0.00', '23550.00', '2013-07-15 15:54:13', '2013-07-15 15:54:13');
INSERT INTO `fact_payroll` VALUES ('1', '14', '38000.00', '590.00', '600.00', '956.00', '0.00', '0.00', '40146.00', '2013-07-15 15:54:13', '2013-07-15 15:54:13');
INSERT INTO `fact_payroll` VALUES ('1', '15', '9500.00', '480.00', '400.00', '1138.00', '0.00', '0.00', '11518.00', '2013-07-15 15:54:13', '2013-07-15 15:54:13');
INSERT INTO `fact_payroll` VALUES ('1', '16', '35000.00', '340.00', '980.00', '1229.00', '0.00', '0.00', '37549.00', '2013-07-15 15:54:13', '2013-07-15 15:54:13');
INSERT INTO `fact_payroll` VALUES ('1', '17', '15000.00', '0.00', '0.00', '0.00', '0.00', '0.00', '15000.00', '2013-07-15 15:54:13', '2013-07-15 15:54:13');
INSERT INTO `fact_payroll` VALUES ('1', '18', '36000.00', '0.00', '0.00', '0.00', '0.00', '0.00', '36000.00', '2013-07-15 15:54:13', '2013-07-15 15:54:13');
INSERT INTO `fact_payroll` VALUES ('1', '19', '35000.00', '0.00', '0.00', '0.00', '0.00', '0.00', '35000.00', '2013-07-15 15:54:13', '2013-07-15 15:54:13');
INSERT INTO `fact_payroll` VALUES ('1', '20', '15000.00', '690.00', '0.00', '0.00', '0.00', '0.00', '15690.00', '2013-07-15 15:54:13', '2013-07-15 15:54:13');
INSERT INTO `fact_payroll` VALUES ('1', '21', '19000.00', '340.00', '0.00', '1047.00', '0.00', '0.00', '20387.00', '2013-07-15 15:54:13', '2013-07-15 15:54:13');
INSERT INTO `fact_payroll` VALUES ('1', '22', '37000.00', '890.00', '0.00', '0.00', '0.00', '760.00', '38650.00', '2013-07-15 15:54:13', '2013-07-15 15:54:13');
INSERT INTO `fact_payroll` VALUES ('1', '23', '35000.00', '590.00', '0.00', '0.00', '0.00', '789.00', '36379.00', '2013-07-15 15:54:13', '2013-07-15 15:54:13');
INSERT INTO `fact_payroll` VALUES ('1', '24', '19000.00', '340.00', '450.00', '390.00', '0.00', '70.00', '20250.00', '2013-07-15 15:54:13', '2013-07-15 15:54:13');
INSERT INTO `fact_payroll` VALUES ('1', '25', '38000.00', '480.00', '0.00', '0.00', '0.00', '0.00', '38480.00', '2013-07-15 15:54:13', '2013-07-15 15:54:13');
INSERT INTO `fact_payroll` VALUES ('1', '26', '35000.00', '340.00', '0.00', '0.00', '0.00', '100.00', '35440.00', '2013-07-15 15:54:13', '2013-07-15 15:54:13');
INSERT INTO `fact_payroll` VALUES ('1', '27', '19500.00', '0.00', '0.00', '0.00', '0.00', '900.00', '20400.00', '2013-07-15 15:54:13', '2013-07-15 15:54:13');
INSERT INTO `fact_payroll` VALUES ('1', '28', '15000.00', '0.00', '0.00', '1138.00', '0.00', '0.00', '16138.00', '2013-07-15 15:54:13', '2013-07-15 15:54:13');
INSERT INTO `fact_payroll` VALUES ('1', '29', '150000.00', '0.00', '0.00', '228.00', '0.00', '0.00', '150228.00', '2013-07-15 15:54:13', '2013-07-15 15:54:13');
INSERT INTO `fact_payroll` VALUES ('1', '30', '36000.00', '690.00', '0.00', '319.00', '0.00', '0.00', '37009.00', '2013-07-15 15:54:13', '2013-07-15 15:54:13');
INSERT INTO `fact_payroll` VALUES ('1', '31', '34000.00', '340.00', '0.00', '410.00', '0.00', '0.00', '34750.00', '2013-07-15 15:54:13', '2013-07-15 15:54:13');
INSERT INTO `fact_payroll` VALUES ('1', '32', '16000.00', '890.00', '0.00', '501.00', '0.00', '0.00', '17391.00', '2013-07-15 15:54:13', '2013-07-15 15:54:13');
INSERT INTO `fact_payroll` VALUES ('1', '33', '36000.00', '120.00', '0.00', '592.00', '0.00', '0.00', '36712.00', '2013-07-15 15:54:13', '2013-07-15 15:54:13');
INSERT INTO `fact_payroll` VALUES ('1', '34', '10000.00', '2900.00', '0.00', '683.00', '0.00', '0.00', '13583.00', '2013-07-15 15:54:13', '2013-07-15 15:54:13');
INSERT INTO `fact_payroll` VALUES ('1', '35', '22000.00', '0.00', '1000.00', '870.00', '0.00', '0.00', '23870.00', '2013-07-15 15:54:13', '2013-07-15 15:54:13');
INSERT INTO `fact_payroll` VALUES ('1', '36', '34000.00', '560.00', '0.00', '774.00', '0.00', '0.00', '35334.00', '2013-07-15 15:54:13', '2013-07-15 15:54:13');
INSERT INTO `fact_payroll` VALUES ('1', '37', '22000.00', '870.00', '0.00', '865.00', '0.00', '70.00', '23805.00', '2013-07-15 15:54:13', '2013-07-15 15:54:13');
INSERT INTO `fact_payroll` VALUES ('1', '38', '35000.00', '340.00', '0.00', '956.00', '0.00', '0.00', '36296.00', '2013-07-15 15:54:13', '2013-07-15 15:54:13');
INSERT INTO `fact_payroll` VALUES ('1', '39', '30000.00', '650.00', '800.00', '1047.00', '0.00', '300.00', '32797.00', '2013-07-15 15:54:13', '2013-07-15 15:54:13');
INSERT INTO `fact_payroll` VALUES ('1', '40', '34000.00', '280.00', '1500.00', '1138.00', '0.00', '790.00', '37708.00', '2013-07-15 15:54:13', '2013-07-15 15:54:13');
INSERT INTO `fact_payroll` VALUES ('1', '41', '30000.00', '900.00', '0.00', '1229.00', '0.00', '900.00', '33029.00', '2013-07-15 15:54:13', '2013-07-15 15:54:13');
INSERT INTO `fact_payroll` VALUES ('1', '42', '11000.00', '890.00', '0.00', '1320.00', '0.00', '0.00', '13210.00', '2013-07-15 15:54:13', '2013-07-15 15:54:13');
INSERT INTO `fact_payroll` VALUES ('1', '43', '85000.00', '640.00', '0.00', '780.00', '0.00', '0.00', '86420.00', '2013-07-15 15:54:13', '2013-07-15 15:54:13');
INSERT INTO `fact_payroll` VALUES ('1', '44', '80000.00', '120.00', '800.00', '456.00', '0.00', '0.00', '81376.00', '2013-07-15 15:54:13', '2013-07-15 15:54:13');
INSERT INTO `fact_payroll` VALUES ('1', '45', '93000.00', '2900.00', '900.00', '765.00', '0.00', '890.00', '98455.00', '2013-07-15 15:54:13', '2013-07-15 15:54:13');
INSERT INTO `fact_payroll` VALUES ('1', '46', '35000.00', '0.00', '120.00', '865.00', '0.00', '300.00', '36285.00', '2013-07-15 15:54:13', '2013-07-15 15:54:13');
INSERT INTO `fact_payroll` VALUES ('1', '47', '80000.00', '560.00', '609.00', '356.00', '0.00', '600.00', '82125.00', '2013-07-15 15:54:13', '2013-07-15 15:54:13');
INSERT INTO `fact_payroll` VALUES ('1', '48', '94000.00', '870.00', '890.00', '568.00', '0.00', '1480.00', '97808.00', '2013-07-15 15:54:13', '2013-07-15 15:54:13');
INSERT INTO `fact_payroll` VALUES ('1', '49', '87000.00', '340.00', '0.00', '657.00', '0.00', '350.00', '88347.00', '2013-07-15 15:54:13', '2013-07-15 15:54:13');
INSERT INTO `fact_payroll` VALUES ('1', '50', '80000.00', '650.00', '0.00', '0.00', '0.00', '0.00', '80650.00', '2013-07-15 15:54:13', '2013-07-15 15:54:13');
INSERT INTO `fact_payroll` VALUES ('1', '51', '80000.00', '280.00', '0.00', '0.00', '0.00', '0.00', '80280.00', '2013-07-15 15:54:13', '2013-07-15 15:54:13');
INSERT INTO `fact_payroll` VALUES ('1', '52', '90000.00', '900.00', '0.00', '0.00', '0.00', '0.00', '90900.00', '2013-07-15 15:54:13', '2013-07-15 15:54:13');
INSERT INTO `fact_payroll` VALUES ('1', '53', '90000.00', '890.00', '0.00', '445.60', '0.00', '0.00', '91336.00', '2013-07-15 15:54:13', '2013-07-15 15:54:13');
INSERT INTO `fact_payroll` VALUES ('1', '57', '19000.00', '0.00', '1200.00', '956.00', '0.00', '790.00', '21946.00', '2013-07-15 15:54:13', '2013-07-15 15:54:13');
INSERT INTO `fact_payroll` VALUES ('1', '68', '30000.00', '690.00', '0.00', '1047.00', '0.00', '900.00', '32637.00', '2013-07-15 15:54:13', '2013-07-15 15:54:13');
INSERT INTO `fact_payroll` VALUES ('1', '79', '35000.00', '340.00', '0.00', '1138.00', '0.00', '0.00', '36478.00', '2013-07-15 15:54:13', '2013-07-15 15:54:13');
INSERT INTO `fact_payroll` VALUES ('1', '90', '35000.00', '890.00', '0.00', '1229.00', '0.00', '0.00', '37119.00', '2013-07-15 15:54:13', '2013-07-15 15:54:13');
INSERT INTO `fact_payroll` VALUES ('2', '1', '15000.00', '0.00', '0.00', '436.80', '0.00', '0.00', '15437.00', '2013-07-15 15:54:13', '2013-07-15 15:54:13');
INSERT INTO `fact_payroll` VALUES ('2', '2', '20000.00', '340.00', '0.00', '1047.00', '0.00', '900.00', '22287.00', '2013-07-15 15:54:13', '2013-07-15 15:54:13');
INSERT INTO `fact_payroll` VALUES ('2', '4', '22000.00', '650.00', '0.00', '1138.00', '0.00', '0.00', '23788.00', '2013-07-15 15:54:13', '2013-07-15 15:54:13');
INSERT INTO `fact_payroll` VALUES ('2', '5', '38000.00', '280.00', '0.00', '1229.00', '0.00', '0.00', '39509.00', '2013-07-15 15:54:13', '2013-07-15 15:54:13');
INSERT INTO `fact_payroll` VALUES ('2', '6', '35000.00', '900.00', '0.00', '0.00', '0.00', '0.00', '35900.00', '2013-07-15 15:54:13', '2013-07-15 15:54:13');
INSERT INTO `fact_payroll` VALUES ('2', '7', '19000.00', '890.00', '0.00', '0.00', '0.00', '0.00', '19890.00', '2013-07-15 15:54:13', '2013-07-15 15:54:13');
INSERT INTO `fact_payroll` VALUES ('2', '8', '19000.00', '640.00', '0.00', '0.00', '0.00', '0.00', '19640.00', '2013-07-15 15:54:13', '2013-07-15 15:54:13');
INSERT INTO `fact_payroll` VALUES ('2', '9', '19000.00', '590.00', '0.00', '0.00', '0.00', '0.00', '19590.00', '2013-07-15 15:54:13', '2013-07-15 15:54:13');
INSERT INTO `fact_payroll` VALUES ('2', '10', '35000.00', '480.00', '0.00', '1047.00', '0.00', '0.00', '36527.00', '2013-07-15 15:54:13', '2013-07-15 15:54:13');
INSERT INTO `fact_payroll` VALUES ('2', '11', '38000.00', '340.00', '0.00', '0.00', '0.00', '89.00', '38429.00', '2013-07-15 15:54:13', '2013-07-15 15:54:13');
INSERT INTO `fact_payroll` VALUES ('2', '12', '19000.00', '0.00', '0.00', '0.00', '0.00', '90.00', '19090.00', '2013-07-15 15:54:13', '2013-07-15 15:54:13');
INSERT INTO `fact_payroll` VALUES ('2', '13', '22000.00', '0.00', '0.00', '436.80', '0.00', '0.00', '22437.00', '2013-07-15 15:54:13', '2013-07-15 15:54:13');
INSERT INTO `fact_payroll` VALUES ('2', '14', '38000.00', '0.00', '0.00', '0.00', '0.00', '68.00', '38068.00', '2013-07-15 15:54:13', '2013-07-15 15:54:13');
INSERT INTO `fact_payroll` VALUES ('2', '15', '9500.00', '0.00', '0.00', '0.00', '0.00', '580.00', '10080.00', '2013-07-15 15:54:13', '2013-07-15 15:54:13');
INSERT INTO `fact_payroll` VALUES ('2', '16', '35000.00', '340.00', '0.00', '0.00', '0.00', '0.00', '35340.00', '2013-07-15 15:54:13', '2013-07-15 15:54:13');
INSERT INTO `fact_payroll` VALUES ('2', '17', '15000.00', '650.00', '0.00', '1138.00', '0.00', '0.00', '16788.00', '2013-07-15 15:54:13', '2013-07-15 15:54:13');
INSERT INTO `fact_payroll` VALUES ('2', '18', '36000.00', '280.00', '0.00', '228.00', '100.00', '70.00', '36478.00', '2013-07-15 15:54:13', '2013-07-15 15:54:13');
INSERT INTO `fact_payroll` VALUES ('2', '19', '35000.00', '900.00', '0.00', '319.00', '120.00', '0.00', '36099.00', '2013-07-15 15:54:13', '2013-07-15 15:54:13');
INSERT INTO `fact_payroll` VALUES ('2', '20', '15000.00', '890.00', '0.00', '410.00', '0.00', '300.00', '16600.00', '2013-07-15 15:54:13', '2013-07-15 15:54:13');
INSERT INTO `fact_payroll` VALUES ('2', '21', '19000.00', '640.00', '690.00', '501.00', '0.00', '790.00', '21621.00', '2013-07-15 15:54:13', '2013-07-15 15:54:13');
INSERT INTO `fact_payroll` VALUES ('2', '22', '37000.00', '590.00', '340.00', '592.00', '0.00', '900.00', '39422.00', '2013-07-15 15:54:13', '2013-07-15 15:54:13');
INSERT INTO `fact_payroll` VALUES ('2', '23', '35000.00', '480.00', '890.00', '683.00', '0.00', '0.00', '37053.00', '2013-07-15 15:54:13', '2013-07-15 15:54:13');
INSERT INTO `fact_payroll` VALUES ('2', '24', '19000.00', '120.00', '0.00', '436.80', '0.00', '0.00', '19557.00', '2013-07-15 15:54:13', '2013-07-15 15:54:13');
INSERT INTO `fact_payroll` VALUES ('2', '25', '38000.00', '340.00', '590.00', '0.00', '0.00', '0.00', '38930.00', '2013-07-15 15:54:13', '2013-07-15 15:54:13');
INSERT INTO `fact_payroll` VALUES ('2', '26', '35000.00', '0.00', '480.00', '0.00', '0.00', '0.00', '35480.00', '2013-07-15 15:54:13', '2013-07-15 15:54:13');
INSERT INTO `fact_payroll` VALUES ('2', '27', '19500.00', '0.00', '340.00', '0.00', '0.00', '890.00', '20730.00', '2013-07-15 15:54:13', '2013-07-15 15:54:13');
INSERT INTO `fact_payroll` VALUES ('2', '28', '15000.00', '0.00', '0.00', '0.00', '0.00', '600.00', '15600.00', '2013-07-15 15:54:13', '2013-07-15 15:54:13');
INSERT INTO `fact_payroll` VALUES ('2', '29', '150000.00', '650.00', '0.00', '0.00', '0.00', '1480.00', '152130.00', '2013-07-15 15:54:13', '2013-07-15 15:54:13');
INSERT INTO `fact_payroll` VALUES ('2', '30', '36000.00', '280.00', '0.00', '0.00', '0.00', '350.00', '36630.00', '2013-07-15 15:54:13', '2013-07-15 15:54:13');
INSERT INTO `fact_payroll` VALUES ('2', '31', '34000.00', '900.00', '690.00', '0.00', '0.00', '0.00', '35590.00', '2013-07-15 15:54:13', '2013-07-15 15:54:13');
INSERT INTO `fact_payroll` VALUES ('2', '32', '16000.00', '890.00', '340.00', '0.00', '0.00', '0.00', '17230.00', '2013-07-15 15:54:13', '2013-07-15 15:54:13');
INSERT INTO `fact_payroll` VALUES ('2', '33', '36000.00', '640.00', '890.00', '0.00', '0.00', '0.00', '37530.00', '2013-07-15 15:54:13', '2013-07-15 15:54:13');
INSERT INTO `fact_payroll` VALUES ('2', '34', '10000.00', '120.00', '120.00', '0.00', '120.00', '0.00', '10120.00', '2013-07-15 15:54:13', '2013-07-15 15:54:13');
INSERT INTO `fact_payroll` VALUES ('2', '35', '22000.00', '340.00', '0.00', '501.00', '0.00', '0.00', '22841.00', '2013-07-15 15:54:13', '2013-07-15 15:54:13');
INSERT INTO `fact_payroll` VALUES ('2', '36', '34000.00', '2900.00', '2900.00', '0.00', '120.00', '0.00', '39680.00', '2013-07-15 15:54:13', '2013-07-15 15:54:13');
INSERT INTO `fact_payroll` VALUES ('2', '37', '22000.00', '560.00', '560.00', '0.00', '0.00', '0.00', '23120.00', '2013-07-15 15:54:13', '2013-07-15 15:54:13');
INSERT INTO `fact_payroll` VALUES ('2', '38', '35000.00', '870.00', '870.00', '657.00', '0.00', '0.00', '37397.00', '2013-07-15 15:54:13', '2013-07-15 15:54:13');
INSERT INTO `fact_payroll` VALUES ('2', '39', '30000.00', '340.00', '340.00', '0.00', '0.00', '0.00', '30680.00', '2013-07-15 15:54:13', '2013-07-15 15:54:13');
INSERT INTO `fact_payroll` VALUES ('2', '40', '34000.00', '890.00', '650.00', '0.00', '0.00', '0.00', '35540.00', '2013-07-15 15:54:13', '2013-07-15 15:54:13');
INSERT INTO `fact_payroll` VALUES ('2', '41', '30000.00', '120.00', '280.00', '0.00', '0.00', '0.00', '30400.00', '2013-07-15 15:54:13', '2013-07-15 15:54:13');
INSERT INTO `fact_payroll` VALUES ('2', '42', '11000.00', '2900.00', '900.00', '445.60', '0.00', '0.00', '15246.00', '2013-07-15 15:54:13', '2013-07-15 15:54:13');
INSERT INTO `fact_payroll` VALUES ('2', '43', '85000.00', '560.00', '0.00', '443.40', '0.00', '0.00', '86003.00', '2013-07-15 15:54:13', '2013-07-15 15:54:13');
INSERT INTO `fact_payroll` VALUES ('2', '44', '80000.00', '870.00', '100.00', '441.20', '0.00', '0.00', '81411.00', '2013-07-15 15:54:13', '2013-07-15 15:54:13');
INSERT INTO `fact_payroll` VALUES ('2', '45', '93000.00', '340.00', '120.00', '439.00', '0.00', '760.00', '94659.00', '2013-07-15 15:54:13', '2013-07-15 15:54:13');
INSERT INTO `fact_payroll` VALUES ('2', '46', '35000.00', '890.00', '0.00', '592.00', '0.00', '0.00', '36482.00', '2013-07-15 15:54:13', '2013-07-15 15:54:13');
INSERT INTO `fact_payroll` VALUES ('2', '47', '80000.00', '650.00', '0.00', '436.80', '0.00', '789.00', '81876.00', '2013-07-15 15:54:13', '2013-07-15 15:54:13');
INSERT INTO `fact_payroll` VALUES ('2', '48', '94000.00', '280.00', '0.00', '434.60', '0.00', '0.00', '94715.00', '2013-07-15 15:54:13', '2013-07-15 15:54:13');
INSERT INTO `fact_payroll` VALUES ('2', '49', '87000.00', '900.00', '0.00', '319.00', '0.00', '100.00', '88319.00', '2013-07-15 15:54:13', '2013-07-15 15:54:13');
INSERT INTO `fact_payroll` VALUES ('2', '50', '80000.00', '890.00', '0.00', '410.00', '0.00', '900.00', '82200.00', '2013-07-15 15:54:13', '2013-07-15 15:54:13');
INSERT INTO `fact_payroll` VALUES ('2', '51', '80000.00', '640.00', '0.00', '501.00', '0.00', '0.00', '81141.00', '2013-07-15 15:54:13', '2013-07-15 15:54:13');
INSERT INTO `fact_payroll` VALUES ('2', '52', '90000.00', '590.00', '0.00', '592.00', '0.00', '0.00', '91182.00', '2013-07-15 15:54:13', '2013-07-15 15:54:13');
INSERT INTO `fact_payroll` VALUES ('2', '53', '90000.00', '480.00', '0.00', '683.00', '0.00', '0.00', '91163.00', '2013-07-15 15:54:13', '2013-07-15 15:54:13');
INSERT INTO `fact_payroll` VALUES ('2', '57', '19000.00', '120.00', '800.00', '683.00', '90.00', '760.00', '21273.00', '2013-07-15 15:54:13', '2013-07-15 15:54:13');
INSERT INTO `fact_payroll` VALUES ('2', '68', '30000.00', '2900.00', '600.00', '774.00', '35.00', '789.00', '35028.00', '2013-07-15 15:54:13', '2013-07-15 15:54:13');
INSERT INTO `fact_payroll` VALUES ('2', '79', '35000.00', '560.00', '1200.00', '865.00', '67.00', '0.00', '37558.00', '2013-07-15 15:54:13', '2013-07-15 15:54:13');
INSERT INTO `fact_payroll` VALUES ('2', '90', '35000.00', '870.00', '890.00', '956.00', '0.00', '100.00', '37816.00', '2013-07-15 15:54:13', '2013-07-15 15:54:13');
INSERT INTO `fact_payroll` VALUES ('3', '1', '15000.00', '340.00', '0.00', '1138.00', '0.00', '0.00', '16478.00', '2013-07-15 15:54:13', '2013-07-15 15:54:13');
INSERT INTO `fact_payroll` VALUES ('3', '2', '20000.00', '0.00', '956.00', '0.00', '0.00', '890.00', '21846.00', '2013-07-15 15:54:13', '2013-07-15 15:54:13');
INSERT INTO `fact_payroll` VALUES ('3', '4', '22000.00', '0.00', '1138.00', '1138.00', '0.00', '600.00', '24876.00', '2013-07-15 15:54:13', '2013-07-15 15:54:13');
INSERT INTO `fact_payroll` VALUES ('3', '5', '38000.00', '0.00', '1229.00', '228.00', '0.00', '1480.00', '40937.00', '2013-07-15 15:54:13', '2013-07-15 15:54:13');
INSERT INTO `fact_payroll` VALUES ('3', '6', '35000.00', '650.00', '0.00', '319.00', '0.00', '350.00', '36319.00', '2013-07-15 15:54:13', '2013-07-15 15:54:13');
INSERT INTO `fact_payroll` VALUES ('3', '7', '19000.00', '280.00', '0.00', '410.00', '0.00', '0.00', '19690.00', '2013-07-15 15:54:13', '2013-07-15 15:54:13');
INSERT INTO `fact_payroll` VALUES ('3', '8', '19000.00', '900.00', '0.00', '501.00', '0.00', '0.00', '20401.00', '2013-07-15 15:54:13', '2013-07-15 15:54:13');
INSERT INTO `fact_payroll` VALUES ('3', '9', '19000.00', '890.00', '0.00', '592.00', '0.00', '0.00', '20482.00', '2013-07-15 15:54:13', '2013-07-15 15:54:13');
INSERT INTO `fact_payroll` VALUES ('3', '10', '35000.00', '640.00', '1047.00', '683.00', '0.00', '0.00', '37370.00', '2013-07-15 15:54:13', '2013-07-15 15:54:13');
INSERT INTO `fact_payroll` VALUES ('3', '11', '38000.00', '120.00', '0.00', '774.00', '0.00', '0.00', '38894.00', '2013-07-15 15:54:13', '2013-07-15 15:54:13');
INSERT INTO `fact_payroll` VALUES ('3', '12', '19000.00', '2900.00', '0.00', '865.00', '0.00', '0.00', '22765.00', '2013-07-15 15:54:13', '2013-07-15 15:54:13');
INSERT INTO `fact_payroll` VALUES ('3', '13', '22000.00', '650.00', '0.00', '1229.00', '0.00', '70.00', '23949.00', '2013-07-15 15:54:13', '2013-07-15 15:54:13');
INSERT INTO `fact_payroll` VALUES ('3', '14', '38000.00', '560.00', '0.00', '956.00', '0.00', '0.00', '39516.00', '2013-07-15 15:54:13', '2013-07-15 15:54:13');
INSERT INTO `fact_payroll` VALUES ('3', '15', '9500.00', '870.00', '0.00', '1047.00', '0.00', '0.00', '11417.00', '2013-07-15 15:54:13', '2013-07-15 15:54:13');
INSERT INTO `fact_payroll` VALUES ('3', '16', '35000.00', '340.00', '0.00', '1138.00', '0.00', '0.00', '36478.00', '2013-07-15 15:54:13', '2013-07-15 15:54:13');
INSERT INTO `fact_payroll` VALUES ('3', '17', '15000.00', '650.00', '1138.00', '1229.00', '0.00', '0.00', '18017.00', '2013-07-15 15:54:13', '2013-07-15 15:54:13');
INSERT INTO `fact_payroll` VALUES ('3', '18', '36000.00', '0.00', '228.00', '1320.00', '0.00', '0.00', '37548.00', '2013-07-15 15:54:13', '2013-07-15 15:54:13');
INSERT INTO `fact_payroll` VALUES ('3', '19', '35000.00', '0.00', '319.00', '780.00', '0.00', '0.00', '36099.00', '2013-07-15 15:54:13', '2013-07-15 15:54:13');
INSERT INTO `fact_payroll` VALUES ('3', '20', '15000.00', '0.00', '410.00', '456.00', '0.00', '0.00', '15866.00', '2013-07-15 15:54:13', '2013-07-15 15:54:13');
INSERT INTO `fact_payroll` VALUES ('3', '21', '19000.00', '0.00', '501.00', '765.00', '0.00', '760.00', '21026.00', '2013-07-15 15:54:13', '2013-07-15 15:54:13');
INSERT INTO `fact_payroll` VALUES ('3', '22', '37000.00', '0.00', '592.00', '356.00', '0.00', '789.00', '38737.00', '2013-07-15 15:54:13', '2013-07-15 15:54:13');
INSERT INTO `fact_payroll` VALUES ('3', '23', '35000.00', '0.00', '683.00', '568.00', '90.00', '0.00', '36161.00', '2013-07-15 15:54:13', '2013-07-15 15:54:13');
INSERT INTO `fact_payroll` VALUES ('3', '24', '19000.00', '280.00', '120.00', '0.00', '0.00', '0.00', '19400.00', '2013-07-15 15:54:13', '2013-07-15 15:54:13');
INSERT INTO `fact_payroll` VALUES ('3', '25', '38000.00', '0.00', '774.00', '657.00', '35.00', '100.00', '39496.00', '2013-07-15 15:54:13', '2013-07-15 15:54:13');
INSERT INTO `fact_payroll` VALUES ('3', '26', '35000.00', '590.00', '865.00', '0.00', '67.00', '900.00', '37288.00', '2013-07-15 15:54:13', '2013-07-15 15:54:13');
INSERT INTO `fact_payroll` VALUES ('3', '27', '19500.00', '480.00', '956.00', '0.00', '0.00', '0.00', '20936.00', '2013-07-15 15:54:13', '2013-07-15 15:54:13');
INSERT INTO `fact_payroll` VALUES ('3', '28', '15000.00', '340.00', '1047.00', '0.00', '0.00', '0.00', '16387.00', '2013-07-15 15:54:13', '2013-07-15 15:54:13');
INSERT INTO `fact_payroll` VALUES ('3', '29', '150000.00', '0.00', '1138.00', '445.60', '0.00', '0.00', '151584.00', '2013-07-15 15:54:13', '2013-07-15 15:54:13');
INSERT INTO `fact_payroll` VALUES ('3', '30', '36000.00', '0.00', '1229.00', '443.40', '0.00', '0.00', '37672.00', '2013-07-15 15:54:13', '2013-07-15 15:54:13');
INSERT INTO `fact_payroll` VALUES ('3', '31', '34000.00', '0.00', '1320.00', '441.20', '0.00', '0.00', '35761.00', '2013-07-15 15:54:13', '2013-07-15 15:54:13');
INSERT INTO `fact_payroll` VALUES ('3', '32', '16000.00', '690.00', '780.00', '439.00', '0.00', '0.00', '17909.00', '2013-07-15 15:54:13', '2013-07-15 15:54:13');
INSERT INTO `fact_payroll` VALUES ('3', '33', '36000.00', '340.00', '456.00', '436.80', '0.00', '0.00', '37233.00', '2013-07-15 15:54:13', '2013-07-15 15:54:13');
INSERT INTO `fact_payroll` VALUES ('3', '34', '10000.00', '890.00', '765.00', '0.00', '0.00', '89.00', '11744.00', '2013-07-15 15:54:13', '2013-07-15 15:54:13');
INSERT INTO `fact_payroll` VALUES ('3', '35', '22000.00', '900.00', '120.00', '0.00', '0.00', '300.00', '23320.00', '2013-07-15 15:54:13', '2013-07-15 15:54:13');
INSERT INTO `fact_payroll` VALUES ('3', '36', '34000.00', '120.00', '356.00', '0.00', '0.00', '90.00', '34566.00', '2013-07-15 15:54:13', '2013-07-15 15:54:13');
INSERT INTO `fact_payroll` VALUES ('3', '37', '22000.00', '2900.00', '568.00', '0.00', '0.00', '68.00', '25536.00', '2013-07-15 15:54:13', '2013-07-15 15:54:13');
INSERT INTO `fact_payroll` VALUES ('3', '38', '35000.00', '560.00', '657.00', '0.00', '0.00', '580.00', '36797.00', '2013-07-15 15:54:13', '2013-07-15 15:54:13');
INSERT INTO `fact_payroll` VALUES ('3', '39', '30000.00', '870.00', '0.00', '0.00', '0.00', '774.00', '31644.00', '2013-07-15 15:54:13', '2013-07-15 15:54:13');
INSERT INTO `fact_payroll` VALUES ('3', '40', '34000.00', '340.00', '0.00', '0.00', '0.00', '865.00', '35205.00', '2013-07-15 15:54:13', '2013-07-15 15:54:13');
INSERT INTO `fact_payroll` VALUES ('3', '41', '30000.00', '650.00', '0.00', '0.00', '0.00', '956.00', '31606.00', '2013-07-15 15:54:13', '2013-07-15 15:54:13');
INSERT INTO `fact_payroll` VALUES ('3', '42', '11000.00', '280.00', '0.00', '0.00', '0.00', '0.00', '11280.00', '2013-07-15 15:54:13', '2013-07-15 15:54:13');
INSERT INTO `fact_payroll` VALUES ('3', '43', '85000.00', '900.00', '0.00', '0.00', '100.00', '1138.00', '86938.00', '2013-07-15 15:54:13', '2013-07-15 15:54:13');
INSERT INTO `fact_payroll` VALUES ('3', '44', '80000.00', '890.00', '0.00', '0.00', '120.00', '1229.00', '81999.00', '2013-07-15 15:54:13', '2013-07-15 15:54:13');
INSERT INTO `fact_payroll` VALUES ('3', '45', '93000.00', '640.00', '0.00', '0.00', '0.00', '0.00', '93640.00', '2013-07-15 15:54:13', '2013-07-15 15:54:13');
INSERT INTO `fact_payroll` VALUES ('3', '46', '35000.00', '890.00', '0.00', '1047.00', '0.00', '790.00', '37727.00', '2013-07-15 15:54:13', '2013-07-15 15:54:13');
INSERT INTO `fact_payroll` VALUES ('3', '47', '80000.00', '590.00', '0.00', '0.00', '0.00', '0.00', '80590.00', '2013-07-15 15:54:13', '2013-07-15 15:54:13');
INSERT INTO `fact_payroll` VALUES ('3', '48', '94000.00', '480.00', '0.00', '0.00', '0.00', '1047.00', '95527.00', '2013-07-15 15:54:13', '2013-07-15 15:54:13');
INSERT INTO `fact_payroll` VALUES ('3', '49', '87000.00', '340.00', '0.00', '0.00', '0.00', '0.00', '87340.00', '2013-07-15 15:54:13', '2013-07-15 15:54:13');
INSERT INTO `fact_payroll` VALUES ('3', '50', '80000.00', '0.00', '0.00', '1047.00', '0.00', '0.00', '81047.00', '2013-07-15 15:54:13', '2013-07-15 15:54:13');
INSERT INTO `fact_payroll` VALUES ('3', '51', '80000.00', '0.00', '0.00', '0.00', '0.00', '0.00', '80000.00', '2013-07-15 15:54:13', '2013-07-15 15:54:13');
INSERT INTO `fact_payroll` VALUES ('3', '52', '90000.00', '0.00', '0.00', '0.00', '0.00', '0.00', '90000.00', '2013-07-15 15:54:13', '2013-07-15 15:54:13');
INSERT INTO `fact_payroll` VALUES ('3', '53', '90000.00', '690.00', '0.00', '0.00', '0.00', '0.00', '90690.00', '2013-07-15 15:54:13', '2013-07-15 15:54:13');
INSERT INTO `fact_payroll` VALUES ('3', '54', '30000.00', '340.00', '0.00', '0.00', '0.00', '1138.00', '31478.00', '2013-07-15 15:54:13', '2013-07-15 15:54:13');
INSERT INTO `fact_payroll` VALUES ('3', '55', '15000.00', '0.00', '0.00', '0.00', '0.00', '228.00', '15228.00', '2013-07-15 15:54:13', '2013-07-15 15:54:13');
INSERT INTO `fact_payroll` VALUES ('3', '56', '9000.00', '0.00', '0.00', '1138.00', '0.00', '319.00', '10457.00', '2013-07-15 15:54:13', '2013-07-15 15:54:13');
INSERT INTO `fact_payroll` VALUES ('3', '57', '19000.00', '640.00', '0.00', '0.00', '0.00', '900.00', '20540.00', '2013-07-15 15:54:13', '2013-07-15 15:54:13');
INSERT INTO `fact_payroll` VALUES ('3', '58', '15000.00', '0.00', '0.00', '228.00', '0.00', '0.00', '15228.00', '2013-07-15 15:54:13', '2013-07-15 15:54:13');
INSERT INTO `fact_payroll` VALUES ('3', '59', '10000.00', '0.00', '0.00', '870.00', '0.00', '0.00', '10870.00', '2013-07-15 15:54:13', '2013-07-15 15:54:13');
INSERT INTO `fact_payroll` VALUES ('3', '68', '30000.00', '590.00', '0.00', '0.00', '0.00', '0.00', '30590.00', '2013-07-15 15:54:13', '2013-07-15 15:54:13');
INSERT INTO `fact_payroll` VALUES ('3', '79', '35000.00', '480.00', '0.00', '0.00', '0.00', '0.00', '35480.00', '2013-07-15 15:54:13', '2013-07-15 15:54:13');
INSERT INTO `fact_payroll` VALUES ('3', '90', '35000.00', '340.00', '0.00', '0.00', '0.00', '0.00', '35340.00', '2013-07-15 15:54:13', '2013-07-15 15:54:13');
INSERT INTO `fact_payroll` VALUES ('4', '1', '15000.00', '0.00', '0.00', '0.00', '0.00', '0.00', '15000.00', '2013-07-15 15:54:13', '2013-07-15 15:54:13');
INSERT INTO `fact_payroll` VALUES ('4', '2', '20000.00', '0.00', '400.00', '0.00', '0.00', '400.00', '20800.00', '2013-07-15 15:54:13', '2013-07-15 15:54:13');
INSERT INTO `fact_payroll` VALUES ('4', '4', '22000.00', '0.00', '980.00', '0.00', '0.00', '980.00', '23960.00', '2013-07-15 15:54:13', '2013-07-15 15:54:13');
INSERT INTO `fact_payroll` VALUES ('4', '5', '38000.00', '800.00', '0.00', '0.00', '0.00', '0.00', '38800.00', '2013-07-15 15:54:13', '2013-07-15 15:54:13');
INSERT INTO `fact_payroll` VALUES ('4', '6', '35000.00', '600.00', '0.00', '657.00', '0.00', '0.00', '36257.00', '2013-07-15 15:54:13', '2013-07-15 15:54:13');
INSERT INTO `fact_payroll` VALUES ('4', '7', '19000.00', '400.00', '0.00', '0.00', '0.00', '0.00', '19400.00', '2013-07-15 15:54:13', '2013-07-15 15:54:13');
INSERT INTO `fact_payroll` VALUES ('4', '8', '19000.00', '980.00', '0.00', '0.00', '0.00', '0.00', '19980.00', '2013-07-15 15:54:13', '2013-07-15 15:54:13');
INSERT INTO `fact_payroll` VALUES ('4', '9', '19000.00', '0.00', '0.00', '0.00', '0.00', '0.00', '19000.00', '2013-07-15 15:54:13', '2013-07-15 15:54:13');
INSERT INTO `fact_payroll` VALUES ('4', '10', '35000.00', '0.00', '0.00', '445.60', '0.00', '0.00', '35446.00', '2013-07-15 15:54:13', '2013-07-15 15:54:13');
INSERT INTO `fact_payroll` VALUES ('4', '11', '38000.00', '0.00', '0.00', '443.40', '0.00', '0.00', '38443.00', '2013-07-15 15:54:13', '2013-07-15 15:54:13');
INSERT INTO `fact_payroll` VALUES ('4', '12', '19000.00', '0.00', '0.00', '441.20', '0.00', '0.00', '19441.00', '2013-07-15 15:54:13', '2013-07-15 15:54:13');
INSERT INTO `fact_payroll` VALUES ('4', '13', '22000.00', '0.00', '0.00', '0.00', '0.00', '0.00', '22000.00', '2013-07-15 15:54:13', '2013-07-15 15:54:13');
INSERT INTO `fact_payroll` VALUES ('4', '14', '38000.00', '0.00', '0.00', '439.00', '0.00', '0.00', '38439.00', '2013-07-15 15:54:13', '2013-07-15 15:54:13');
INSERT INTO `fact_payroll` VALUES ('4', '15', '9500.00', '0.00', '0.00', '436.80', '0.00', '443.40', '10380.00', '2013-07-15 15:54:13', '2013-07-15 15:54:13');
INSERT INTO `fact_payroll` VALUES ('4', '16', '35000.00', '0.00', '0.00', '434.60', '0.00', '774.00', '36209.00', '2013-07-15 15:54:13', '2013-07-15 15:54:13');
INSERT INTO `fact_payroll` VALUES ('4', '17', '15000.00', '0.00', '0.00', '319.00', '0.00', '865.00', '16184.00', '2013-07-15 15:54:13', '2013-07-15 15:54:13');
INSERT INTO `fact_payroll` VALUES ('4', '18', '36000.00', '0.00', '0.00', '410.00', '90.00', '956.00', '37276.00', '2013-07-15 15:54:13', '2013-07-15 15:54:13');
INSERT INTO `fact_payroll` VALUES ('4', '19', '35000.00', '0.00', '0.00', '501.00', '35.00', '1047.00', '36513.00', '2013-07-15 15:54:13', '2013-07-15 15:54:13');
INSERT INTO `fact_payroll` VALUES ('4', '20', '15000.00', '0.00', '0.00', '592.00', '67.00', '1138.00', '16663.00', '2013-07-15 15:54:13', '2013-07-15 15:54:13');
INSERT INTO `fact_payroll` VALUES ('4', '21', '19000.00', '0.00', '0.00', '683.00', '0.00', '1229.00', '20912.00', '2013-07-15 15:54:13', '2013-07-15 15:54:13');
INSERT INTO `fact_payroll` VALUES ('4', '22', '37000.00', '0.00', '90.00', '774.00', '0.00', '0.00', '37864.00', '2013-07-15 15:54:13', '2013-07-15 15:54:13');
INSERT INTO `fact_payroll` VALUES ('4', '23', '35000.00', '0.00', '35.00', '865.00', '0.00', '0.00', '35900.00', '2013-07-15 15:54:13', '2013-07-15 15:54:13');
INSERT INTO `fact_payroll` VALUES ('4', '24', '19000.00', '340.00', '0.00', '0.00', '0.00', '0.00', '19340.00', '2013-07-15 15:54:13', '2013-07-15 15:54:13');
INSERT INTO `fact_payroll` VALUES ('4', '25', '38000.00', '0.00', '67.00', '956.00', '0.00', '1047.00', '40070.00', '2013-07-15 15:54:13', '2013-07-15 15:54:13');
INSERT INTO `fact_payroll` VALUES ('4', '26', '35000.00', '0.00', '500.00', '1047.00', '0.00', '0.00', '36547.00', '2013-07-15 15:54:13', '2013-07-15 15:54:13');
INSERT INTO `fact_payroll` VALUES ('4', '27', '19500.00', '0.00', '300.00', '890.00', '0.00', '0.00', '20690.00', '2013-07-15 15:54:13', '2013-07-15 15:54:13');
INSERT INTO `fact_payroll` VALUES ('4', '28', '15000.00', '0.00', '450.00', '640.00', '0.00', '0.00', '16090.00', '2013-07-15 15:54:13', '2013-07-15 15:54:13');
INSERT INTO `fact_payroll` VALUES ('4', '29', '150000.00', '340.00', '1000.00', '120.00', '0.00', '0.00', '151460.00', '2013-07-15 15:54:13', '2013-07-15 15:54:13');
INSERT INTO `fact_payroll` VALUES ('4', '30', '36000.00', '890.00', '120.00', '2900.00', '0.00', '0.00', '39910.00', '2013-07-15 15:54:13', '2013-07-15 15:54:13');
INSERT INTO `fact_payroll` VALUES ('4', '31', '34000.00', '120.00', '1200.00', '560.00', '0.00', '1138.00', '37018.00', '2013-07-15 15:54:13', '2013-07-15 15:54:13');
INSERT INTO `fact_payroll` VALUES ('4', '32', '16000.00', '2900.00', '0.00', '870.00', '0.00', '228.00', '19998.00', '2013-07-15 15:54:13', '2013-07-15 15:54:13');
INSERT INTO `fact_payroll` VALUES ('4', '33', '36000.00', '560.00', '0.00', '340.00', '0.00', '319.00', '37219.00', '2013-07-15 15:54:13', '2013-07-15 15:54:13');
INSERT INTO `fact_payroll` VALUES ('4', '34', '10000.00', '870.00', '0.00', '650.00', '0.00', '410.00', '11930.00', '2013-07-15 15:54:13', '2013-07-15 15:54:13');
INSERT INTO `fact_payroll` VALUES ('4', '35', '22000.00', '0.00', '0.00', '0.00', '0.00', '0.00', '22000.00', '2013-07-15 15:54:13', '2013-07-15 15:54:13');
INSERT INTO `fact_payroll` VALUES ('4', '36', '34000.00', '340.00', '340.00', '280.00', '0.00', '501.00', '35461.00', '2013-07-15 15:54:13', '2013-07-15 15:54:13');
INSERT INTO `fact_payroll` VALUES ('4', '37', '22000.00', '650.00', '0.00', '900.00', '0.00', '592.00', '24142.00', '2013-07-15 15:54:13', '2013-07-15 15:54:13');
INSERT INTO `fact_payroll` VALUES ('4', '38', '35000.00', '280.00', '0.00', '890.00', '100.00', '683.00', '36753.00', '2013-07-15 15:54:13', '2013-07-15 15:54:13');
INSERT INTO `fact_payroll` VALUES ('4', '39', '30000.00', '900.00', '0.00', '640.00', '120.00', '774.00', '32194.00', '2013-07-15 15:54:13', '2013-07-15 15:54:13');
INSERT INTO `fact_payroll` VALUES ('4', '40', '34000.00', '890.00', '0.00', '340.00', '0.00', '865.00', '36095.00', '2013-07-15 15:54:13', '2013-07-15 15:54:13');
INSERT INTO `fact_payroll` VALUES ('4', '41', '30000.00', '640.00', '0.00', '890.00', '0.00', '956.00', '32486.00', '2013-07-15 15:54:13', '2013-07-15 15:54:13');
INSERT INTO `fact_payroll` VALUES ('4', '42', '11000.00', '590.00', '0.00', '120.00', '0.00', '1047.00', '12757.00', '2013-07-15 15:54:13', '2013-07-15 15:54:13');
INSERT INTO `fact_payroll` VALUES ('4', '43', '85000.00', '480.00', '0.00', '0.00', '0.00', '0.00', '85480.00', '2013-07-15 15:54:13', '2013-07-15 15:54:13');
INSERT INTO `fact_payroll` VALUES ('4', '44', '80000.00', '340.00', '0.00', '436.80', '0.00', '1229.00', '82006.00', '2013-07-15 15:54:13', '2013-07-15 15:54:13');
INSERT INTO `fact_payroll` VALUES ('4', '45', '93000.00', '0.00', '800.00', '436.80', '0.00', '1320.00', '95557.00', '2013-07-15 15:54:13', '2013-07-15 15:54:13');
INSERT INTO `fact_payroll` VALUES ('4', '46', '35000.00', '0.00', '0.00', '0.00', '0.00', '0.00', '35000.00', '2013-07-15 15:54:13', '2013-07-15 15:54:13');
INSERT INTO `fact_payroll` VALUES ('4', '47', '80000.00', '0.00', '600.00', '436.80', '0.00', '780.00', '81817.00', '2013-07-15 15:54:13', '2013-07-15 15:54:13');
INSERT INTO `fact_payroll` VALUES ('4', '48', '94000.00', '0.00', '400.00', '501.00', '0.00', '456.00', '95357.00', '2013-07-15 15:54:13', '2013-07-15 15:54:13');
INSERT INTO `fact_payroll` VALUES ('4', '49', '87000.00', '340.00', '980.00', '592.00', '0.00', '765.00', '89677.00', '2013-07-15 15:54:13', '2013-07-15 15:54:13');
INSERT INTO `fact_payroll` VALUES ('4', '50', '80000.00', '650.00', '0.00', '683.00', '0.00', '356.00', '81689.00', '2013-07-15 15:54:13', '2013-07-15 15:54:13');
INSERT INTO `fact_payroll` VALUES ('4', '51', '80000.00', '280.00', '0.00', '774.00', '0.00', '568.00', '81622.00', '2013-07-15 15:54:13', '2013-07-15 15:54:13');
INSERT INTO `fact_payroll` VALUES ('4', '52', '90000.00', '900.00', '0.00', '865.00', '0.00', '657.00', '92422.00', '2013-07-15 15:54:13', '2013-07-15 15:54:13');
INSERT INTO `fact_payroll` VALUES ('4', '53', '90000.00', '590.00', '0.00', '956.00', '0.00', '0.00', '91546.00', '2013-07-15 15:54:13', '2013-07-15 15:54:13');
INSERT INTO `fact_payroll` VALUES ('4', '54', '30000.00', '0.00', '0.00', '1047.00', '0.00', '0.00', '31047.00', '2013-07-15 15:54:13', '2013-07-15 15:54:13');
INSERT INTO `fact_payroll` VALUES ('4', '55', '15000.00', '0.00', '0.00', '1138.00', '0.00', '0.00', '16138.00', '2013-07-15 15:54:13', '2013-07-15 15:54:13');
INSERT INTO `fact_payroll` VALUES ('4', '56', '9000.00', '0.00', '0.00', '1229.00', '0.00', '445.00', '10674.00', '2013-07-15 15:54:13', '2013-07-15 15:54:13');
INSERT INTO `fact_payroll` VALUES ('4', '57', '19000.00', '0.00', '0.00', '0.00', '0.00', '0.00', '19000.00', '2013-07-15 15:54:13', '2013-07-15 15:54:13');
INSERT INTO `fact_payroll` VALUES ('4', '58', '15000.00', '0.00', '0.00', '0.00', '0.00', '0.00', '15000.00', '2013-07-15 15:54:13', '2013-07-15 15:54:13');
INSERT INTO `fact_payroll` VALUES ('4', '59', '10000.00', '0.00', '0.00', '0.00', '0.00', '0.00', '10000.00', '2013-07-15 15:54:13', '2013-07-15 15:54:13');
INSERT INTO `fact_payroll` VALUES ('4', '60', '9500.00', '0.00', '0.00', '0.00', '100.00', '0.00', '9400.00', '2013-07-15 15:54:13', '2013-07-15 15:54:13');
INSERT INTO `fact_payroll` VALUES ('4', '61', '10000.00', '0.00', '0.00', '0.00', '120.00', '0.00', '9880.00', '2013-07-15 15:54:13', '2013-07-15 15:54:13');
INSERT INTO `fact_payroll` VALUES ('4', '62', '10000.00', '0.00', '0.00', '1047.00', '0.00', '0.00', '11047.00', '2013-07-15 15:54:13', '2013-07-15 15:54:13');
INSERT INTO `fact_payroll` VALUES ('4', '63', '11000.00', '0.00', '0.00', '0.00', '0.00', '0.00', '11000.00', '2013-07-15 15:54:13', '2013-07-15 15:54:13');
INSERT INTO `fact_payroll` VALUES ('4', '68', '30000.00', '0.00', '0.00', '0.00', '0.00', '0.00', '30000.00', '2013-07-15 15:54:13', '2013-07-15 15:54:13');
INSERT INTO `fact_payroll` VALUES ('4', '79', '35000.00', '0.00', '800.00', '0.00', '0.00', '800.00', '36600.00', '2013-07-15 15:54:13', '2013-07-15 15:54:13');
INSERT INTO `fact_payroll` VALUES ('4', '90', '35000.00', '0.00', '600.00', '0.00', '0.00', '600.00', '36200.00', '2013-07-15 15:54:13', '2013-07-15 15:54:13');
INSERT INTO `fact_payroll` VALUES ('5', '1', '15000.00', '0.00', '0.00', '657.00', '0.00', '0.00', '15657.00', '2013-07-15 15:54:13', '2013-07-15 15:54:13');
INSERT INTO `fact_payroll` VALUES ('5', '2', '20000.00', '0.00', '400.00', '0.00', '0.00', '400.00', '20800.00', '2013-07-15 15:54:13', '2013-07-15 15:54:13');
INSERT INTO `fact_payroll` VALUES ('5', '4', '22000.00', '800.00', '980.00', '0.00', '0.00', '980.00', '24760.00', '2013-07-15 15:54:13', '2013-07-15 15:54:13');
INSERT INTO `fact_payroll` VALUES ('5', '5', '38000.00', '600.00', '0.00', '0.00', '0.00', '0.00', '38600.00', '2013-07-15 15:54:13', '2013-07-15 15:54:13');
INSERT INTO `fact_payroll` VALUES ('5', '6', '35000.00', '400.00', '0.00', '0.00', '0.00', '0.00', '35400.00', '2013-07-15 15:54:13', '2013-07-15 15:54:13');
INSERT INTO `fact_payroll` VALUES ('5', '7', '19000.00', '980.00', '0.00', '0.00', '0.00', '0.00', '19980.00', '2013-07-15 15:54:13', '2013-07-15 15:54:13');
INSERT INTO `fact_payroll` VALUES ('5', '8', '19000.00', '0.00', '0.00', '0.00', '0.00', '0.00', '19000.00', '2013-07-15 15:54:13', '2013-07-15 15:54:13');
INSERT INTO `fact_payroll` VALUES ('5', '9', '19000.00', '0.00', '0.00', '0.00', '0.00', '0.00', '19000.00', '2013-07-15 15:54:13', '2013-07-15 15:54:13');
INSERT INTO `fact_payroll` VALUES ('5', '10', '35000.00', '0.00', '0.00', '0.00', '0.00', '0.00', '35000.00', '2013-07-15 15:54:13', '2013-07-15 15:54:13');
INSERT INTO `fact_payroll` VALUES ('5', '11', '38000.00', '0.00', '0.00', '0.00', '0.00', '0.00', '38000.00', '2013-07-15 15:54:13', '2013-07-15 15:54:13');
INSERT INTO `fact_payroll` VALUES ('5', '12', '19000.00', '0.00', '0.00', '0.00', '0.00', '0.00', '19000.00', '2013-07-15 15:54:13', '2013-07-15 15:54:13');
INSERT INTO `fact_payroll` VALUES ('5', '13', '22000.00', '340.00', '0.00', '0.00', '0.00', '0.00', '22340.00', '2013-07-15 15:54:13', '2013-07-15 15:54:13');
INSERT INTO `fact_payroll` VALUES ('5', '14', '38000.00', '0.00', '609.00', '0.00', '0.00', '0.00', '38609.00', '2013-07-15 15:54:13', '2013-07-15 15:54:13');
INSERT INTO `fact_payroll` VALUES ('5', '15', '9500.00', '0.00', '890.00', '0.00', '0.00', '1320.00', '11710.00', '2013-07-15 15:54:13', '2013-07-15 15:54:13');
INSERT INTO `fact_payroll` VALUES ('5', '16', '35000.00', '340.00', '0.00', '0.00', '0.00', '780.00', '36120.00', '2013-07-15 15:54:13', '2013-07-15 15:54:13');
INSERT INTO `fact_payroll` VALUES ('5', '17', '15000.00', '890.00', '0.00', '0.00', '0.00', '456.00', '16346.00', '2013-07-15 15:54:13', '2013-07-15 15:54:13');
INSERT INTO `fact_payroll` VALUES ('5', '18', '36000.00', '590.00', '0.00', '1047.00', '100.00', '765.00', '38302.00', '2013-07-15 15:54:13', '2013-07-15 15:54:13');
INSERT INTO `fact_payroll` VALUES ('5', '19', '35000.00', '480.00', '0.00', '0.00', '120.00', '356.00', '35716.00', '2013-07-15 15:54:13', '2013-07-15 15:54:13');
INSERT INTO `fact_payroll` VALUES ('5', '20', '15000.00', '340.00', '0.00', '0.00', '0.00', '568.00', '15908.00', '2013-07-15 15:54:13', '2013-07-15 15:54:13');
INSERT INTO `fact_payroll` VALUES ('5', '21', '19000.00', '0.00', '0.00', '0.00', '0.00', '657.00', '19657.00', '2013-07-15 15:54:13', '2013-07-15 15:54:13');
INSERT INTO `fact_payroll` VALUES ('5', '22', '37000.00', '0.00', '0.00', '0.00', '0.00', '0.00', '37000.00', '2013-07-15 15:54:13', '2013-07-15 15:54:13');
INSERT INTO `fact_payroll` VALUES ('5', '23', '35000.00', '0.00', '0.00', '0.00', '0.00', '0.00', '35000.00', '2013-07-15 15:54:13', '2013-07-15 15:54:13');
INSERT INTO `fact_payroll` VALUES ('5', '24', '19000.00', '0.00', '0.00', '0.00', '0.00', '0.00', '19000.00', '2013-07-15 15:54:13', '2013-07-15 15:54:13');
INSERT INTO `fact_payroll` VALUES ('5', '25', '38000.00', '690.00', '0.00', '1138.00', '0.00', '0.00', '39828.00', '2013-07-15 15:54:13', '2013-07-15 15:54:13');
INSERT INTO `fact_payroll` VALUES ('5', '26', '35000.00', '340.00', '0.00', '228.00', '0.00', '445.60', '36014.00', '2013-07-15 15:54:13', '2013-07-15 15:54:13');
INSERT INTO `fact_payroll` VALUES ('5', '27', '19500.00', '890.00', '0.00', '410.00', '0.00', '443.40', '21243.00', '2013-07-15 15:54:13', '2013-07-15 15:54:13');
INSERT INTO `fact_payroll` VALUES ('5', '28', '15000.00', '120.00', '0.00', '501.00', '0.00', '441.20', '16062.00', '2013-07-15 15:54:13', '2013-07-15 15:54:13');
INSERT INTO `fact_payroll` VALUES ('5', '29', '150000.00', '2900.00', '0.00', '592.00', '0.00', '439.00', '153931.00', '2013-07-15 15:54:13', '2013-07-15 15:54:13');
INSERT INTO `fact_payroll` VALUES ('5', '30', '36000.00', '560.00', '0.00', '683.00', '0.00', '436.80', '37680.00', '2013-07-15 15:54:13', '2013-07-15 15:54:13');
INSERT INTO `fact_payroll` VALUES ('5', '31', '34000.00', '870.00', '800.00', '774.00', '0.00', '434.60', '36879.00', '2013-07-15 15:54:13', '2013-07-15 15:54:13');
INSERT INTO `fact_payroll` VALUES ('5', '32', '16000.00', '340.00', '600.00', '865.00', '0.00', '319.00', '18124.00', '2013-07-15 15:54:13', '2013-07-15 15:54:13');
INSERT INTO `fact_payroll` VALUES ('5', '33', '36000.00', '650.00', '1200.00', '956.00', '0.00', '410.00', '39216.00', '2013-07-15 15:54:13', '2013-07-15 15:54:13');
INSERT INTO `fact_payroll` VALUES ('5', '34', '10000.00', '280.00', '890.00', '1047.00', '120.00', '501.00', '12598.00', '2013-07-15 15:54:13', '2013-07-15 15:54:13');
INSERT INTO `fact_payroll` VALUES ('5', '35', '22000.00', '0.00', '0.00', '0.00', '0.00', '0.00', '22000.00', '2013-07-15 15:54:13', '2013-07-15 15:54:13');
INSERT INTO `fact_payroll` VALUES ('5', '36', '34000.00', '0.00', '0.00', '1138.00', '120.00', '592.00', '35610.00', '2013-07-15 15:54:13', '2013-07-15 15:54:13');
INSERT INTO `fact_payroll` VALUES ('5', '37', '22000.00', '0.00', '0.00', '1229.00', '0.00', '683.00', '23912.00', '2013-07-15 15:54:13', '2013-07-15 15:54:13');
INSERT INTO `fact_payroll` VALUES ('5', '38', '35000.00', '0.00', '0.00', '1320.00', '0.00', '0.00', '36320.00', '2013-07-15 15:54:13', '2013-07-15 15:54:13');
INSERT INTO `fact_payroll` VALUES ('5', '39', '30000.00', '0.00', '0.00', '780.00', '0.00', '0.00', '30780.00', '2013-07-15 15:54:13', '2013-07-15 15:54:13');
INSERT INTO `fact_payroll` VALUES ('5', '40', '34000.00', '0.00', '0.00', '456.00', '0.00', '0.00', '34456.00', '2013-07-15 15:54:13', '2013-07-15 15:54:13');
INSERT INTO `fact_payroll` VALUES ('5', '41', '30000.00', '0.00', '0.00', '765.00', '0.00', '0.00', '30765.00', '2013-07-15 15:54:13', '2013-07-15 15:54:13');
INSERT INTO `fact_payroll` VALUES ('5', '42', '11000.00', '0.00', '0.00', '356.00', '0.00', '0.00', '11356.00', '2013-07-15 15:54:13', '2013-07-15 15:54:13');
INSERT INTO `fact_payroll` VALUES ('5', '43', '85000.00', '0.00', '0.00', '568.00', '0.00', '0.00', '85568.00', '2013-07-15 15:54:13', '2013-07-15 15:54:13');
INSERT INTO `fact_payroll` VALUES ('5', '44', '80000.00', '0.00', '0.00', '657.00', '0.00', '0.00', '80657.00', '2013-07-15 15:54:13', '2013-07-15 15:54:13');
INSERT INTO `fact_payroll` VALUES ('5', '45', '93000.00', '0.00', '0.00', '0.00', '0.00', '0.00', '93000.00', '2013-07-15 15:54:13', '2013-07-15 15:54:13');
INSERT INTO `fact_payroll` VALUES ('5', '46', '35000.00', '0.00', '0.00', '445.60', '0.00', '0.00', '35446.00', '2013-07-15 15:54:13', '2013-07-15 15:54:13');
INSERT INTO `fact_payroll` VALUES ('5', '47', '80000.00', '0.00', '0.00', '0.00', '0.00', '0.00', '80000.00', '2013-07-15 15:54:13', '2013-07-15 15:54:13');
INSERT INTO `fact_payroll` VALUES ('5', '48', '94000.00', '0.00', '0.00', '0.00', '0.00', '0.00', '94000.00', '2013-07-15 15:54:13', '2013-07-15 15:54:13');
INSERT INTO `fact_payroll` VALUES ('5', '49', '87000.00', '0.00', '0.00', '445.60', '0.00', '0.00', '87446.00', '2013-07-15 15:54:13', '2013-07-15 15:54:13');
INSERT INTO `fact_payroll` VALUES ('5', '50', '80000.00', '340.00', '0.00', '443.40', '0.00', '760.00', '81543.00', '2013-07-15 15:54:13', '2013-07-15 15:54:13');
INSERT INTO `fact_payroll` VALUES ('5', '51', '80000.00', '890.00', '0.00', '0.00', '0.00', '789.00', '81679.00', '2013-07-15 15:54:13', '2013-07-15 15:54:13');
INSERT INTO `fact_payroll` VALUES ('5', '52', '90000.00', '0.00', '0.00', '0.00', '0.00', '0.00', '90000.00', '2013-07-15 15:54:13', '2013-07-15 15:54:13');
INSERT INTO `fact_payroll` VALUES ('5', '53', '90000.00', '0.00', '0.00', '0.00', '0.00', '100.00', '90100.00', '2013-07-15 15:54:13', '2013-07-15 15:54:13');
INSERT INTO `fact_payroll` VALUES ('5', '54', '30000.00', '0.00', '0.00', '0.00', '0.00', '900.00', '30900.00', '2013-07-15 15:54:13', '2013-07-15 15:54:13');
INSERT INTO `fact_payroll` VALUES ('5', '55', '15000.00', '0.00', '0.00', '0.00', '0.00', '0.00', '15000.00', '2013-07-15 15:54:13', '2013-07-15 15:54:13');
INSERT INTO `fact_payroll` VALUES ('5', '56', '9000.00', '0.00', '0.00', '0.00', '0.00', '0.00', '9000.00', '2013-07-15 15:54:13', '2013-07-15 15:54:13');
INSERT INTO `fact_payroll` VALUES ('5', '57', '19000.00', '0.00', '0.00', '443.40', '0.00', '0.00', '19443.00', '2013-07-15 15:54:13', '2013-07-15 15:54:13');
INSERT INTO `fact_payroll` VALUES ('5', '58', '15000.00', '0.00', '0.00', '0.00', '0.00', '0.00', '15000.00', '2013-07-15 15:54:13', '2013-07-15 15:54:13');
INSERT INTO `fact_payroll` VALUES ('5', '59', '10000.00', '0.00', '0.00', '0.00', '0.00', '0.00', '10000.00', '2013-07-15 15:54:13', '2013-07-15 15:54:13');
INSERT INTO `fact_payroll` VALUES ('5', '60', '9500.00', '0.00', '100.00', '0.00', '0.00', '0.00', '9600.00', '2013-07-15 15:54:13', '2013-07-15 15:54:13');
INSERT INTO `fact_payroll` VALUES ('5', '61', '10000.00', '0.00', '120.00', '100.00', '0.00', '0.00', '10220.00', '2013-07-15 15:54:13', '2013-07-15 15:54:13');
INSERT INTO `fact_payroll` VALUES ('5', '62', '10000.00', '100.00', '0.00', '120.00', '0.00', '0.00', '10220.00', '2013-07-15 15:54:13', '2013-07-15 15:54:13');
INSERT INTO `fact_payroll` VALUES ('5', '63', '11000.00', '120.00', '0.00', '0.00', '0.00', '0.00', '11120.00', '2013-07-15 15:54:13', '2013-07-15 15:54:13');
INSERT INTO `fact_payroll` VALUES ('5', '64', '17000.00', '0.00', '0.00', '0.00', '0.00', '0.00', '17000.00', '2013-07-15 15:54:13', '2013-07-15 15:54:13');
INSERT INTO `fact_payroll` VALUES ('5', '65', '17000.00', '0.00', '0.00', '0.00', '0.00', '0.00', '17000.00', '2013-07-15 15:54:13', '2013-07-15 15:54:13');
INSERT INTO `fact_payroll` VALUES ('5', '66', '17000.00', '0.00', '0.00', '0.00', '0.00', '0.00', '17000.00', '2013-07-15 15:54:13', '2013-07-15 15:54:13');
INSERT INTO `fact_payroll` VALUES ('5', '67', '17000.00', '0.00', '0.00', '0.00', '0.00', '0.00', '17000.00', '2013-07-15 15:54:13', '2013-07-15 15:54:13');
INSERT INTO `fact_payroll` VALUES ('5', '68', '30000.00', '0.00', '0.00', '441.20', '0.00', '0.00', '30441.00', '2013-07-15 15:54:13', '2013-07-15 15:54:13');
INSERT INTO `fact_payroll` VALUES ('5', '69', '17000.00', '0.00', '0.00', '0.00', '0.00', '0.00', '17000.00', '2013-07-15 15:54:13', '2013-07-15 15:54:13');
INSERT INTO `fact_payroll` VALUES ('5', '70', '17000.00', '0.00', '0.00', '0.00', '0.00', '0.00', '17000.00', '2013-07-15 15:54:13', '2013-07-15 15:54:13');
INSERT INTO `fact_payroll` VALUES ('5', '79', '35000.00', '0.00', '800.00', '439.00', '0.00', '800.00', '37039.00', '2013-07-15 15:54:13', '2013-07-15 15:54:13');
INSERT INTO `fact_payroll` VALUES ('5', '90', '35000.00', '0.00', '600.00', '436.80', '0.00', '600.00', '36637.00', '2013-07-15 15:54:13', '2013-07-15 15:54:13');
INSERT INTO `fact_payroll` VALUES ('6', '1', '15000.00', '0.00', '0.00', '0.00', '0.00', '0.00', '15000.00', '2013-07-15 15:54:13', '2013-07-15 15:54:13');
INSERT INTO `fact_payroll` VALUES ('6', '2', '20000.00', '0.00', '0.00', '0.00', '0.00', '0.00', '20000.00', '2013-07-15 15:54:13', '2013-07-15 15:54:13');
INSERT INTO `fact_payroll` VALUES ('6', '4', '22000.00', '0.00', '0.00', '0.00', '0.00', '0.00', '22000.00', '2013-07-15 15:54:13', '2013-07-15 15:54:13');
INSERT INTO `fact_payroll` VALUES ('6', '5', '38000.00', '0.00', '0.00', '0.00', '0.00', '0.00', '38000.00', '2013-07-15 15:54:13', '2013-07-15 15:54:13');
INSERT INTO `fact_payroll` VALUES ('6', '6', '35000.00', '0.00', '0.00', '0.00', '0.00', '800.00', '35800.00', '2013-07-15 15:54:13', '2013-07-15 15:54:13');
INSERT INTO `fact_payroll` VALUES ('6', '7', '19000.00', '0.00', '0.00', '0.00', '0.00', '600.00', '19600.00', '2013-07-15 15:54:13', '2013-07-15 15:54:13');
INSERT INTO `fact_payroll` VALUES ('6', '8', '19000.00', '0.00', '0.00', '0.00', '90.00', '400.00', '19310.00', '2013-07-15 15:54:13', '2013-07-15 15:54:13');
INSERT INTO `fact_payroll` VALUES ('6', '9', '19000.00', '0.00', '0.00', '0.00', '35.00', '980.00', '19945.00', '2013-07-15 15:54:13', '2013-07-15 15:54:13');
INSERT INTO `fact_payroll` VALUES ('6', '10', '35000.00', '0.00', '0.00', '0.00', '67.00', '0.00', '34933.00', '2013-07-15 15:54:13', '2013-07-15 15:54:13');
INSERT INTO `fact_payroll` VALUES ('6', '11', '38000.00', '0.00', '0.00', '0.00', '0.00', '0.00', '38000.00', '2013-07-15 15:54:13', '2013-07-15 15:54:13');
INSERT INTO `fact_payroll` VALUES ('6', '12', '19000.00', '0.00', '0.00', '0.00', '0.00', '0.00', '19000.00', '2013-07-15 15:54:13', '2013-07-15 15:54:13');
INSERT INTO `fact_payroll` VALUES ('6', '13', '22000.00', '0.00', '0.00', '0.00', '0.00', '0.00', '22000.00', '2013-07-15 15:54:13', '2013-07-15 15:54:13');
INSERT INTO `fact_payroll` VALUES ('6', '14', '38000.00', '0.00', '0.00', '0.00', '0.00', '0.00', '38000.00', '2013-07-15 15:54:13', '2013-07-15 15:54:13');
INSERT INTO `fact_payroll` VALUES ('6', '15', '9500.00', '0.00', '0.00', '0.00', '0.00', '0.00', '9500.00', '2013-07-15 15:54:13', '2013-07-15 15:54:13');
INSERT INTO `fact_payroll` VALUES ('6', '16', '35000.00', '0.00', '0.00', '0.00', '0.00', '0.00', '35000.00', '2013-07-15 15:54:13', '2013-07-15 15:54:13');
INSERT INTO `fact_payroll` VALUES ('6', '17', '15000.00', '0.00', '0.00', '0.00', '0.00', '0.00', '15000.00', '2013-07-15 15:54:13', '2013-07-15 15:54:13');
INSERT INTO `fact_payroll` VALUES ('6', '18', '36000.00', '0.00', '100.00', '0.00', '0.00', '228.00', '36328.00', '2013-07-15 15:54:13', '2013-07-15 15:54:13');
INSERT INTO `fact_payroll` VALUES ('6', '19', '35000.00', '0.00', '120.00', '100.00', '0.00', '319.00', '35539.00', '2013-07-15 15:54:13', '2013-07-15 15:54:13');
INSERT INTO `fact_payroll` VALUES ('6', '20', '15000.00', '100.00', '0.00', '120.00', '0.00', '410.00', '15630.00', '2013-07-15 15:54:13', '2013-07-15 15:54:13');
INSERT INTO `fact_payroll` VALUES ('6', '21', '19000.00', '120.00', '0.00', '0.00', '0.00', '501.00', '19621.00', '2013-07-15 15:54:13', '2013-07-15 15:54:13');
INSERT INTO `fact_payroll` VALUES ('6', '22', '37000.00', '0.00', '0.00', '0.00', '0.00', '592.00', '37592.00', '2013-07-15 15:54:13', '2013-07-15 15:54:13');
INSERT INTO `fact_payroll` VALUES ('6', '23', '35000.00', '0.00', '0.00', '0.00', '0.00', '683.00', '35683.00', '2013-07-15 15:54:13', '2013-07-15 15:54:13');
INSERT INTO `fact_payroll` VALUES ('6', '24', '19000.00', '0.00', '0.00', '0.00', '0.00', '0.00', '19000.00', '2013-07-15 15:54:13', '2013-07-15 15:54:13');
INSERT INTO `fact_payroll` VALUES ('6', '25', '38000.00', '0.00', '0.00', '0.00', '0.00', '774.00', '38774.00', '2013-07-15 15:54:13', '2013-07-15 15:54:13');
INSERT INTO `fact_payroll` VALUES ('6', '26', '35000.00', '0.00', '0.00', '0.00', '0.00', '865.00', '35865.00', '2013-07-15 15:54:13', '2013-07-15 15:54:13');
INSERT INTO `fact_payroll` VALUES ('6', '27', '19500.00', '0.00', '0.00', '0.00', '0.00', '956.00', '20456.00', '2013-07-15 15:54:13', '2013-07-15 15:54:13');
INSERT INTO `fact_payroll` VALUES ('6', '28', '15000.00', '0.00', '0.00', '0.00', '100.00', '1047.00', '15947.00', '2013-07-15 15:54:13', '2013-07-15 15:54:13');
INSERT INTO `fact_payroll` VALUES ('6', '29', '150000.00', '0.00', '0.00', '0.00', '120.00', '1138.00', '151018.00', '2013-07-15 15:54:13', '2013-07-15 15:54:13');
INSERT INTO `fact_payroll` VALUES ('6', '30', '36000.00', '0.00', '0.00', '0.00', '0.00', '1229.00', '37229.00', '2013-07-15 15:54:13', '2013-07-15 15:54:13');
INSERT INTO `fact_payroll` VALUES ('6', '31', '34000.00', '0.00', '0.00', '0.00', '0.00', '1320.00', '35320.00', '2013-07-15 15:54:13', '2013-07-15 15:54:13');
INSERT INTO `fact_payroll` VALUES ('6', '32', '16000.00', '0.00', '0.00', '0.00', '0.00', '780.00', '16780.00', '2013-07-15 15:54:13', '2013-07-15 15:54:13');
INSERT INTO `fact_payroll` VALUES ('6', '33', '36000.00', '0.00', '0.00', '0.00', '0.00', '456.00', '36456.00', '2013-07-15 15:54:13', '2013-07-15 15:54:13');
INSERT INTO `fact_payroll` VALUES ('6', '34', '10000.00', '0.00', '120.00', '0.00', '0.00', '765.00', '10885.00', '2013-07-15 15:54:13', '2013-07-15 15:54:13');
INSERT INTO `fact_payroll` VALUES ('6', '35', '22000.00', '0.00', '0.00', '0.00', '0.00', '340.00', '22340.00', '2013-07-15 15:54:13', '2013-07-15 15:54:13');
INSERT INTO `fact_payroll` VALUES ('6', '36', '34000.00', '0.00', '120.00', '120.00', '0.00', '356.00', '34596.00', '2013-07-15 15:54:13', '2013-07-15 15:54:13');
INSERT INTO `fact_payroll` VALUES ('6', '37', '22000.00', '120.00', '0.00', '120.00', '0.00', '568.00', '22808.00', '2013-07-15 15:54:13', '2013-07-15 15:54:13');
INSERT INTO `fact_payroll` VALUES ('6', '38', '35000.00', '120.00', '0.00', '0.00', '0.00', '657.00', '35777.00', '2013-07-15 15:54:13', '2013-07-15 15:54:13');
INSERT INTO `fact_payroll` VALUES ('6', '39', '30000.00', '0.00', '0.00', '0.00', '0.00', '0.00', '30000.00', '2013-07-15 15:54:13', '2013-07-15 15:54:13');
INSERT INTO `fact_payroll` VALUES ('6', '40', '34000.00', '0.00', '0.00', '0.00', '0.00', '0.00', '34000.00', '2013-07-15 15:54:13', '2013-07-15 15:54:13');
INSERT INTO `fact_payroll` VALUES ('6', '41', '30000.00', '0.00', '0.00', '0.00', '0.00', '0.00', '30000.00', '2013-07-15 15:54:13', '2013-07-15 15:54:13');
INSERT INTO `fact_payroll` VALUES ('6', '42', '11000.00', '0.00', '0.00', '0.00', '0.00', '445.60', '11446.00', '2013-07-15 15:54:13', '2013-07-15 15:54:13');
INSERT INTO `fact_payroll` VALUES ('6', '43', '85000.00', '0.00', '0.00', '0.00', '0.00', '443.40', '85443.00', '2013-07-15 15:54:13', '2013-07-15 15:54:13');
INSERT INTO `fact_payroll` VALUES ('6', '44', '80000.00', '0.00', '0.00', '0.00', '120.00', '774.00', '80654.00', '2013-07-15 15:54:13', '2013-07-15 15:54:13');
INSERT INTO `fact_payroll` VALUES ('6', '45', '93000.00', '0.00', '0.00', '0.00', '120.00', '865.00', '93745.00', '2013-07-15 15:54:13', '2013-07-15 15:54:13');
INSERT INTO `fact_payroll` VALUES ('6', '46', '35000.00', '0.00', '0.00', '0.00', '0.00', '0.00', '35000.00', '2013-07-15 15:54:13', '2013-07-15 15:54:13');
INSERT INTO `fact_payroll` VALUES ('6', '47', '80000.00', '0.00', '0.00', '0.00', '0.00', '956.00', '80956.00', '2013-07-15 15:54:13', '2013-07-15 15:54:13');
INSERT INTO `fact_payroll` VALUES ('6', '48', '94000.00', '0.00', '0.00', '0.00', '0.00', '1047.00', '95047.00', '2013-07-15 15:54:13', '2013-07-15 15:54:13');
INSERT INTO `fact_payroll` VALUES ('6', '49', '87000.00', '0.00', '0.00', '0.00', '0.00', '1138.00', '88138.00', '2013-07-15 15:54:13', '2013-07-15 15:54:13');
INSERT INTO `fact_payroll` VALUES ('6', '50', '80000.00', '0.00', '1138.00', '0.00', '0.00', '1229.00', '82367.00', '2013-07-15 15:54:13', '2013-07-15 15:54:13');
INSERT INTO `fact_payroll` VALUES ('6', '51', '80000.00', '0.00', '228.00', '501.00', '0.00', '0.00', '80729.00', '2013-07-15 15:54:13', '2013-07-15 15:54:13');
INSERT INTO `fact_payroll` VALUES ('6', '52', '90000.00', '690.00', '319.00', '0.00', '0.00', '0.00', '91009.00', '2013-07-15 15:54:13', '2013-07-15 15:54:13');
INSERT INTO `fact_payroll` VALUES ('6', '53', '90000.00', '340.00', '410.00', '1047.00', '0.00', '1047.00', '92844.00', '2013-07-15 15:54:13', '2013-07-15 15:54:13');
INSERT INTO `fact_payroll` VALUES ('6', '54', '30000.00', '890.00', '501.00', '0.00', '0.00', '0.00', '31391.00', '2013-07-15 15:54:13', '2013-07-15 15:54:13');
INSERT INTO `fact_payroll` VALUES ('6', '55', '15000.00', '120.00', '592.00', '0.00', '0.00', '0.00', '15712.00', '2013-07-15 15:54:13', '2013-07-15 15:54:13');
INSERT INTO `fact_payroll` VALUES ('6', '56', '9000.00', '2900.00', '683.00', '0.00', '0.00', '0.00', '12583.00', '2013-07-15 15:54:13', '2013-07-15 15:54:13');
INSERT INTO `fact_payroll` VALUES ('6', '57', '19000.00', '0.00', '0.00', '0.00', '0.00', '0.00', '19000.00', '2013-07-15 15:54:13', '2013-07-15 15:54:13');
INSERT INTO `fact_payroll` VALUES ('6', '58', '15000.00', '560.00', '774.00', '0.00', '0.00', '0.00', '16334.00', '2013-07-15 15:54:13', '2013-07-15 15:54:13');
INSERT INTO `fact_payroll` VALUES ('6', '59', '10000.00', '340.00', '0.00', '340.00', '0.00', '340.00', '11020.00', '2013-07-15 15:54:13', '2013-07-15 15:54:13');
INSERT INTO `fact_payroll` VALUES ('6', '60', '9500.00', '650.00', '0.00', '650.00', '0.00', '650.00', '11450.00', '2013-07-15 15:54:13', '2013-07-15 15:54:13');
INSERT INTO `fact_payroll` VALUES ('6', '61', '10000.00', '280.00', '0.00', '280.00', '0.00', '280.00', '10840.00', '2013-07-15 15:54:13', '2013-07-15 15:54:13');
INSERT INTO `fact_payroll` VALUES ('6', '62', '10000.00', '900.00', '0.00', '900.00', '0.00', '900.00', '12700.00', '2013-07-15 15:54:13', '2013-07-15 15:54:13');
INSERT INTO `fact_payroll` VALUES ('6', '63', '11000.00', '890.00', '0.00', '890.00', '0.00', '890.00', '13670.00', '2013-07-15 15:54:13', '2013-07-15 15:54:13');
INSERT INTO `fact_payroll` VALUES ('6', '64', '17000.00', '640.00', '0.00', '640.00', '0.00', '640.00', '18920.00', '2013-07-15 15:54:13', '2013-07-15 15:54:13');
INSERT INTO `fact_payroll` VALUES ('6', '65', '17000.00', '340.00', '0.00', '340.00', '0.00', '340.00', '18020.00', '2013-07-15 15:54:13', '2013-07-15 15:54:13');
INSERT INTO `fact_payroll` VALUES ('6', '66', '17000.00', '890.00', '0.00', '890.00', '0.00', '890.00', '19670.00', '2013-07-15 15:54:13', '2013-07-15 15:54:13');
INSERT INTO `fact_payroll` VALUES ('6', '67', '17000.00', '120.00', '0.00', '120.00', '0.00', '120.00', '17360.00', '2013-07-15 15:54:13', '2013-07-15 15:54:13');
INSERT INTO `fact_payroll` VALUES ('6', '68', '30000.00', '0.00', '0.00', '0.00', '0.00', '0.00', '30000.00', '2013-07-15 15:54:13', '2013-07-15 15:54:13');
INSERT INTO `fact_payroll` VALUES ('6', '69', '17000.00', '0.00', '0.00', '0.00', '0.00', '0.00', '17000.00', '2013-07-15 15:54:13', '2013-07-15 15:54:13');
INSERT INTO `fact_payroll` VALUES ('6', '70', '17000.00', '436.80', '100.00', '436.80', '0.00', '436.80', '18410.00', '2013-07-15 15:54:13', '2013-07-15 15:54:13');
INSERT INTO `fact_payroll` VALUES ('6', '71', '11000.00', '436.80', '120.00', '436.80', '100.00', '436.80', '12330.00', '2013-07-15 15:54:13', '2013-07-15 15:54:13');
INSERT INTO `fact_payroll` VALUES ('6', '72', '17000.00', '436.80', '0.00', '436.80', '120.00', '436.80', '18190.00', '2013-07-15 15:54:13', '2013-07-15 15:54:13');
INSERT INTO `fact_payroll` VALUES ('6', '73', '17000.00', '501.00', '0.00', '501.00', '0.00', '501.00', '18503.00', '2013-07-15 15:54:13', '2013-07-15 15:54:13');
INSERT INTO `fact_payroll` VALUES ('6', '74', '17000.00', '592.00', '0.00', '592.00', '0.00', '592.00', '18776.00', '2013-07-15 15:54:13', '2013-07-15 15:54:13');
INSERT INTO `fact_payroll` VALUES ('6', '75', '17000.00', '683.00', '0.00', '683.00', '0.00', '683.00', '19049.00', '2013-07-15 15:54:13', '2013-07-15 15:54:13');
INSERT INTO `fact_payroll` VALUES ('6', '76', '10000.00', '774.00', '0.00', '774.00', '0.00', '774.00', '12322.00', '2013-07-15 15:54:13', '2013-07-15 15:54:13');
INSERT INTO `fact_payroll` VALUES ('6', '77', '9500.00', '865.00', '0.00', '865.00', '0.00', '865.00', '12095.00', '2013-07-15 15:54:13', '2013-07-15 15:54:13');
INSERT INTO `fact_payroll` VALUES ('6', '78', '10000.00', '956.00', '0.00', '956.00', '0.00', '956.00', '12868.00', '2013-07-15 15:54:13', '2013-07-15 15:54:13');
INSERT INTO `fact_payroll` VALUES ('6', '79', '35000.00', '0.00', '0.00', '0.00', '0.00', '0.00', '35000.00', '2013-07-15 15:54:13', '2013-07-15 15:54:13');
INSERT INTO `fact_payroll` VALUES ('6', '80', '10000.00', '1047.00', '0.00', '1047.00', '0.00', '1047.00', '13141.00', '2013-07-15 15:54:13', '2013-07-15 15:54:13');
INSERT INTO `fact_payroll` VALUES ('6', '81', '11000.00', '1138.00', '0.00', '1138.00', '0.00', '1138.00', '14414.00', '2013-07-15 15:54:13', '2013-07-15 15:54:13');
INSERT INTO `fact_payroll` VALUES ('6', '82', '11000.00', '1229.00', '0.00', '1229.00', '0.00', '1229.00', '14687.00', '2013-07-15 15:54:13', '2013-07-15 15:54:13');
INSERT INTO `fact_payroll` VALUES ('6', '90', '35000.00', '0.00', '0.00', '0.00', '0.00', '0.00', '35000.00', '2013-07-15 15:54:13', '2013-07-15 15:54:13');
INSERT INTO `fact_payroll` VALUES ('7', '1', '15000.00', '870.00', '865.00', '0.00', '0.00', '0.00', '16735.00', '2013-07-15 15:54:13', '2013-07-15 15:54:13');
INSERT INTO `fact_payroll` VALUES ('7', '2', '20000.00', '560.00', '356.00', '0.00', '0.00', '865.00', '21781.00', '2013-07-15 15:54:13', '2013-07-15 15:54:13');
INSERT INTO `fact_payroll` VALUES ('7', '4', '22000.00', '870.00', '568.00', '0.00', '0.00', '956.00', '24394.00', '2013-07-15 15:54:13', '2013-07-15 15:54:13');
INSERT INTO `fact_payroll` VALUES ('7', '5', '38000.00', '340.00', '657.00', '0.00', '0.00', '1047.00', '40044.00', '2013-07-15 15:54:13', '2013-07-15 15:54:13');
INSERT INTO `fact_payroll` VALUES ('7', '6', '35000.00', '650.00', '0.00', '0.00', '0.00', '1138.00', '36788.00', '2013-07-15 15:54:13', '2013-07-15 15:54:13');
INSERT INTO `fact_payroll` VALUES ('7', '7', '19000.00', '280.00', '0.00', '0.00', '0.00', '1229.00', '20509.00', '2013-07-15 15:54:13', '2013-07-15 15:54:13');
INSERT INTO `fact_payroll` VALUES ('7', '8', '19000.00', '900.00', '0.00', '0.00', '0.00', '1320.00', '21220.00', '2013-07-15 15:54:13', '2013-07-15 15:54:13');
INSERT INTO `fact_payroll` VALUES ('7', '9', '19000.00', '890.00', '0.00', '0.00', '0.00', '780.00', '20670.00', '2013-07-15 15:54:13', '2013-07-15 15:54:13');
INSERT INTO `fact_payroll` VALUES ('7', '10', '35000.00', '640.00', '0.00', '456.00', '0.00', '456.00', '36552.00', '2013-07-15 15:54:13', '2013-07-15 15:54:13');
INSERT INTO `fact_payroll` VALUES ('7', '11', '38000.00', '340.00', '0.00', '765.00', '0.00', '765.00', '39870.00', '2013-07-15 15:54:13', '2013-07-15 15:54:13');
INSERT INTO `fact_payroll` VALUES ('7', '12', '19000.00', '890.00', '0.00', '356.00', '0.00', '356.00', '20602.00', '2013-07-15 15:54:13', '2013-07-15 15:54:13');
INSERT INTO `fact_payroll` VALUES ('7', '13', '22000.00', '340.00', '956.00', '1138.00', '0.00', '1138.00', '25572.00', '2013-07-15 15:54:13', '2013-07-15 15:54:13');
INSERT INTO `fact_payroll` VALUES ('7', '14', '38000.00', '120.00', '0.00', '568.00', '0.00', '568.00', '39256.00', '2013-07-15 15:54:13', '2013-07-15 15:54:13');
INSERT INTO `fact_payroll` VALUES ('7', '15', '9500.00', '2900.00', '0.00', '657.00', '0.00', '657.00', '13714.00', '2013-07-15 15:54:13', '2013-07-15 15:54:13');
INSERT INTO `fact_payroll` VALUES ('7', '16', '35000.00', '560.00', '0.00', '0.00', '0.00', '0.00', '35560.00', '2013-07-15 15:54:13', '2013-07-15 15:54:13');
INSERT INTO `fact_payroll` VALUES ('7', '17', '15000.00', '870.00', '0.00', '0.00', '0.00', '0.00', '15870.00', '2013-07-15 15:54:13', '2013-07-15 15:54:13');
INSERT INTO `fact_payroll` VALUES ('7', '18', '36000.00', '340.00', '0.00', '0.00', '0.00', '0.00', '36340.00', '2013-07-15 15:54:13', '2013-07-15 15:54:13');
INSERT INTO `fact_payroll` VALUES ('7', '19', '35000.00', '890.00', '0.00', '445.60', '0.00', '445.60', '36781.00', '2013-07-15 15:54:13', '2013-07-15 15:54:13');
INSERT INTO `fact_payroll` VALUES ('7', '20', '15000.00', '120.00', '0.00', '443.40', '0.00', '443.40', '16007.00', '2013-07-15 15:54:13', '2013-07-15 15:54:13');
INSERT INTO `fact_payroll` VALUES ('7', '21', '19000.00', '2900.00', '0.00', '441.20', '0.00', '441.20', '22782.00', '2013-07-15 15:54:13', '2013-07-15 15:54:13');
INSERT INTO `fact_payroll` VALUES ('7', '22', '37000.00', '560.00', '0.00', '439.00', '0.00', '439.00', '38438.00', '2013-07-15 15:54:13', '2013-07-15 15:54:13');
INSERT INTO `fact_payroll` VALUES ('7', '23', '35000.00', '870.00', '0.00', '436.80', '0.00', '436.80', '36744.00', '2013-07-15 15:54:13', '2013-07-15 15:54:13');
INSERT INTO `fact_payroll` VALUES ('7', '24', '19000.00', '650.00', '1047.00', '228.00', '0.00', '228.00', '21153.00', '2013-07-15 15:54:13', '2013-07-15 15:54:13');
INSERT INTO `fact_payroll` VALUES ('7', '25', '38000.00', '340.00', '0.00', '434.60', '0.00', '434.60', '39209.00', '2013-07-15 15:54:13', '2013-07-15 15:54:13');
INSERT INTO `fact_payroll` VALUES ('7', '26', '35000.00', '650.00', '0.00', '319.00', '0.00', '319.00', '36288.00', '2013-07-15 15:54:13', '2013-07-15 15:54:13');
INSERT INTO `fact_payroll` VALUES ('7', '27', '19500.00', '280.00', '0.00', '410.00', '0.00', '410.00', '20600.00', '2013-07-15 15:54:13', '2013-07-15 15:54:13');
INSERT INTO `fact_payroll` VALUES ('7', '28', '15000.00', '900.00', '0.00', '501.00', '0.00', '0.00', '16401.00', '2013-07-15 15:54:13', '2013-07-15 15:54:13');
INSERT INTO `fact_payroll` VALUES ('7', '29', '150000.00', '890.00', '0.00', '592.00', '0.00', '1138.00', '152620.00', '2013-07-15 15:54:13', '2013-07-15 15:54:13');
INSERT INTO `fact_payroll` VALUES ('7', '30', '36000.00', '640.00', '0.00', '683.00', '0.00', '228.00', '37551.00', '2013-07-15 15:54:13', '2013-07-15 15:54:13');
INSERT INTO `fact_payroll` VALUES ('7', '31', '34000.00', '590.00', '0.00', '774.00', '0.00', '319.00', '35683.00', '2013-07-15 15:54:13', '2013-07-15 15:54:13');
INSERT INTO `fact_payroll` VALUES ('7', '32', '16000.00', '480.00', '0.00', '865.00', '0.00', '410.00', '17755.00', '2013-07-15 15:54:13', '2013-07-15 15:54:13');
INSERT INTO `fact_payroll` VALUES ('7', '33', '36000.00', '340.00', '0.00', '956.00', '90.00', '501.00', '37707.00', '2013-07-15 15:54:13', '2013-07-15 15:54:13');
INSERT INTO `fact_payroll` VALUES ('7', '34', '10000.00', '0.00', '0.00', '1047.00', '35.00', '592.00', '11604.00', '2013-07-15 15:54:13', '2013-07-15 15:54:13');
INSERT INTO `fact_payroll` VALUES ('7', '35', '22000.00', '280.00', '1138.00', '319.00', '0.00', '319.00', '24056.00', '2013-07-15 15:54:13', '2013-07-15 15:54:13');
INSERT INTO `fact_payroll` VALUES ('7', '36', '34000.00', '0.00', '0.00', '1138.00', '67.00', '683.00', '35754.00', '2013-07-15 15:54:13', '2013-07-15 15:54:13');
INSERT INTO `fact_payroll` VALUES ('7', '37', '22000.00', '0.00', '0.00', '1229.00', '0.00', '774.00', '24003.00', '2013-07-15 15:54:13', '2013-07-15 15:54:13');
INSERT INTO `fact_payroll` VALUES ('7', '38', '35000.00', '340.00', '0.00', '0.00', '0.00', '865.00', '36205.00', '2013-07-15 15:54:13', '2013-07-15 15:54:13');
INSERT INTO `fact_payroll` VALUES ('7', '39', '30000.00', '650.00', '0.00', '0.00', '0.00', '956.00', '31606.00', '2013-07-15 15:54:13', '2013-07-15 15:54:13');
INSERT INTO `fact_payroll` VALUES ('7', '40', '34000.00', '280.00', '0.00', '1047.00', '0.00', '1047.00', '36374.00', '2013-07-15 15:54:13', '2013-07-15 15:54:13');
INSERT INTO `fact_payroll` VALUES ('7', '41', '30000.00', '900.00', '0.00', '0.00', '0.00', '1138.00', '32038.00', '2013-07-15 15:54:13', '2013-07-15 15:54:13');
INSERT INTO `fact_payroll` VALUES ('7', '42', '11000.00', '890.00', '0.00', '0.00', '0.00', '1229.00', '13119.00', '2013-07-15 15:54:13', '2013-07-15 15:54:13');
INSERT INTO `fact_payroll` VALUES ('7', '43', '85000.00', '120.00', '0.00', '0.00', '0.00', '1320.00', '86440.00', '2013-07-15 15:54:13', '2013-07-15 15:54:13');
INSERT INTO `fact_payroll` VALUES ('7', '44', '80000.00', '2900.00', '0.00', '0.00', '0.00', '780.00', '83680.00', '2013-07-15 15:54:13', '2013-07-15 15:54:13');
INSERT INTO `fact_payroll` VALUES ('7', '45', '93000.00', '560.00', '0.00', '0.00', '0.00', '456.00', '94016.00', '2013-07-15 15:54:13', '2013-07-15 15:54:13');
INSERT INTO `fact_payroll` VALUES ('7', '46', '35000.00', '900.00', '1229.00', '0.00', '0.00', '410.00', '37539.00', '2013-07-15 15:54:13', '2013-07-15 15:54:13');
INSERT INTO `fact_payroll` VALUES ('7', '47', '80000.00', '870.00', '0.00', '1138.00', '0.00', '765.00', '82773.00', '2013-07-15 15:54:13', '2013-07-15 15:54:13');
INSERT INTO `fact_payroll` VALUES ('7', '48', '94000.00', '340.00', '0.00', '228.00', '0.00', '356.00', '94924.00', '2013-07-15 15:54:13', '2013-07-15 15:54:13');
INSERT INTO `fact_payroll` VALUES ('7', '49', '87000.00', '890.00', '0.00', '319.00', '0.00', '568.00', '88777.00', '2013-07-15 15:54:13', '2013-07-15 15:54:13');
INSERT INTO `fact_payroll` VALUES ('7', '50', '80000.00', '120.00', '0.00', '410.00', '0.00', '657.00', '81187.00', '2013-07-15 15:54:13', '2013-07-15 15:54:13');
INSERT INTO `fact_payroll` VALUES ('7', '51', '80000.00', '2900.00', '0.00', '501.00', '0.00', '0.00', '83401.00', '2013-07-15 15:54:13', '2013-07-15 15:54:13');
INSERT INTO `fact_payroll` VALUES ('7', '52', '90000.00', '560.00', '0.00', '592.00', '0.00', '0.00', '91152.00', '2013-07-15 15:54:13', '2013-07-15 15:54:13');
INSERT INTO `fact_payroll` VALUES ('7', '53', '90000.00', '870.00', '0.00', '683.00', '100.00', '0.00', '91453.00', '2013-07-15 15:54:13', '2013-07-15 15:54:13');
INSERT INTO `fact_payroll` VALUES ('7', '54', '30000.00', '340.00', '0.00', '774.00', '120.00', '445.60', '31440.00', '2013-07-15 15:54:13', '2013-07-15 15:54:13');
INSERT INTO `fact_payroll` VALUES ('7', '55', '15000.00', '650.00', '90.00', '865.00', '0.00', '443.40', '17048.00', '2013-07-15 15:54:13', '2013-07-15 15:54:13');
INSERT INTO `fact_payroll` VALUES ('7', '56', '9000.00', '280.00', '0.00', '956.00', '0.00', '441.20', '10677.00', '2013-07-15 15:54:13', '2013-07-15 15:54:13');
INSERT INTO `fact_payroll` VALUES ('7', '57', '19000.00', '890.00', '1320.00', '0.00', '0.00', '501.00', '21711.00', '2013-07-15 15:54:13', '2013-07-15 15:54:13');
INSERT INTO `fact_payroll` VALUES ('7', '58', '15000.00', '870.00', '0.00', '870.00', '0.00', '870.00', '17610.00', '2013-07-15 15:54:13', '2013-07-15 15:54:13');
INSERT INTO `fact_payroll` VALUES ('7', '59', '10000.00', '340.00', '0.00', '340.00', '0.00', '340.00', '11020.00', '2013-07-15 15:54:13', '2013-07-15 15:54:13');
INSERT INTO `fact_payroll` VALUES ('7', '60', '9500.00', '650.00', '0.00', '650.00', '0.00', '650.00', '11450.00', '2013-07-15 15:54:13', '2013-07-15 15:54:13');
INSERT INTO `fact_payroll` VALUES ('7', '61', '10000.00', '280.00', '0.00', '280.00', '0.00', '280.00', '10840.00', '2013-07-15 15:54:13', '2013-07-15 15:54:13');
INSERT INTO `fact_payroll` VALUES ('7', '62', '10000.00', '900.00', '0.00', '900.00', '0.00', '900.00', '12700.00', '2013-07-15 15:54:13', '2013-07-15 15:54:13');
INSERT INTO `fact_payroll` VALUES ('7', '63', '11000.00', '890.00', '0.00', '890.00', '0.00', '890.00', '13670.00', '2013-07-15 15:54:13', '2013-07-15 15:54:13');
INSERT INTO `fact_payroll` VALUES ('7', '64', '17000.00', '640.00', '0.00', '640.00', '0.00', '640.00', '18920.00', '2013-07-15 15:54:13', '2013-07-15 15:54:13');
INSERT INTO `fact_payroll` VALUES ('7', '65', '17000.00', '340.00', '0.00', '340.00', '0.00', '340.00', '18020.00', '2013-07-15 15:54:13', '2013-07-15 15:54:13');
INSERT INTO `fact_payroll` VALUES ('7', '66', '17000.00', '890.00', '0.00', '890.00', '0.00', '890.00', '19670.00', '2013-07-15 15:54:13', '2013-07-15 15:54:13');
INSERT INTO `fact_payroll` VALUES ('7', '67', '17000.00', '120.00', '0.00', '120.00', '0.00', '120.00', '17360.00', '2013-07-15 15:54:13', '2013-07-15 15:54:13');
INSERT INTO `fact_payroll` VALUES ('7', '68', '30000.00', '640.00', '780.00', '0.00', '0.00', '592.00', '32012.00', '2013-07-15 15:54:13', '2013-07-15 15:54:13');
INSERT INTO `fact_payroll` VALUES ('7', '69', '17000.00', '0.00', '0.00', '0.00', '0.00', '0.00', '17000.00', '2013-07-15 15:54:13', '2013-07-15 15:54:13');
INSERT INTO `fact_payroll` VALUES ('7', '70', '17000.00', '436.80', '100.00', '436.80', '0.00', '436.80', '18410.00', '2013-07-15 15:54:13', '2013-07-15 15:54:13');
INSERT INTO `fact_payroll` VALUES ('7', '71', '11000.00', '436.80', '120.00', '436.80', '100.00', '436.80', '12330.00', '2013-07-15 15:54:13', '2013-07-15 15:54:13');
INSERT INTO `fact_payroll` VALUES ('7', '72', '17000.00', '436.80', '0.00', '436.80', '120.00', '436.80', '18190.00', '2013-07-15 15:54:13', '2013-07-15 15:54:13');
INSERT INTO `fact_payroll` VALUES ('7', '73', '17000.00', '501.00', '0.00', '501.00', '0.00', '501.00', '18503.00', '2013-07-15 15:54:13', '2013-07-15 15:54:13');
INSERT INTO `fact_payroll` VALUES ('7', '74', '17000.00', '592.00', '0.00', '592.00', '0.00', '592.00', '18776.00', '2013-07-15 15:54:13', '2013-07-15 15:54:13');
INSERT INTO `fact_payroll` VALUES ('7', '75', '17000.00', '683.00', '0.00', '683.00', '0.00', '683.00', '19049.00', '2013-07-15 15:54:13', '2013-07-15 15:54:13');
INSERT INTO `fact_payroll` VALUES ('7', '76', '10000.00', '774.00', '0.00', '774.00', '0.00', '774.00', '12322.00', '2013-07-15 15:54:13', '2013-07-15 15:54:13');
INSERT INTO `fact_payroll` VALUES ('7', '77', '9500.00', '865.00', '0.00', '865.00', '0.00', '865.00', '12095.00', '2013-07-15 15:54:13', '2013-07-15 15:54:13');
INSERT INTO `fact_payroll` VALUES ('7', '78', '10000.00', '956.00', '0.00', '956.00', '0.00', '956.00', '12868.00', '2013-07-15 15:54:13', '2013-07-15 15:54:13');
INSERT INTO `fact_payroll` VALUES ('7', '79', '35000.00', '120.00', '456.00', '0.00', '0.00', '683.00', '36259.00', '2013-07-15 15:54:13', '2013-07-15 15:54:13');
INSERT INTO `fact_payroll` VALUES ('7', '80', '10000.00', '1047.00', '0.00', '1047.00', '0.00', '1047.00', '13141.00', '2013-07-15 15:54:13', '2013-07-15 15:54:13');
INSERT INTO `fact_payroll` VALUES ('7', '81', '11000.00', '1138.00', '0.00', '1138.00', '0.00', '1138.00', '14414.00', '2013-07-15 15:54:13', '2013-07-15 15:54:13');
INSERT INTO `fact_payroll` VALUES ('7', '82', '11000.00', '1229.00', '0.00', '1229.00', '0.00', '1229.00', '14687.00', '2013-07-15 15:54:13', '2013-07-15 15:54:13');
INSERT INTO `fact_payroll` VALUES ('7', '83', '17000.00', '0.00', '0.00', '0.00', '0.00', '0.00', '17000.00', '2013-07-15 15:54:13', '2013-07-15 15:54:13');
INSERT INTO `fact_payroll` VALUES ('7', '84', '17000.00', '0.00', '0.00', '0.00', '0.00', '0.00', '17000.00', '2013-07-15 15:54:13', '2013-07-15 15:54:13');
INSERT INTO `fact_payroll` VALUES ('7', '85', '17000.00', '0.00', '0.00', '0.00', '0.00', '0.00', '17000.00', '2013-07-15 15:54:13', '2013-07-15 15:54:13');
INSERT INTO `fact_payroll` VALUES ('7', '86', '17000.00', '0.00', '120.00', '0.00', '0.00', '0.00', '17120.00', '2013-07-15 15:54:13', '2013-07-15 15:54:13');
INSERT INTO `fact_payroll` VALUES ('7', '87', '17000.00', '1047.00', '120.00', '1047.00', '120.00', '1047.00', '20141.00', '2013-07-15 15:54:13', '2013-07-15 15:54:13');
INSERT INTO `fact_payroll` VALUES ('7', '88', '17000.00', '0.00', '0.00', '0.00', '120.00', '0.00', '16880.00', '2013-07-15 15:54:13', '2013-07-15 15:54:13');
INSERT INTO `fact_payroll` VALUES ('7', '89', '11000.00', '0.00', '0.00', '0.00', '0.00', '0.00', '11000.00', '2013-07-15 15:54:13', '2013-07-15 15:54:13');
INSERT INTO `fact_payroll` VALUES ('7', '90', '35000.00', '2900.00', '765.00', '0.00', '0.00', '774.00', '39439.00', '2013-07-15 15:54:13', '2013-07-15 15:54:13');
INSERT INTO `fact_payroll` VALUES ('7', '91', '17000.00', '0.00', '0.00', '0.00', '0.00', '0.00', '17000.00', '2013-07-15 15:54:13', '2013-07-15 15:54:13');
INSERT INTO `fact_payroll` VALUES ('8', '1', '15000.00', '0.00', '0.00', '0.00', '0.00', '0.00', '15000.00', '2013-07-15 15:54:13', '2013-07-15 15:54:13');
INSERT INTO `fact_payroll` VALUES ('8', '2', '20000.00', '0.00', '340.00', '0.00', '0.00', '0.00', '20340.00', '2013-07-15 15:54:13', '2013-07-15 15:54:13');
INSERT INTO `fact_payroll` VALUES ('8', '4', '22000.00', '0.00', '0.00', '0.00', '120.00', '0.00', '21880.00', '2013-07-15 15:54:13', '2013-07-15 15:54:13');
INSERT INTO `fact_payroll` VALUES ('8', '5', '38000.00', '657.00', '0.00', '657.00', '120.00', '657.00', '39851.00', '2013-07-15 15:54:13', '2013-07-15 15:54:13');
INSERT INTO `fact_payroll` VALUES ('8', '6', '35000.00', '0.00', '0.00', '0.00', '0.00', '0.00', '35000.00', '2013-07-15 15:54:13', '2013-07-15 15:54:13');
INSERT INTO `fact_payroll` VALUES ('8', '7', '19000.00', '0.00', '0.00', '0.00', '0.00', '0.00', '19000.00', '2013-07-15 15:54:13', '2013-07-15 15:54:13');
INSERT INTO `fact_payroll` VALUES ('8', '8', '19000.00', '0.00', '0.00', '0.00', '0.00', '0.00', '19000.00', '2013-07-15 15:54:13', '2013-07-15 15:54:13');
INSERT INTO `fact_payroll` VALUES ('8', '9', '19000.00', '445.60', '0.00', '445.60', '0.00', '445.60', '20337.00', '2013-07-15 15:54:13', '2013-07-15 15:54:13');
INSERT INTO `fact_payroll` VALUES ('8', '10', '35000.00', '443.40', '0.00', '443.40', '0.00', '443.40', '36330.00', '2013-07-15 15:54:13', '2013-07-15 15:54:13');
INSERT INTO `fact_payroll` VALUES ('8', '11', '38000.00', '441.20', '0.00', '441.20', '0.00', '441.20', '39324.00', '2013-07-15 15:54:13', '2013-07-15 15:54:13');
INSERT INTO `fact_payroll` VALUES ('8', '12', '19000.00', '439.00', '800.00', '439.00', '0.00', '439.00', '21117.00', '2013-07-15 15:54:13', '2013-07-15 15:54:13');
INSERT INTO `fact_payroll` VALUES ('8', '13', '22000.00', '0.00', '0.00', '0.00', '0.00', '0.00', '22000.00', '2013-07-15 15:54:13', '2013-07-15 15:54:13');
INSERT INTO `fact_payroll` VALUES ('8', '14', '38000.00', '436.80', '600.00', '436.80', '0.00', '436.80', '39910.00', '2013-07-15 15:54:13', '2013-07-15 15:54:13');
INSERT INTO `fact_payroll` VALUES ('8', '15', '9500.00', '434.60', '400.00', '434.60', '0.00', '434.60', '11204.00', '2013-07-15 15:54:13', '2013-07-15 15:54:13');
INSERT INTO `fact_payroll` VALUES ('8', '16', '35000.00', '319.00', '980.00', '319.00', '0.00', '319.00', '36937.00', '2013-07-15 15:54:13', '2013-07-15 15:54:13');
INSERT INTO `fact_payroll` VALUES ('8', '17', '15000.00', '410.00', '0.00', '410.00', '0.00', '410.00', '16230.00', '2013-07-15 15:54:13', '2013-07-15 15:54:13');
INSERT INTO `fact_payroll` VALUES ('8', '18', '36000.00', '501.00', '0.00', '501.00', '0.00', '501.00', '37503.00', '2013-07-15 15:54:13', '2013-07-15 15:54:13');
INSERT INTO `fact_payroll` VALUES ('8', '19', '35000.00', '592.00', '0.00', '592.00', '0.00', '592.00', '36776.00', '2013-07-15 15:54:13', '2013-07-15 15:54:13');
INSERT INTO `fact_payroll` VALUES ('8', '20', '15000.00', '683.00', '0.00', '683.00', '0.00', '683.00', '17049.00', '2013-07-15 15:54:13', '2013-07-15 15:54:13');
INSERT INTO `fact_payroll` VALUES ('8', '21', '19000.00', '774.00', '0.00', '774.00', '0.00', '774.00', '21322.00', '2013-07-15 15:54:13', '2013-07-15 15:54:13');
INSERT INTO `fact_payroll` VALUES ('8', '22', '37000.00', '865.00', '0.00', '865.00', '0.00', '865.00', '39595.00', '2013-07-15 15:54:13', '2013-07-15 15:54:13');
INSERT INTO `fact_payroll` VALUES ('8', '23', '35000.00', '956.00', '0.00', '956.00', '0.00', '956.00', '37868.00', '2013-07-15 15:54:13', '2013-07-15 15:54:13');
INSERT INTO `fact_payroll` VALUES ('8', '24', '19000.00', '0.00', '0.00', '0.00', '0.00', '0.00', '19000.00', '2013-07-15 15:54:13', '2013-07-15 15:54:13');
INSERT INTO `fact_payroll` VALUES ('8', '25', '38000.00', '1047.00', '0.00', '1047.00', '0.00', '1047.00', '41141.00', '2013-07-15 15:54:13', '2013-07-15 15:54:13');
INSERT INTO `fact_payroll` VALUES ('8', '26', '35000.00', '890.00', '0.00', '890.00', '0.00', '890.00', '37670.00', '2013-07-15 15:54:13', '2013-07-15 15:54:13');
INSERT INTO `fact_payroll` VALUES ('8', '27', '19500.00', '640.00', '0.00', '640.00', '0.00', '640.00', '21420.00', '2013-07-15 15:54:13', '2013-07-15 15:54:13');
INSERT INTO `fact_payroll` VALUES ('8', '28', '15000.00', '120.00', '0.00', '120.00', '0.00', '120.00', '15360.00', '2013-07-15 15:54:13', '2013-07-15 15:54:13');
INSERT INTO `fact_payroll` VALUES ('8', '29', '150000.00', '2900.00', '0.00', '2900.00', '0.00', '2900.00', '158700.00', '2013-07-15 15:54:13', '2013-07-15 15:54:13');
INSERT INTO `fact_payroll` VALUES ('8', '30', '36000.00', '560.00', '0.00', '560.00', '0.00', '560.00', '37680.00', '2013-07-15 15:54:13', '2013-07-15 15:54:13');
INSERT INTO `fact_payroll` VALUES ('8', '31', '34000.00', '870.00', '0.00', '870.00', '0.00', '870.00', '36610.00', '2013-07-15 15:54:13', '2013-07-15 15:54:13');
INSERT INTO `fact_payroll` VALUES ('8', '32', '16000.00', '340.00', '0.00', '340.00', '0.00', '340.00', '17020.00', '2013-07-15 15:54:13', '2013-07-15 15:54:13');
INSERT INTO `fact_payroll` VALUES ('8', '33', '36000.00', '650.00', '0.00', '650.00', '0.00', '650.00', '37950.00', '2013-07-15 15:54:13', '2013-07-15 15:54:13');
INSERT INTO `fact_payroll` VALUES ('8', '34', '10000.00', '280.00', '0.00', '280.00', '0.00', '280.00', '10840.00', '2013-07-15 15:54:13', '2013-07-15 15:54:13');
INSERT INTO `fact_payroll` VALUES ('8', '35', '22000.00', '0.00', '0.00', '0.00', '0.00', '0.00', '22000.00', '2013-07-15 15:54:13', '2013-07-15 15:54:13');
INSERT INTO `fact_payroll` VALUES ('8', '36', '34000.00', '900.00', '0.00', '900.00', '0.00', '900.00', '36700.00', '2013-07-15 15:54:13', '2013-07-15 15:54:13');
INSERT INTO `fact_payroll` VALUES ('8', '37', '22000.00', '890.00', '0.00', '890.00', '0.00', '890.00', '24670.00', '2013-07-15 15:54:13', '2013-07-15 15:54:13');
INSERT INTO `fact_payroll` VALUES ('8', '38', '35000.00', '640.00', '0.00', '640.00', '0.00', '640.00', '36920.00', '2013-07-15 15:54:13', '2013-07-15 15:54:13');
INSERT INTO `fact_payroll` VALUES ('8', '39', '30000.00', '340.00', '800.00', '340.00', '0.00', '340.00', '31820.00', '2013-07-15 15:54:13', '2013-07-15 15:54:13');
INSERT INTO `fact_payroll` VALUES ('8', '40', '34000.00', '890.00', '1500.00', '890.00', '0.00', '890.00', '38170.00', '2013-07-15 15:54:13', '2013-07-15 15:54:13');
INSERT INTO `fact_payroll` VALUES ('8', '41', '30000.00', '120.00', '0.00', '120.00', '0.00', '120.00', '30360.00', '2013-07-15 15:54:13', '2013-07-15 15:54:13');
INSERT INTO `fact_payroll` VALUES ('8', '42', '11000.00', '0.00', '0.00', '0.00', '0.00', '0.00', '11000.00', '2013-07-15 15:54:13', '2013-07-15 15:54:13');
INSERT INTO `fact_payroll` VALUES ('8', '43', '85000.00', '436.80', '0.00', '436.80', '0.00', '436.80', '86310.00', '2013-07-15 15:54:13', '2013-07-15 15:54:13');
INSERT INTO `fact_payroll` VALUES ('8', '44', '80000.00', '436.80', '800.00', '436.80', '0.00', '436.80', '82110.00', '2013-07-15 15:54:13', '2013-07-15 15:54:13');
INSERT INTO `fact_payroll` VALUES ('8', '45', '93000.00', '436.80', '900.00', '436.80', '0.00', '436.80', '95210.00', '2013-07-15 15:54:13', '2013-07-15 15:54:13');
INSERT INTO `fact_payroll` VALUES ('8', '46', '35000.00', '0.00', '0.00', '0.00', '0.00', '0.00', '35000.00', '2013-07-15 15:54:13', '2013-07-15 15:54:13');
INSERT INTO `fact_payroll` VALUES ('8', '47', '80000.00', '501.00', '609.00', '501.00', '0.00', '501.00', '82112.00', '2013-07-15 15:54:13', '2013-07-15 15:54:13');
INSERT INTO `fact_payroll` VALUES ('8', '48', '94000.00', '592.00', '890.00', '592.00', '0.00', '592.00', '96666.00', '2013-07-15 15:54:13', '2013-07-15 15:54:13');
INSERT INTO `fact_payroll` VALUES ('8', '49', '87000.00', '683.00', '0.00', '683.00', '0.00', '683.00', '89049.00', '2013-07-15 15:54:13', '2013-07-15 15:54:13');
INSERT INTO `fact_payroll` VALUES ('8', '50', '80000.00', '774.00', '0.00', '774.00', '0.00', '774.00', '82322.00', '2013-07-15 15:54:13', '2013-07-15 15:54:13');
INSERT INTO `fact_payroll` VALUES ('8', '51', '80000.00', '865.00', '0.00', '865.00', '0.00', '865.00', '82595.00', '2013-07-15 15:54:13', '2013-07-15 15:54:13');
INSERT INTO `fact_payroll` VALUES ('8', '52', '90000.00', '956.00', '0.00', '956.00', '0.00', '956.00', '92868.00', '2013-07-15 15:54:13', '2013-07-15 15:54:13');
INSERT INTO `fact_payroll` VALUES ('8', '53', '90000.00', '1047.00', '0.00', '1047.00', '0.00', '1047.00', '93141.00', '2013-07-15 15:54:13', '2013-07-15 15:54:13');
INSERT INTO `fact_payroll` VALUES ('8', '54', '30000.00', '1138.00', '0.00', '1138.00', '0.00', '1138.00', '33414.00', '2013-07-15 15:54:13', '2013-07-15 15:54:13');
INSERT INTO `fact_payroll` VALUES ('8', '55', '15000.00', '1229.00', '0.00', '1229.00', '0.00', '1229.00', '18687.00', '2013-07-15 15:54:13', '2013-07-15 15:54:13');
INSERT INTO `fact_payroll` VALUES ('8', '56', '9000.00', '0.00', '0.00', '0.00', '0.00', '0.00', '9000.00', '2013-07-15 15:54:13', '2013-07-15 15:54:13');
INSERT INTO `fact_payroll` VALUES ('8', '57', '19000.00', '0.00', '0.00', '0.00', '0.00', '0.00', '19000.00', '2013-07-15 15:54:13', '2013-07-15 15:54:13');
INSERT INTO `fact_payroll` VALUES ('8', '58', '15000.00', '0.00', '0.00', '0.00', '0.00', '0.00', '15000.00', '2013-07-15 15:54:13', '2013-07-15 15:54:13');
INSERT INTO `fact_payroll` VALUES ('8', '59', '10000.00', '0.00', '0.00', '0.00', '0.00', '0.00', '10000.00', '2013-07-15 15:54:13', '2013-07-15 15:54:13');
INSERT INTO `fact_payroll` VALUES ('8', '60', '9500.00', '0.00', '0.00', '0.00', '0.00', '0.00', '9500.00', '2013-07-15 15:54:13', '2013-07-15 15:54:13');
INSERT INTO `fact_payroll` VALUES ('8', '61', '10000.00', '1047.00', '0.00', '1047.00', '0.00', '1047.00', '13141.00', '2013-07-15 15:54:13', '2013-07-15 15:54:13');
INSERT INTO `fact_payroll` VALUES ('8', '62', '10000.00', '0.00', '0.00', '0.00', '0.00', '0.00', '10000.00', '2013-07-15 15:54:13', '2013-07-15 15:54:13');
INSERT INTO `fact_payroll` VALUES ('8', '63', '11000.00', '0.00', '0.00', '0.00', '0.00', '0.00', '11000.00', '2013-07-15 15:54:13', '2013-07-15 15:54:13');
INSERT INTO `fact_payroll` VALUES ('8', '64', '17000.00', '0.00', '0.00', '0.00', '0.00', '0.00', '17000.00', '2013-07-15 15:54:13', '2013-07-15 15:54:13');
INSERT INTO `fact_payroll` VALUES ('8', '65', '17000.00', '0.00', '0.00', '0.00', '0.00', '0.00', '17000.00', '2013-07-15 15:54:13', '2013-07-15 15:54:13');
INSERT INTO `fact_payroll` VALUES ('8', '66', '17000.00', '0.00', '0.00', '0.00', '0.00', '0.00', '17000.00', '2013-07-15 15:54:13', '2013-07-15 15:54:13');
INSERT INTO `fact_payroll` VALUES ('8', '67', '17000.00', '1138.00', '0.00', '1138.00', '100.00', '1138.00', '20314.00', '2013-07-15 15:54:13', '2013-07-15 15:54:13');
INSERT INTO `fact_payroll` VALUES ('8', '68', '30000.00', '0.00', '0.00', '0.00', '0.00', '0.00', '30000.00', '2013-07-15 15:54:13', '2013-07-15 15:54:13');
INSERT INTO `fact_payroll` VALUES ('8', '69', '17000.00', '228.00', '0.00', '228.00', '120.00', '228.00', '17564.00', '2013-07-15 15:54:13', '2013-07-15 15:54:13');
INSERT INTO `fact_payroll` VALUES ('8', '70', '17000.00', '1138.00', '0.00', '1138.00', '0.00', '1138.00', '20414.00', '2013-07-15 15:54:13', '2013-07-15 15:54:13');
INSERT INTO `fact_payroll` VALUES ('8', '71', '11000.00', '1229.00', '0.00', '1229.00', '0.00', '1229.00', '14687.00', '2013-07-15 15:54:13', '2013-07-15 15:54:13');
INSERT INTO `fact_payroll` VALUES ('8', '72', '17000.00', '0.00', '0.00', '0.00', '0.00', '0.00', '17000.00', '2013-07-15 15:54:13', '2013-07-15 15:54:13');
INSERT INTO `fact_payroll` VALUES ('8', '73', '17000.00', '0.00', '0.00', '0.00', '0.00', '0.00', '17000.00', '2013-07-15 15:54:13', '2013-07-15 15:54:13');
INSERT INTO `fact_payroll` VALUES ('8', '74', '17000.00', '1047.00', '0.00', '1047.00', '0.00', '1047.00', '20141.00', '2013-07-15 15:54:13', '2013-07-15 15:54:13');
INSERT INTO `fact_payroll` VALUES ('8', '75', '17000.00', '0.00', '0.00', '0.00', '0.00', '0.00', '17000.00', '2013-07-15 15:54:13', '2013-07-15 15:54:13');
INSERT INTO `fact_payroll` VALUES ('8', '76', '10000.00', '0.00', '0.00', '0.00', '0.00', '0.00', '10000.00', '2013-07-15 15:54:13', '2013-07-15 15:54:13');
INSERT INTO `fact_payroll` VALUES ('8', '77', '9500.00', '0.00', '0.00', '0.00', '0.00', '0.00', '9500.00', '2013-07-15 15:54:13', '2013-07-15 15:54:13');
INSERT INTO `fact_payroll` VALUES ('8', '78', '10000.00', '0.00', '0.00', '0.00', '0.00', '0.00', '10000.00', '2013-07-15 15:54:13', '2013-07-15 15:54:13');
INSERT INTO `fact_payroll` VALUES ('8', '79', '35000.00', '0.00', '0.00', '0.00', '0.00', '0.00', '35000.00', '2013-07-15 15:54:13', '2013-07-15 15:54:13');
INSERT INTO `fact_payroll` VALUES ('8', '80', '10000.00', '0.00', '0.00', '0.00', '0.00', '0.00', '10000.00', '2013-07-15 15:54:13', '2013-07-15 15:54:13');
INSERT INTO `fact_payroll` VALUES ('8', '81', '11000.00', '1138.00', '0.00', '1138.00', '0.00', '1138.00', '14414.00', '2013-07-15 15:54:13', '2013-07-15 15:54:13');
INSERT INTO `fact_payroll` VALUES ('8', '82', '11000.00', '228.00', '0.00', '228.00', '0.00', '228.00', '11684.00', '2013-07-15 15:54:13', '2013-07-15 15:54:13');
INSERT INTO `fact_payroll` VALUES ('8', '83', '17000.00', '319.00', '0.00', '319.00', '0.00', '319.00', '17957.00', '2013-07-15 15:54:13', '2013-07-15 15:54:13');
INSERT INTO `fact_payroll` VALUES ('8', '84', '17000.00', '410.00', '0.00', '410.00', '120.00', '410.00', '18110.00', '2013-07-15 15:54:13', '2013-07-15 15:54:13');
INSERT INTO `fact_payroll` VALUES ('8', '85', '17000.00', '501.00', '0.00', '501.00', '120.00', '501.00', '18383.00', '2013-07-15 15:54:13', '2013-07-15 15:54:13');
INSERT INTO `fact_payroll` VALUES ('8', '86', '17000.00', '592.00', '0.00', '592.00', '0.00', '592.00', '18776.00', '2013-07-15 15:54:13', '2013-07-15 15:54:13');
INSERT INTO `fact_payroll` VALUES ('8', '87', '17000.00', '683.00', '0.00', '683.00', '0.00', '683.00', '19049.00', '2013-07-15 15:54:13', '2013-07-15 15:54:13');
INSERT INTO `fact_payroll` VALUES ('8', '88', '17000.00', '774.00', '0.00', '774.00', '0.00', '774.00', '19322.00', '2013-07-15 15:54:13', '2013-07-15 15:54:13');
INSERT INTO `fact_payroll` VALUES ('8', '89', '11000.00', '865.00', '0.00', '865.00', '0.00', '865.00', '13595.00', '2013-07-15 15:54:13', '2013-07-15 15:54:13');
INSERT INTO `fact_payroll` VALUES ('8', '90', '35000.00', '0.00', '0.00', '0.00', '0.00', '0.00', '35000.00', '2013-07-15 15:54:13', '2013-07-15 15:54:13');
INSERT INTO `fact_payroll` VALUES ('8', '91', '17000.00', '956.00', '0.00', '956.00', '0.00', '956.00', '19868.00', '2013-07-15 15:54:13', '2013-07-15 15:54:13');
INSERT INTO `fact_payroll` VALUES ('9', '1', '15000.00', '0.00', '0.00', '0.00', '0.00', '0.00', '15000.00', '2013-07-15 15:54:13', '2013-07-15 15:54:13');
INSERT INTO `fact_payroll` VALUES ('9', '2', '20000.00', '0.00', '0.00', '0.00', '0.00', '0.00', '20000.00', '2013-07-15 15:54:13', '2013-07-15 15:54:13');
INSERT INTO `fact_payroll` VALUES ('9', '4', '22000.00', '0.00', '0.00', '0.00', '0.00', '0.00', '22000.00', '2013-07-15 15:54:13', '2013-07-15 15:54:13');
INSERT INTO `fact_payroll` VALUES ('9', '5', '38000.00', '0.00', '0.00', '0.00', '0.00', '0.00', '38000.00', '2013-07-15 15:54:13', '2013-07-15 15:54:13');
INSERT INTO `fact_payroll` VALUES ('9', '6', '35000.00', '0.00', '0.00', '0.00', '0.00', '0.00', '35000.00', '2013-07-15 15:54:13', '2013-07-15 15:54:13');
INSERT INTO `fact_payroll` VALUES ('9', '7', '19000.00', '0.00', '0.00', '0.00', '0.00', '0.00', '19000.00', '2013-07-15 15:54:13', '2013-07-15 15:54:13');
INSERT INTO `fact_payroll` VALUES ('9', '8', '19000.00', '0.00', '0.00', '0.00', '0.00', '0.00', '19000.00', '2013-07-15 15:54:13', '2013-07-15 15:54:13');
INSERT INTO `fact_payroll` VALUES ('9', '9', '19000.00', '0.00', '0.00', '0.00', '0.00', '0.00', '19000.00', '2013-07-15 15:54:13', '2013-07-15 15:54:13');
INSERT INTO `fact_payroll` VALUES ('9', '10', '35000.00', '0.00', '0.00', '0.00', '0.00', '0.00', '35000.00', '2013-07-15 15:54:13', '2013-07-15 15:54:13');
INSERT INTO `fact_payroll` VALUES ('9', '11', '38000.00', '0.00', '0.00', '0.00', '0.00', '0.00', '38000.00', '2013-07-15 15:54:13', '2013-07-15 15:54:13');
INSERT INTO `fact_payroll` VALUES ('9', '12', '19000.00', '0.00', '0.00', '0.00', '100.00', '0.00', '18900.00', '2013-07-15 15:54:13', '2013-07-15 15:54:13');
INSERT INTO `fact_payroll` VALUES ('9', '13', '22000.00', '0.00', '0.00', '0.00', '0.00', '0.00', '22000.00', '2013-07-15 15:54:13', '2013-07-15 15:54:13');
INSERT INTO `fact_payroll` VALUES ('9', '14', '38000.00', '0.00', '0.00', '0.00', '120.00', '0.00', '37880.00', '2013-07-15 15:54:13', '2013-07-15 15:54:13');
INSERT INTO `fact_payroll` VALUES ('9', '15', '9500.00', '0.00', '0.00', '0.00', '0.00', '0.00', '9500.00', '2013-07-15 15:54:13', '2013-07-15 15:54:13');
INSERT INTO `fact_payroll` VALUES ('9', '16', '35000.00', '0.00', '0.00', '0.00', '0.00', '0.00', '35000.00', '2013-07-15 15:54:13', '2013-07-15 15:54:13');
INSERT INTO `fact_payroll` VALUES ('9', '17', '15000.00', '1047.00', '0.00', '1047.00', '0.00', '1047.00', '18141.00', '2013-07-15 15:54:13', '2013-07-15 15:54:13');
INSERT INTO `fact_payroll` VALUES ('9', '18', '36000.00', '0.00', '0.00', '0.00', '0.00', '0.00', '36000.00', '2013-07-15 15:54:13', '2013-07-15 15:54:13');
INSERT INTO `fact_payroll` VALUES ('9', '19', '35000.00', '0.00', '0.00', '0.00', '0.00', '0.00', '35000.00', '2013-07-15 15:54:13', '2013-07-15 15:54:13');
INSERT INTO `fact_payroll` VALUES ('9', '20', '15000.00', '0.00', '0.00', '0.00', '0.00', '0.00', '15000.00', '2013-07-15 15:54:13', '2013-07-15 15:54:13');
INSERT INTO `fact_payroll` VALUES ('9', '21', '19000.00', '0.00', '690.00', '0.00', '0.00', '0.00', '19690.00', '2013-07-15 15:54:13', '2013-07-15 15:54:13');
INSERT INTO `fact_payroll` VALUES ('9', '22', '37000.00', '0.00', '340.00', '0.00', '0.00', '0.00', '37340.00', '2013-07-15 15:54:13', '2013-07-15 15:54:13');
INSERT INTO `fact_payroll` VALUES ('9', '23', '35000.00', '1138.00', '890.00', '1138.00', '0.00', '1138.00', '39304.00', '2013-07-15 15:54:13', '2013-07-15 15:54:13');
INSERT INTO `fact_payroll` VALUES ('9', '24', '19000.00', '0.00', '0.00', '0.00', '0.00', '0.00', '19000.00', '2013-07-15 15:54:13', '2013-07-15 15:54:13');
INSERT INTO `fact_payroll` VALUES ('9', '25', '38000.00', '228.00', '590.00', '228.00', '0.00', '228.00', '39274.00', '2013-07-15 15:54:13', '2013-07-15 15:54:13');
INSERT INTO `fact_payroll` VALUES ('9', '26', '35000.00', '480.00', '480.00', '443.40', '0.00', '410.00', '36813.00', '2013-07-15 15:54:13', '2013-07-15 15:54:13');
INSERT INTO `fact_payroll` VALUES ('9', '27', '19500.00', '340.00', '340.00', '441.20', '0.00', '501.00', '21122.00', '2013-07-15 15:54:13', '2013-07-15 15:54:13');
INSERT INTO `fact_payroll` VALUES ('9', '28', '15000.00', '0.00', '0.00', '439.00', '0.00', '592.00', '16031.00', '2013-07-15 15:54:13', '2013-07-15 15:54:13');
INSERT INTO `fact_payroll` VALUES ('9', '29', '150000.00', '0.00', '0.00', '436.80', '120.00', '683.00', '151000.00', '2013-07-15 15:54:13', '2013-07-15 15:54:13');
INSERT INTO `fact_payroll` VALUES ('9', '30', '36000.00', '0.00', '0.00', '434.60', '120.00', '774.00', '37089.00', '2013-07-15 15:54:13', '2013-07-15 15:54:13');
INSERT INTO `fact_payroll` VALUES ('9', '31', '34000.00', '690.00', '690.00', '319.00', '0.00', '865.00', '36564.00', '2013-07-15 15:54:13', '2013-07-15 15:54:13');
INSERT INTO `fact_payroll` VALUES ('9', '32', '16000.00', '340.00', '340.00', '410.00', '0.00', '956.00', '18046.00', '2013-07-15 15:54:13', '2013-07-15 15:54:13');
INSERT INTO `fact_payroll` VALUES ('9', '33', '36000.00', '890.00', '890.00', '501.00', '0.00', '1047.00', '39328.00', '2013-07-15 15:54:13', '2013-07-15 15:54:13');
INSERT INTO `fact_payroll` VALUES ('9', '34', '10000.00', '590.00', '120.00', '592.00', '0.00', '1138.00', '12440.00', '2013-07-15 15:54:13', '2013-07-15 15:54:13');
INSERT INTO `fact_payroll` VALUES ('9', '35', '22000.00', '445.60', '0.00', '445.60', '0.00', '445.60', '23337.00', '2013-07-15 15:54:13', '2013-07-15 15:54:13');
INSERT INTO `fact_payroll` VALUES ('9', '36', '34000.00', '480.00', '2900.00', '683.00', '0.00', '1229.00', '39292.00', '2013-07-15 15:54:13', '2013-07-15 15:54:13');
INSERT INTO `fact_payroll` VALUES ('9', '37', '22000.00', '340.00', '560.00', '774.00', '0.00', '1320.00', '24994.00', '2013-07-15 15:54:13', '2013-07-15 15:54:13');
INSERT INTO `fact_payroll` VALUES ('9', '38', '35000.00', '120.00', '870.00', '865.00', '0.00', '780.00', '37635.00', '2013-07-15 15:54:13', '2013-07-15 15:54:13');
INSERT INTO `fact_payroll` VALUES ('9', '39', '30000.00', '2900.00', '340.00', '956.00', '0.00', '456.00', '34652.00', '2013-07-15 15:54:13', '2013-07-15 15:54:13');
INSERT INTO `fact_payroll` VALUES ('9', '40', '34000.00', '560.00', '650.00', '1047.00', '0.00', '765.00', '37022.00', '2013-07-15 15:54:13', '2013-07-15 15:54:13');
INSERT INTO `fact_payroll` VALUES ('9', '41', '30000.00', '870.00', '280.00', '1138.00', '0.00', '356.00', '32644.00', '2013-07-15 15:54:13', '2013-07-15 15:54:13');
INSERT INTO `fact_payroll` VALUES ('9', '42', '11000.00', '340.00', '900.00', '1229.00', '0.00', '568.00', '14037.00', '2013-07-15 15:54:13', '2013-07-15 15:54:13');
INSERT INTO `fact_payroll` VALUES ('9', '43', '85000.00', '650.00', '0.00', '0.00', '0.00', '657.00', '86307.00', '2013-07-15 15:54:13', '2013-07-15 15:54:13');
INSERT INTO `fact_payroll` VALUES ('9', '44', '80000.00', '280.00', '100.00', '0.00', '0.00', '0.00', '80380.00', '2013-07-15 15:54:13', '2013-07-15 15:54:13');
INSERT INTO `fact_payroll` VALUES ('9', '45', '93000.00', '900.00', '120.00', '1047.00', '0.00', '0.00', '95067.00', '2013-07-15 15:54:13', '2013-07-15 15:54:13');
INSERT INTO `fact_payroll` VALUES ('9', '46', '35000.00', '443.40', '0.00', '443.40', '0.00', '443.40', '36330.00', '2013-07-15 15:54:13', '2013-07-15 15:54:13');
INSERT INTO `fact_payroll` VALUES ('9', '47', '80000.00', '890.00', '0.00', '0.00', '0.00', '0.00', '80890.00', '2013-07-15 15:54:13', '2013-07-15 15:54:13');
INSERT INTO `fact_payroll` VALUES ('9', '48', '94000.00', '640.00', '0.00', '0.00', '0.00', '445.60', '95086.00', '2013-07-15 15:54:13', '2013-07-15 15:54:13');
INSERT INTO `fact_payroll` VALUES ('9', '49', '87000.00', '590.00', '0.00', '0.00', '0.00', '443.40', '88033.00', '2013-07-15 15:54:13', '2013-07-15 15:54:13');
INSERT INTO `fact_payroll` VALUES ('9', '50', '80000.00', '480.00', '0.00', '0.00', '0.00', '441.20', '80921.00', '2013-07-15 15:54:13', '2013-07-15 15:54:13');
INSERT INTO `fact_payroll` VALUES ('9', '51', '80000.00', '340.00', '0.00', '0.00', '0.00', '439.00', '80779.00', '2013-07-15 15:54:13', '2013-07-15 15:54:13');
INSERT INTO `fact_payroll` VALUES ('9', '52', '90000.00', '870.00', '0.00', '1138.00', '0.00', '0.00', '92008.00', '2013-07-15 15:54:13', '2013-07-15 15:54:13');
INSERT INTO `fact_payroll` VALUES ('9', '53', '90000.00', '340.00', '0.00', '228.00', '0.00', '0.00', '90568.00', '2013-07-15 15:54:13', '2013-07-15 15:54:13');
INSERT INTO `fact_payroll` VALUES ('9', '54', '30000.00', '650.00', '0.00', '319.00', '870.00', '0.00', '30099.00', '2013-07-15 15:54:13', '2013-07-15 15:54:13');
INSERT INTO `fact_payroll` VALUES ('9', '55', '15000.00', '280.00', '0.00', '410.00', '340.00', '0.00', '15350.00', '2013-07-15 15:54:13', '2013-07-15 15:54:13');
INSERT INTO `fact_payroll` VALUES ('9', '56', '9000.00', '900.00', '0.00', '0.00', '650.00', '0.00', '9250.00', '2013-07-15 15:54:13', '2013-07-15 15:54:13');
INSERT INTO `fact_payroll` VALUES ('9', '57', '19000.00', '441.20', '800.00', '441.20', '0.00', '441.20', '21124.00', '2013-07-15 15:54:13', '2013-07-15 15:54:13');
INSERT INTO `fact_payroll` VALUES ('9', '58', '15000.00', '890.00', '0.00', '0.00', '280.00', '0.00', '15610.00', '2013-07-15 15:54:13', '2013-07-15 15:54:13');
INSERT INTO `fact_payroll` VALUES ('9', '59', '10000.00', '640.00', '0.00', '0.00', '900.00', '0.00', '9740.00', '2013-07-15 15:54:13', '2013-07-15 15:54:13');
INSERT INTO `fact_payroll` VALUES ('9', '60', '9500.00', '340.00', '0.00', '0.00', '890.00', '0.00', '8950.00', '2013-07-15 15:54:13', '2013-07-15 15:54:13');
INSERT INTO `fact_payroll` VALUES ('9', '61', '10000.00', '890.00', '0.00', '0.00', '640.00', '0.00', '10250.00', '2013-07-15 15:54:13', '2013-07-15 15:54:13');
INSERT INTO `fact_payroll` VALUES ('9', '62', '10000.00', '120.00', '0.00', '0.00', '340.00', '0.00', '9780.00', '2013-07-15 15:54:13', '2013-07-15 15:54:13');
INSERT INTO `fact_payroll` VALUES ('9', '63', '11000.00', '0.00', '0.00', '0.00', '890.00', '0.00', '10110.00', '2013-07-15 15:54:13', '2013-07-15 15:54:13');
INSERT INTO `fact_payroll` VALUES ('9', '64', '17000.00', '436.80', '0.00', '0.00', '120.00', '0.00', '17317.00', '2013-07-15 15:54:13', '2013-07-15 15:54:13');
INSERT INTO `fact_payroll` VALUES ('9', '65', '17000.00', '436.80', '0.00', '0.00', '0.00', '100.00', '17537.00', '2013-07-15 15:54:13', '2013-07-15 15:54:13');
INSERT INTO `fact_payroll` VALUES ('9', '66', '17000.00', '436.80', '0.00', '0.00', '436.80', '120.00', '17120.00', '2013-07-15 15:54:13', '2013-07-15 15:54:13');
INSERT INTO `fact_payroll` VALUES ('9', '67', '17000.00', '501.00', '0.00', '0.00', '436.80', '0.00', '17064.00', '2013-07-15 15:54:13', '2013-07-15 15:54:13');
INSERT INTO `fact_payroll` VALUES ('9', '68', '30000.00', '439.00', '600.00', '439.00', '0.00', '439.00', '31917.00', '2013-07-15 15:54:13', '2013-07-15 15:54:13');
INSERT INTO `fact_payroll` VALUES ('9', '69', '17000.00', '592.00', '0.00', '0.00', '436.80', '0.00', '17155.00', '2013-07-15 15:54:13', '2013-07-15 15:54:13');
INSERT INTO `fact_payroll` VALUES ('9', '70', '17000.00', '683.00', '0.00', '100.00', '501.00', '0.00', '17282.00', '2013-07-15 15:54:13', '2013-07-15 15:54:13');
INSERT INTO `fact_payroll` VALUES ('9', '71', '11000.00', '774.00', '100.00', '120.00', '592.00', '0.00', '11402.00', '2013-07-15 15:54:13', '2013-07-15 15:54:13');
INSERT INTO `fact_payroll` VALUES ('9', '72', '17000.00', '865.00', '120.00', '0.00', '683.00', '0.00', '17302.00', '2013-07-15 15:54:13', '2013-07-15 15:54:13');
INSERT INTO `fact_payroll` VALUES ('9', '73', '17000.00', '956.00', '0.00', '0.00', '774.00', '0.00', '17182.00', '2013-07-15 15:54:13', '2013-07-15 15:54:13');
INSERT INTO `fact_payroll` VALUES ('9', '74', '17000.00', '1047.00', '0.00', '0.00', '865.00', '0.00', '17182.00', '2013-07-15 15:54:13', '2013-07-15 15:54:13');
INSERT INTO `fact_payroll` VALUES ('9', '75', '17000.00', '1138.00', '0.00', '0.00', '956.00', '0.00', '17182.00', '2013-07-15 15:54:13', '2013-07-15 15:54:13');
INSERT INTO `fact_payroll` VALUES ('9', '76', '10000.00', '1229.00', '0.00', '0.00', '1047.00', '0.00', '10182.00', '2013-07-15 15:54:13', '2013-07-15 15:54:13');
INSERT INTO `fact_payroll` VALUES ('9', '77', '9500.00', '0.00', '0.00', '0.00', '1138.00', '0.00', '8362.00', '2013-07-15 15:54:13', '2013-07-15 15:54:13');
INSERT INTO `fact_payroll` VALUES ('9', '78', '10000.00', '0.00', '0.00', '0.00', '1229.00', '0.00', '8771.00', '2013-07-15 15:54:13', '2013-07-15 15:54:13');
INSERT INTO `fact_payroll` VALUES ('9', '79', '35000.00', '436.80', '1200.00', '436.80', '0.00', '436.80', '37510.00', '2013-07-15 15:54:13', '2013-07-15 15:54:13');
INSERT INTO `fact_payroll` VALUES ('9', '80', '10000.00', '0.00', '0.00', '0.00', '0.00', '0.00', '10000.00', '2013-07-15 15:54:13', '2013-07-15 15:54:13');
INSERT INTO `fact_payroll` VALUES ('9', '81', '11000.00', '0.00', '0.00', '0.00', '0.00', '0.00', '11000.00', '2013-07-15 15:54:13', '2013-07-15 15:54:13');
INSERT INTO `fact_payroll` VALUES ('9', '82', '11000.00', '1047.00', '0.00', '0.00', '0.00', '120.00', '12167.00', '2013-07-15 15:54:13', '2013-07-15 15:54:13');
INSERT INTO `fact_payroll` VALUES ('9', '83', '17000.00', '0.00', '0.00', '0.00', '0.00', '120.00', '17120.00', '2013-07-15 15:54:13', '2013-07-15 15:54:13');
INSERT INTO `fact_payroll` VALUES ('9', '84', '17000.00', '0.00', '0.00', '0.00', '1047.00', '0.00', '15953.00', '2013-07-15 15:54:13', '2013-07-15 15:54:13');
INSERT INTO `fact_payroll` VALUES ('9', '85', '17000.00', '0.00', '0.00', '0.00', '0.00', '0.00', '17000.00', '2013-07-15 15:54:13', '2013-07-15 15:54:13');
INSERT INTO `fact_payroll` VALUES ('9', '86', '17000.00', '0.00', '0.00', '120.00', '0.00', '0.00', '17120.00', '2013-07-15 15:54:13', '2013-07-15 15:54:13');
INSERT INTO `fact_payroll` VALUES ('9', '87', '17000.00', '0.00', '120.00', '120.00', '0.00', '0.00', '17240.00', '2013-07-15 15:54:13', '2013-07-15 15:54:13');
INSERT INTO `fact_payroll` VALUES ('9', '88', '17000.00', '1138.00', '120.00', '0.00', '0.00', '0.00', '18258.00', '2013-07-15 15:54:13', '2013-07-15 15:54:13');
INSERT INTO `fact_payroll` VALUES ('9', '89', '11000.00', '228.00', '0.00', '0.00', '0.00', '0.00', '11228.00', '2013-07-15 15:54:13', '2013-07-15 15:54:13');
INSERT INTO `fact_payroll` VALUES ('9', '90', '35000.00', '0.00', '890.00', '0.00', '0.00', '0.00', '35890.00', '2013-07-15 15:54:13', '2013-07-15 15:54:13');
INSERT INTO `fact_payroll` VALUES ('9', '91', '17000.00', '319.00', '0.00', '0.00', '1138.00', '0.00', '16181.00', '2013-07-15 15:54:13', '2013-07-15 15:54:13');
INSERT INTO `fact_payroll` VALUES ('10', '1', '15000.00', '0.00', '0.00', '0.00', '0.00', '0.00', '15000.00', '2013-07-15 15:54:13', '2013-07-15 15:54:13');
INSERT INTO `fact_payroll` VALUES ('10', '2', '20000.00', '0.00', '956.00', '228.00', '0.00', '1047.00', '22231.00', '2013-07-15 15:54:13', '2013-07-15 15:54:13');
INSERT INTO `fact_payroll` VALUES ('10', '4', '22000.00', '445.60', '1138.00', '319.00', '0.00', '1138.00', '25041.00', '2013-07-15 15:54:13', '2013-07-15 15:54:13');
INSERT INTO `fact_payroll` VALUES ('10', '5', '38000.00', '443.40', '1229.00', '0.00', '0.00', '1229.00', '40901.00', '2013-07-15 15:54:13', '2013-07-15 15:54:13');
INSERT INTO `fact_payroll` VALUES ('10', '6', '35000.00', '441.20', '0.00', '0.00', '445.60', '1320.00', '36316.00', '2013-07-15 15:54:13', '2013-07-15 15:54:13');
INSERT INTO `fact_payroll` VALUES ('10', '7', '19000.00', '439.00', '0.00', '0.00', '443.40', '780.00', '19776.00', '2013-07-15 15:54:13', '2013-07-15 15:54:13');
INSERT INTO `fact_payroll` VALUES ('10', '8', '19000.00', '436.80', '0.00', '0.00', '441.20', '456.00', '19452.00', '2013-07-15 15:54:13', '2013-07-15 15:54:13');
INSERT INTO `fact_payroll` VALUES ('10', '9', '19000.00', '434.60', '0.00', '0.00', '439.00', '765.00', '19761.00', '2013-07-15 15:54:13', '2013-07-15 15:54:13');
INSERT INTO `fact_payroll` VALUES ('10', '10', '35000.00', '319.00', '1047.00', '0.00', '436.80', '356.00', '36285.00', '2013-07-15 15:54:13', '2013-07-15 15:54:13');
INSERT INTO `fact_payroll` VALUES ('10', '11', '38000.00', '410.00', '0.00', '0.00', '434.60', '568.00', '38543.00', '2013-07-15 15:54:13', '2013-07-15 15:54:13');
INSERT INTO `fact_payroll` VALUES ('10', '12', '19000.00', '501.00', '0.00', '0.00', '319.00', '657.00', '19839.00', '2013-07-15 15:54:13', '2013-07-15 15:54:13');
INSERT INTO `fact_payroll` VALUES ('10', '13', '22000.00', '0.00', '0.00', '0.00', '0.00', '0.00', '22000.00', '2013-07-15 15:54:13', '2013-07-15 15:54:13');
INSERT INTO `fact_payroll` VALUES ('10', '14', '38000.00', '592.00', '0.00', '0.00', '410.00', '0.00', '38182.00', '2013-07-15 15:54:13', '2013-07-15 15:54:13');
INSERT INTO `fact_payroll` VALUES ('10', '15', '9500.00', '683.00', '0.00', '0.00', '501.00', '0.00', '9682.00', '2013-07-15 15:54:13', '2013-07-15 15:54:13');
INSERT INTO `fact_payroll` VALUES ('10', '16', '35000.00', '774.00', '0.00', '0.00', '592.00', '0.00', '35182.00', '2013-07-15 15:54:13', '2013-07-15 15:54:13');
INSERT INTO `fact_payroll` VALUES ('10', '17', '15000.00', '865.00', '1138.00', '0.00', '683.00', '445.60', '16766.00', '2013-07-15 15:54:13', '2013-07-15 15:54:13');
INSERT INTO `fact_payroll` VALUES ('10', '18', '36000.00', '956.00', '228.00', '456.00', '774.00', '443.40', '37309.00', '2013-07-15 15:54:13', '2013-07-15 15:54:13');
INSERT INTO `fact_payroll` VALUES ('10', '19', '35000.00', '1047.00', '319.00', '765.00', '865.00', '441.20', '36707.00', '2013-07-15 15:54:13', '2013-07-15 15:54:13');
INSERT INTO `fact_payroll` VALUES ('10', '20', '15000.00', '890.00', '410.00', '356.00', '956.00', '439.00', '16139.00', '2013-07-15 15:54:13', '2013-07-15 15:54:13');
INSERT INTO `fact_payroll` VALUES ('10', '21', '19000.00', '640.00', '501.00', '568.00', '1047.00', '436.80', '20099.00', '2013-07-15 15:54:13', '2013-07-15 15:54:13');
INSERT INTO `fact_payroll` VALUES ('10', '22', '37000.00', '120.00', '592.00', '657.00', '890.00', '434.60', '37914.00', '2013-07-15 15:54:13', '2013-07-15 15:54:13');
INSERT INTO `fact_payroll` VALUES ('10', '23', '35000.00', '2900.00', '683.00', '0.00', '640.00', '319.00', '38262.00', '2013-07-15 15:54:13', '2013-07-15 15:54:13');
INSERT INTO `fact_payroll` VALUES ('10', '24', '19000.00', '0.00', '0.00', '0.00', '0.00', '0.00', '19000.00', '2013-07-15 15:54:13', '2013-07-15 15:54:13');
INSERT INTO `fact_payroll` VALUES ('10', '25', '38000.00', '560.00', '774.00', '0.00', '120.00', '410.00', '39624.00', '2013-07-15 15:54:13', '2013-07-15 15:54:13');
INSERT INTO `fact_payroll` VALUES ('10', '26', '35000.00', '870.00', '865.00', '0.00', '2900.00', '501.00', '34336.00', '2013-07-15 15:54:13', '2013-07-15 15:54:13');
INSERT INTO `fact_payroll` VALUES ('10', '27', '19500.00', '340.00', '956.00', '445.60', '560.00', '592.00', '21274.00', '2013-07-15 15:54:13', '2013-07-15 15:54:13');
INSERT INTO `fact_payroll` VALUES ('10', '28', '15000.00', '650.00', '1047.00', '443.40', '870.00', '683.00', '16953.00', '2013-07-15 15:54:13', '2013-07-15 15:54:13');
INSERT INTO `fact_payroll` VALUES ('10', '29', '150000.00', '280.00', '1138.00', '441.20', '340.00', '0.00', '151519.00', '2013-07-15 15:54:13', '2013-07-15 15:54:13');
INSERT INTO `fact_payroll` VALUES ('10', '30', '36000.00', '900.00', '1229.00', '439.00', '650.00', '0.00', '37918.00', '2013-07-15 15:54:13', '2013-07-15 15:54:13');
INSERT INTO `fact_payroll` VALUES ('10', '31', '34000.00', '890.00', '1320.00', '436.80', '280.00', '0.00', '36367.00', '2013-07-15 15:54:13', '2013-07-15 15:54:13');
INSERT INTO `fact_payroll` VALUES ('10', '32', '16000.00', '640.00', '780.00', '434.60', '900.00', '0.00', '16955.00', '2013-07-15 15:54:13', '2013-07-15 15:54:13');
INSERT INTO `fact_payroll` VALUES ('10', '33', '36000.00', '340.00', '456.00', '319.00', '890.00', '0.00', '36225.00', '2013-07-15 15:54:13', '2013-07-15 15:54:13');
INSERT INTO `fact_payroll` VALUES ('10', '34', '10000.00', '890.00', '765.00', '410.00', '640.00', '0.00', '11425.00', '2013-07-15 15:54:13', '2013-07-15 15:54:13');
INSERT INTO `fact_payroll` VALUES ('10', '35', '22000.00', '0.00', '0.00', '0.00', '0.00', '0.00', '22000.00', '2013-07-15 15:54:13', '2013-07-15 15:54:13');
INSERT INTO `fact_payroll` VALUES ('10', '36', '34000.00', '120.00', '356.00', '501.00', '340.00', '0.00', '34637.00', '2013-07-15 15:54:13', '2013-07-15 15:54:13');
INSERT INTO `fact_payroll` VALUES ('10', '37', '22000.00', '0.00', '568.00', '0.00', '890.00', '0.00', '21678.00', '2013-07-15 15:54:13', '2013-07-15 15:54:13');
INSERT INTO `fact_payroll` VALUES ('10', '38', '35000.00', '436.80', '657.00', '0.00', '120.00', '0.00', '35974.00', '2013-07-15 15:54:13', '2013-07-15 15:54:13');
INSERT INTO `fact_payroll` VALUES ('10', '39', '30000.00', '436.80', '0.00', '0.00', '0.00', '0.00', '30437.00', '2013-07-15 15:54:13', '2013-07-15 15:54:13');
INSERT INTO `fact_payroll` VALUES ('10', '40', '34000.00', '436.80', '0.00', '0.00', '436.80', '0.00', '34000.00', '2013-07-15 15:54:13', '2013-07-15 15:54:13');
INSERT INTO `fact_payroll` VALUES ('10', '41', '30000.00', '501.00', '0.00', '0.00', '436.80', '760.00', '30824.00', '2013-07-15 15:54:13', '2013-07-15 15:54:13');
INSERT INTO `fact_payroll` VALUES ('10', '42', '11000.00', '592.00', '0.00', '0.00', '436.80', '789.00', '11944.00', '2013-07-15 15:54:13', '2013-07-15 15:54:13');
INSERT INTO `fact_payroll` VALUES ('10', '43', '85000.00', '683.00', '0.00', '0.00', '501.00', '0.00', '85182.00', '2013-07-15 15:54:13', '2013-07-15 15:54:13');
INSERT INTO `fact_payroll` VALUES ('10', '44', '80000.00', '774.00', '0.00', '0.00', '592.00', '100.00', '80282.00', '2013-07-15 15:54:13', '2013-07-15 15:54:13');
INSERT INTO `fact_payroll` VALUES ('10', '45', '93000.00', '865.00', '0.00', '0.00', '683.00', '900.00', '94082.00', '2013-07-15 15:54:13', '2013-07-15 15:54:13');
INSERT INTO `fact_payroll` VALUES ('10', '46', '35000.00', '0.00', '0.00', '0.00', '0.00', '592.00', '35592.00', '2013-07-15 15:54:13', '2013-07-15 15:54:13');
INSERT INTO `fact_payroll` VALUES ('10', '47', '80000.00', '956.00', '0.00', '0.00', '774.00', '0.00', '80182.00', '2013-07-15 15:54:13', '2013-07-15 15:54:13');
INSERT INTO `fact_payroll` VALUES ('10', '48', '94000.00', '1047.00', '0.00', '0.00', '865.00', '0.00', '94182.00', '2013-07-15 15:54:13', '2013-07-15 15:54:13');
INSERT INTO `fact_payroll` VALUES ('10', '49', '87000.00', '1138.00', '0.00', '0.00', '956.00', '0.00', '87182.00', '2013-07-15 15:54:13', '2013-07-15 15:54:13');
INSERT INTO `fact_payroll` VALUES ('10', '50', '80000.00', '1229.00', '0.00', '1047.00', '1047.00', '0.00', '81229.00', '2013-07-15 15:54:13', '2013-07-15 15:54:13');
INSERT INTO `fact_payroll` VALUES ('10', '51', '80000.00', '0.00', '0.00', '1138.00', '1138.00', '0.00', '80000.00', '2013-07-15 15:54:13', '2013-07-15 15:54:13');
INSERT INTO `fact_payroll` VALUES ('10', '52', '90000.00', '0.00', '0.00', '1229.00', '1229.00', '0.00', '90000.00', '2013-07-15 15:54:13', '2013-07-15 15:54:13');
INSERT INTO `fact_payroll` VALUES ('10', '53', '90000.00', '0.00', '0.00', '1320.00', '0.00', '0.00', '91320.00', '2013-07-15 15:54:13', '2013-07-15 15:54:13');
INSERT INTO `fact_payroll` VALUES ('10', '54', '30000.00', '0.00', '0.00', '780.00', '0.00', '89.00', '30869.00', '2013-07-15 15:54:13', '2013-07-15 15:54:13');
INSERT INTO `fact_payroll` VALUES ('10', '55', '15000.00', '1047.00', '0.00', '456.00', '0.00', '90.00', '16593.00', '2013-07-15 15:54:13', '2013-07-15 15:54:13');
INSERT INTO `fact_payroll` VALUES ('10', '56', '9000.00', '0.00', '0.00', '765.00', '0.00', '0.00', '9765.00', '2013-07-15 15:54:13', '2013-07-15 15:54:13');
INSERT INTO `fact_payroll` VALUES ('10', '57', '19000.00', '0.00', '0.00', '0.00', '0.00', '683.00', '19683.00', '2013-07-15 15:54:13', '2013-07-15 15:54:13');
INSERT INTO `fact_payroll` VALUES ('10', '58', '15000.00', '0.00', '0.00', '356.00', '1047.00', '0.00', '14309.00', '2013-07-15 15:54:13', '2013-07-15 15:54:13');
INSERT INTO `fact_payroll` VALUES ('10', '59', '10000.00', '0.00', '0.00', '0.00', '0.00', '0.00', '10000.00', '2013-07-15 15:54:13', '2013-07-15 15:54:13');
INSERT INTO `fact_payroll` VALUES ('10', '60', '9500.00', '0.00', '0.00', '0.00', '0.00', '0.00', '9500.00', '2013-07-15 15:54:13', '2013-07-15 15:54:13');
INSERT INTO `fact_payroll` VALUES ('10', '61', '10000.00', '0.00', '0.00', '0.00', '0.00', '0.00', '10000.00', '2013-07-15 15:54:13', '2013-07-15 15:54:13');
INSERT INTO `fact_payroll` VALUES ('10', '62', '10000.00', '1138.00', '0.00', '0.00', '0.00', '0.00', '11138.00', '2013-07-15 15:54:13', '2013-07-15 15:54:13');
INSERT INTO `fact_payroll` VALUES ('10', '63', '11000.00', '228.00', '0.00', '0.00', '0.00', '0.00', '11228.00', '2013-07-15 15:54:13', '2013-07-15 15:54:13');
INSERT INTO `fact_payroll` VALUES ('10', '64', '17000.00', '1138.00', '0.00', '0.00', '1138.00', '0.00', '17000.00', '2013-07-15 15:54:13', '2013-07-15 15:54:13');
INSERT INTO `fact_payroll` VALUES ('10', '65', '17000.00', '1229.00', '0.00', '0.00', '228.00', '0.00', '18001.00', '2013-07-15 15:54:13', '2013-07-15 15:54:13');
INSERT INTO `fact_payroll` VALUES ('10', '66', '17000.00', '0.00', '0.00', '0.00', '1138.00', '0.00', '15862.00', '2013-07-15 15:54:13', '2013-07-15 15:54:13');
INSERT INTO `fact_payroll` VALUES ('10', '67', '17000.00', '0.00', '0.00', '0.00', '1229.00', '0.00', '15771.00', '2013-07-15 15:54:13', '2013-07-15 15:54:13');
INSERT INTO `fact_payroll` VALUES ('10', '68', '30000.00', '657.00', '0.00', '0.00', '0.00', '774.00', '31431.00', '2013-07-15 15:54:13', '2013-07-15 15:54:13');
INSERT INTO `fact_payroll` VALUES ('10', '69', '17000.00', '1047.00', '0.00', '0.00', '0.00', '0.00', '18047.00', '2013-07-15 15:54:13', '2013-07-15 15:54:13');
INSERT INTO `fact_payroll` VALUES ('10', '70', '17000.00', '0.00', '100.00', '0.00', '0.00', '100.00', '17200.00', '2013-07-15 15:54:13', '2013-07-15 15:54:13');
INSERT INTO `fact_payroll` VALUES ('10', '71', '11000.00', '0.00', '120.00', '0.00', '1047.00', '120.00', '10193.00', '2013-07-15 15:54:13', '2013-07-15 15:54:13');
INSERT INTO `fact_payroll` VALUES ('10', '72', '17000.00', '0.00', '0.00', '0.00', '0.00', '0.00', '17000.00', '2013-07-15 15:54:13', '2013-07-15 15:54:13');
INSERT INTO `fact_payroll` VALUES ('10', '73', '17000.00', '0.00', '0.00', '0.00', '0.00', '0.00', '17000.00', '2013-07-15 15:54:13', '2013-07-15 15:54:13');
INSERT INTO `fact_payroll` VALUES ('10', '74', '17000.00', '0.00', '0.00', '0.00', '0.00', '0.00', '17000.00', '2013-07-15 15:54:13', '2013-07-15 15:54:13');
INSERT INTO `fact_payroll` VALUES ('10', '75', '17000.00', '1138.00', '0.00', '0.00', '0.00', '0.00', '18138.00', '2013-07-15 15:54:13', '2013-07-15 15:54:13');
INSERT INTO `fact_payroll` VALUES ('10', '76', '10000.00', '228.00', '0.00', '0.00', '0.00', '0.00', '10228.00', '2013-07-15 15:54:13', '2013-07-15 15:54:13');
INSERT INTO `fact_payroll` VALUES ('10', '77', '9500.00', '319.00', '0.00', '0.00', '1138.00', '0.00', '8681.00', '2013-07-15 15:54:13', '2013-07-15 15:54:13');
INSERT INTO `fact_payroll` VALUES ('10', '78', '10000.00', '410.00', '0.00', '0.00', '228.00', '0.00', '10182.00', '2013-07-15 15:54:13', '2013-07-15 15:54:13');
INSERT INTO `fact_payroll` VALUES ('10', '79', '35000.00', '0.00', '0.00', '0.00', '0.00', '865.00', '35865.00', '2013-07-15 15:54:13', '2013-07-15 15:54:13');
INSERT INTO `fact_payroll` VALUES ('10', '80', '10000.00', '501.00', '0.00', '0.00', '319.00', '0.00', '10182.00', '2013-07-15 15:54:13', '2013-07-15 15:54:13');
INSERT INTO `fact_payroll` VALUES ('10', '81', '11000.00', '592.00', '0.00', '0.00', '410.00', '0.00', '11182.00', '2013-07-15 15:54:13', '2013-07-15 15:54:13');
INSERT INTO `fact_payroll` VALUES ('10', '82', '11000.00', '683.00', '0.00', '0.00', '501.00', '0.00', '11182.00', '2013-07-15 15:54:13', '2013-07-15 15:54:13');
INSERT INTO `fact_payroll` VALUES ('10', '83', '17000.00', '774.00', '0.00', '0.00', '592.00', '0.00', '17182.00', '2013-07-15 15:54:13', '2013-07-15 15:54:13');
INSERT INTO `fact_payroll` VALUES ('10', '84', '17000.00', '865.00', '0.00', '0.00', '683.00', '0.00', '17182.00', '2013-07-15 15:54:13', '2013-07-15 15:54:13');
INSERT INTO `fact_payroll` VALUES ('10', '85', '17000.00', '956.00', '0.00', '0.00', '774.00', '0.00', '17182.00', '2013-07-15 15:54:13', '2013-07-15 15:54:13');
INSERT INTO `fact_payroll` VALUES ('10', '86', '17000.00', '1047.00', '120.00', '0.00', '865.00', '120.00', '17422.00', '2013-07-15 15:54:13', '2013-07-15 15:54:13');
INSERT INTO `fact_payroll` VALUES ('10', '87', '17000.00', '1138.00', '120.00', '0.00', '956.00', '120.00', '17422.00', '2013-07-15 15:54:13', '2013-07-15 15:54:13');
INSERT INTO `fact_payroll` VALUES ('10', '88', '17000.00', '1229.00', '0.00', '0.00', '1047.00', '0.00', '17182.00', '2013-07-15 15:54:13', '2013-07-15 15:54:13');
INSERT INTO `fact_payroll` VALUES ('10', '89', '11000.00', '1320.00', '0.00', '0.00', '1138.00', '0.00', '11182.00', '2013-07-15 15:54:13', '2013-07-15 15:54:13');
INSERT INTO `fact_payroll` VALUES ('10', '90', '35000.00', '0.00', '0.00', '1138.00', '657.00', '956.00', '36437.00', '2013-07-15 15:54:13', '2013-07-15 15:54:13');
INSERT INTO `fact_payroll` VALUES ('10', '91', '17000.00', '780.00', '0.00', '0.00', '1229.00', '0.00', '16551.00', '2013-07-15 15:54:13', '2013-07-15 15:54:13');
INSERT INTO `fact_payroll` VALUES ('10', '92', '17000.00', '456.00', '0.00', '0.00', '1320.00', '0.00', '16136.00', '2013-07-15 15:54:13', '2013-07-15 15:54:13');
INSERT INTO `fact_payroll` VALUES ('10', '93', '17000.00', '765.00', '0.00', '0.00', '780.00', '0.00', '16985.00', '2013-07-15 15:54:13', '2013-07-15 15:54:13');
INSERT INTO `fact_payroll` VALUES ('10', '94', '17000.00', '356.00', '0.00', '0.00', '456.00', '0.00', '16900.00', '2013-07-15 15:54:13', '2013-07-15 15:54:13');
INSERT INTO `fact_payroll` VALUES ('10', '95', '11000.00', '568.00', '0.00', '0.00', '765.00', '0.00', '10803.00', '2013-07-15 15:54:13', '2013-07-15 15:54:13');
INSERT INTO `fact_payroll` VALUES ('11', '1', '15000.00', '441.20', '0.00', '568.00', '445.60', '0.00', '15564.00', '2013-07-15 15:54:13', '2013-07-15 15:54:13');
INSERT INTO `fact_payroll` VALUES ('11', '2', '20000.00', '0.00', '0.00', '436.80', '0.00', '0.00', '20437.00', '2013-07-15 15:54:13', '2013-07-15 15:54:13');
INSERT INTO `fact_payroll` VALUES ('11', '4', '22000.00', '0.00', '0.00', '434.60', '0.00', '0.00', '22435.00', '2013-07-15 15:54:13', '2013-07-15 15:54:13');
INSERT INTO `fact_payroll` VALUES ('11', '5', '38000.00', '0.00', '0.00', '319.00', '0.00', '0.00', '38319.00', '2013-07-15 15:54:13', '2013-07-15 15:54:13');
INSERT INTO `fact_payroll` VALUES ('11', '6', '35000.00', '0.00', '0.00', '410.00', '0.00', '0.00', '35410.00', '2013-07-15 15:54:13', '2013-07-15 15:54:13');
INSERT INTO `fact_payroll` VALUES ('11', '7', '19000.00', '0.00', '0.00', '501.00', '0.00', '0.00', '19501.00', '2013-07-15 15:54:13', '2013-07-15 15:54:13');
INSERT INTO `fact_payroll` VALUES ('11', '8', '19000.00', '0.00', '0.00', '592.00', '0.00', '1138.00', '20730.00', '2013-07-15 15:54:13', '2013-07-15 15:54:13');
INSERT INTO `fact_payroll` VALUES ('11', '9', '19000.00', '0.00', '0.00', '683.00', '0.00', '228.00', '19911.00', '2013-07-15 15:54:13', '2013-07-15 15:54:13');
INSERT INTO `fact_payroll` VALUES ('11', '10', '35000.00', '0.00', '0.00', '774.00', '0.00', '319.00', '36093.00', '2013-07-15 15:54:13', '2013-07-15 15:54:13');
INSERT INTO `fact_payroll` VALUES ('11', '11', '38000.00', '1047.00', '0.00', '865.00', '0.00', '410.00', '40322.00', '2013-07-15 15:54:13', '2013-07-15 15:54:13');
INSERT INTO `fact_payroll` VALUES ('11', '12', '19000.00', '0.00', '0.00', '956.00', '0.00', '501.00', '20457.00', '2013-07-15 15:54:13', '2013-07-15 15:54:13');
INSERT INTO `fact_payroll` VALUES ('11', '13', '22000.00', '439.00', '0.00', '657.00', '443.40', '0.00', '22653.00', '2013-07-15 15:54:13', '2013-07-15 15:54:13');
INSERT INTO `fact_payroll` VALUES ('11', '14', '38000.00', '0.00', '0.00', '1047.00', '1047.00', '592.00', '38592.00', '2013-07-15 15:54:13', '2013-07-15 15:54:13');
INSERT INTO `fact_payroll` VALUES ('11', '15', '9500.00', '0.00', '0.00', '1138.00', '0.00', '683.00', '11321.00', '2013-07-15 15:54:13', '2013-07-15 15:54:13');
INSERT INTO `fact_payroll` VALUES ('11', '16', '35000.00', '0.00', '0.00', '1229.00', '0.00', '774.00', '37003.00', '2013-07-15 15:54:13', '2013-07-15 15:54:13');
INSERT INTO `fact_payroll` VALUES ('11', '17', '15000.00', '0.00', '0.00', '0.00', '0.00', '865.00', '15865.00', '2013-07-15 15:54:13', '2013-07-15 15:54:13');
INSERT INTO `fact_payroll` VALUES ('11', '18', '36000.00', '1138.00', '0.00', '774.00', '0.00', '956.00', '38868.00', '2013-07-15 15:54:13', '2013-07-15 15:54:13');
INSERT INTO `fact_payroll` VALUES ('11', '19', '35000.00', '228.00', '0.00', '865.00', '0.00', '1047.00', '37140.00', '2013-07-15 15:54:13', '2013-07-15 15:54:13');
INSERT INTO `fact_payroll` VALUES ('11', '20', '15000.00', '480.00', '0.00', '956.00', '1138.00', '1138.00', '16436.00', '2013-07-15 15:54:13', '2013-07-15 15:54:13');
INSERT INTO `fact_payroll` VALUES ('11', '21', '19000.00', '340.00', '0.00', '1047.00', '228.00', '1229.00', '21388.00', '2013-07-15 15:54:13', '2013-07-15 15:54:13');
INSERT INTO `fact_payroll` VALUES ('11', '22', '37000.00', '890.00', '90.00', '1138.00', '0.00', '1320.00', '40438.00', '2013-07-15 15:54:13', '2013-07-15 15:54:13');
INSERT INTO `fact_payroll` VALUES ('11', '23', '35000.00', '120.00', '35.00', '1229.00', '0.00', '780.00', '37164.00', '2013-07-15 15:54:13', '2013-07-15 15:54:13');
INSERT INTO `fact_payroll` VALUES ('11', '24', '19000.00', '436.80', '0.00', '0.00', '441.20', '0.00', '18996.00', '2013-07-15 15:54:13', '2013-07-15 15:54:13');
INSERT INTO `fact_payroll` VALUES ('11', '25', '38000.00', '2900.00', '67.00', '1320.00', '90.00', '456.00', '42653.00', '2013-07-15 15:54:13', '2013-07-15 15:54:13');
INSERT INTO `fact_payroll` VALUES ('11', '26', '35000.00', '560.00', '500.00', '780.00', '35.00', '765.00', '37570.00', '2013-07-15 15:54:13', '2013-07-15 15:54:13');
INSERT INTO `fact_payroll` VALUES ('11', '27', '19500.00', '870.00', '300.00', '456.00', '67.00', '356.00', '21415.00', '2013-07-15 15:54:13', '2013-07-15 15:54:13');
INSERT INTO `fact_payroll` VALUES ('11', '28', '15000.00', '340.00', '450.00', '765.00', '0.00', '568.00', '17123.00', '2013-07-15 15:54:13', '2013-07-15 15:54:13');
INSERT INTO `fact_payroll` VALUES ('11', '29', '150000.00', '890.00', '1000.00', '356.00', '0.00', '657.00', '152903.00', '2013-07-15 15:54:13', '2013-07-15 15:54:13');
INSERT INTO `fact_payroll` VALUES ('11', '30', '36000.00', '120.00', '120.00', '568.00', '0.00', '0.00', '36808.00', '2013-07-15 15:54:13', '2013-07-15 15:54:13');
INSERT INTO `fact_payroll` VALUES ('11', '31', '34000.00', '2900.00', '1200.00', '657.00', '0.00', '0.00', '38757.00', '2013-07-15 15:54:13', '2013-07-15 15:54:13');
INSERT INTO `fact_payroll` VALUES ('11', '32', '16000.00', '560.00', '0.00', '0.00', '0.00', '0.00', '16560.00', '2013-07-15 15:54:13', '2013-07-15 15:54:13');
INSERT INTO `fact_payroll` VALUES ('11', '33', '36000.00', '870.00', '0.00', '0.00', '0.00', '445.60', '37316.00', '2013-07-15 15:54:13', '2013-07-15 15:54:13');
INSERT INTO `fact_payroll` VALUES ('11', '34', '10000.00', '340.00', '0.00', '0.00', '0.00', '443.40', '10783.00', '2013-07-15 15:54:13', '2013-07-15 15:54:13');
INSERT INTO `fact_payroll` VALUES ('11', '35', '22000.00', '0.00', '0.00', '0.00', '439.00', '0.00', '21561.00', '2013-07-15 15:54:13', '2013-07-15 15:54:13');
INSERT INTO `fact_payroll` VALUES ('11', '36', '34000.00', '650.00', '340.00', '445.60', '0.00', '774.00', '36210.00', '2013-07-15 15:54:13', '2013-07-15 15:54:13');
INSERT INTO `fact_payroll` VALUES ('11', '37', '22000.00', '280.00', '0.00', '443.40', '0.00', '865.00', '23588.00', '2013-07-15 15:54:13', '2013-07-15 15:54:13');
INSERT INTO `fact_payroll` VALUES ('11', '38', '35000.00', '900.00', '0.00', '441.20', '0.00', '956.00', '37297.00', '2013-07-15 15:54:13', '2013-07-15 15:54:13');
INSERT INTO `fact_payroll` VALUES ('11', '39', '30000.00', '890.00', '0.00', '439.00', '0.00', '1047.00', '32376.00', '2013-07-15 15:54:13', '2013-07-15 15:54:13');
INSERT INTO `fact_payroll` VALUES ('11', '40', '34000.00', '120.00', '0.00', '436.80', '0.00', '1138.00', '35695.00', '2013-07-15 15:54:13', '2013-07-15 15:54:13');
INSERT INTO `fact_payroll` VALUES ('11', '41', '30000.00', '2900.00', '0.00', '434.60', '0.00', '1229.00', '34564.00', '2013-07-15 15:54:13', '2013-07-15 15:54:13');
INSERT INTO `fact_payroll` VALUES ('11', '42', '11000.00', '560.00', '0.00', '319.00', '0.00', '0.00', '11879.00', '2013-07-15 15:54:13', '2013-07-15 15:54:13');
INSERT INTO `fact_payroll` VALUES ('11', '43', '85000.00', '870.00', '0.00', '410.00', '0.00', '0.00', '86280.00', '2013-07-15 15:54:13', '2013-07-15 15:54:13');
INSERT INTO `fact_payroll` VALUES ('11', '44', '80000.00', '340.00', '0.00', '501.00', '100.00', '1047.00', '81788.00', '2013-07-15 15:54:13', '2013-07-15 15:54:13');
INSERT INTO `fact_payroll` VALUES ('11', '45', '93000.00', '650.00', '800.00', '592.00', '120.00', '0.00', '94922.00', '2013-07-15 15:54:13', '2013-07-15 15:54:13');
INSERT INTO `fact_payroll` VALUES ('11', '46', '35000.00', '0.00', '0.00', '0.00', '436.80', '0.00', '34563.00', '2013-07-15 15:54:13', '2013-07-15 15:54:13');
INSERT INTO `fact_payroll` VALUES ('11', '47', '80000.00', '280.00', '600.00', '683.00', '0.00', '0.00', '81563.00', '2013-07-15 15:54:13', '2013-07-15 15:54:13');
INSERT INTO `fact_payroll` VALUES ('11', '48', '94000.00', '900.00', '400.00', '774.00', '0.00', '0.00', '96074.00', '2013-07-15 15:54:13', '2013-07-15 15:54:13');
INSERT INTO `fact_payroll` VALUES ('11', '49', '87000.00', '890.00', '980.00', '865.00', '0.00', '0.00', '89735.00', '2013-07-15 15:54:13', '2013-07-15 15:54:13');
INSERT INTO `fact_payroll` VALUES ('11', '50', '80000.00', '640.00', '0.00', '956.00', '0.00', '0.00', '81596.00', '2013-07-15 15:54:13', '2013-07-15 15:54:13');
INSERT INTO `fact_payroll` VALUES ('11', '51', '80000.00', '590.00', '0.00', '1047.00', '0.00', '1138.00', '82775.00', '2013-07-15 15:54:13', '2013-07-15 15:54:13');
INSERT INTO `fact_payroll` VALUES ('11', '52', '90000.00', '480.00', '0.00', '1138.00', '0.00', '228.00', '91846.00', '2013-07-15 15:54:13', '2013-07-15 15:54:13');
INSERT INTO `fact_payroll` VALUES ('11', '53', '90000.00', '340.00', '0.00', '1229.00', '0.00', '319.00', '91888.00', '2013-07-15 15:54:13', '2013-07-15 15:54:13');
INSERT INTO `fact_payroll` VALUES ('11', '54', '30000.00', '0.00', '0.00', '0.00', '0.00', '410.00', '30410.00', '2013-07-15 15:54:13', '2013-07-15 15:54:13');
INSERT INTO `fact_payroll` VALUES ('11', '55', '15000.00', '0.00', '0.00', '1047.00', '0.00', '501.00', '16548.00', '2013-07-15 15:54:13', '2013-07-15 15:54:13');
INSERT INTO `fact_payroll` VALUES ('11', '56', '9000.00', '0.00', '0.00', '1138.00', '0.00', '0.00', '10138.00', '2013-07-15 15:54:13', '2013-07-15 15:54:13');
INSERT INTO `fact_payroll` VALUES ('11', '57', '19000.00', '0.00', '0.00', '445.60', '0.00', '0.00', '19446.00', '2013-07-15 15:54:13', '2013-07-15 15:54:13');
INSERT INTO `fact_payroll` VALUES ('11', '58', '15000.00', '870.00', '0.00', '870.00', '0.00', '0.00', '16740.00', '2013-07-15 15:54:13', '2013-07-15 15:54:13');
INSERT INTO `fact_payroll` VALUES ('11', '59', '10000.00', '340.00', '0.00', '340.00', '0.00', '0.00', '10680.00', '2013-07-15 15:54:13', '2013-07-15 15:54:13');
INSERT INTO `fact_payroll` VALUES ('11', '60', '9500.00', '650.00', '0.00', '650.00', '0.00', '0.00', '10800.00', '2013-07-15 15:54:13', '2013-07-15 15:54:13');
INSERT INTO `fact_payroll` VALUES ('11', '61', '10000.00', '280.00', '0.00', '280.00', '0.00', '0.00', '10560.00', '2013-07-15 15:54:13', '2013-07-15 15:54:13');
INSERT INTO `fact_payroll` VALUES ('11', '62', '10000.00', '900.00', '0.00', '900.00', '0.00', '0.00', '11800.00', '2013-07-15 15:54:13', '2013-07-15 15:54:13');
INSERT INTO `fact_payroll` VALUES ('11', '63', '11000.00', '890.00', '0.00', '890.00', '0.00', '0.00', '12780.00', '2013-07-15 15:54:13', '2013-07-15 15:54:13');
INSERT INTO `fact_payroll` VALUES ('11', '64', '17000.00', '640.00', '0.00', '640.00', '0.00', '0.00', '18280.00', '2013-07-15 15:54:13', '2013-07-15 15:54:13');
INSERT INTO `fact_payroll` VALUES ('11', '65', '17000.00', '340.00', '0.00', '340.00', '100.00', '0.00', '17580.00', '2013-07-15 15:54:13', '2013-07-15 15:54:13');
INSERT INTO `fact_payroll` VALUES ('11', '66', '17000.00', '890.00', '0.00', '890.00', '120.00', '0.00', '18660.00', '2013-07-15 15:54:13', '2013-07-15 15:54:13');
INSERT INTO `fact_payroll` VALUES ('11', '67', '17000.00', '120.00', '0.00', '120.00', '0.00', '0.00', '17240.00', '2013-07-15 15:54:13', '2013-07-15 15:54:13');
INSERT INTO `fact_payroll` VALUES ('11', '68', '30000.00', '0.00', '0.00', '443.40', '0.00', '0.00', '30443.00', '2013-07-15 15:54:13', '2013-07-15 15:54:13');
INSERT INTO `fact_payroll` VALUES ('11', '69', '17000.00', '0.00', '100.00', '0.00', '0.00', '0.00', '17100.00', '2013-07-15 15:54:13', '2013-07-15 15:54:13');
INSERT INTO `fact_payroll` VALUES ('11', '70', '17000.00', '436.80', '120.00', '437.00', '0.00', '100.00', '18094.00', '2013-07-15 15:54:13', '2013-07-15 15:54:13');
INSERT INTO `fact_payroll` VALUES ('11', '71', '11000.00', '436.80', '0.00', '437.00', '0.00', '120.00', '11994.00', '2013-07-15 15:54:13', '2013-07-15 15:54:13');
INSERT INTO `fact_payroll` VALUES ('11', '72', '17000.00', '436.80', '0.00', '437.00', '0.00', '0.00', '17874.00', '2013-07-15 15:54:13', '2013-07-15 15:54:13');
INSERT INTO `fact_payroll` VALUES ('11', '73', '17000.00', '501.00', '0.00', '501.00', '0.00', '0.00', '18002.00', '2013-07-15 15:54:13', '2013-07-15 15:54:13');
INSERT INTO `fact_payroll` VALUES ('11', '74', '17000.00', '592.00', '0.00', '592.00', '0.00', '0.00', '18184.00', '2013-07-15 15:54:13', '2013-07-15 15:54:13');
INSERT INTO `fact_payroll` VALUES ('11', '75', '17000.00', '683.00', '0.00', '683.00', '0.00', '0.00', '18366.00', '2013-07-15 15:54:13', '2013-07-15 15:54:13');
INSERT INTO `fact_payroll` VALUES ('11', '76', '10000.00', '774.00', '0.00', '774.00', '0.00', '0.00', '11548.00', '2013-07-15 15:54:13', '2013-07-15 15:54:13');
INSERT INTO `fact_payroll` VALUES ('11', '77', '9500.00', '865.00', '0.00', '865.00', '0.00', '0.00', '11230.00', '2013-07-15 15:54:13', '2013-07-15 15:54:13');
INSERT INTO `fact_payroll` VALUES ('11', '78', '10000.00', '956.00', '0.00', '956.00', '0.00', '0.00', '11912.00', '2013-07-15 15:54:13', '2013-07-15 15:54:13');
INSERT INTO `fact_payroll` VALUES ('11', '79', '35000.00', '0.00', '0.00', '441.20', '0.00', '0.00', '35441.00', '2013-07-15 15:54:13', '2013-07-15 15:54:13');
INSERT INTO `fact_payroll` VALUES ('11', '80', '10000.00', '1047.00', '0.00', '1047.00', '0.00', '0.00', '12094.00', '2013-07-15 15:54:13', '2013-07-15 15:54:13');
INSERT INTO `fact_payroll` VALUES ('11', '81', '11000.00', '1138.00', '0.00', '1138.00', '0.00', '0.00', '13276.00', '2013-07-15 15:54:13', '2013-07-15 15:54:13');
INSERT INTO `fact_payroll` VALUES ('11', '82', '11000.00', '1229.00', '0.00', '1229.00', '120.00', '0.00', '13338.00', '2013-07-15 15:54:13', '2013-07-15 15:54:13');
INSERT INTO `fact_payroll` VALUES ('11', '83', '17000.00', '0.00', '0.00', '0.00', '120.00', '0.00', '16880.00', '2013-07-15 15:54:13', '2013-07-15 15:54:13');
INSERT INTO `fact_payroll` VALUES ('11', '84', '17000.00', '0.00', '0.00', '0.00', '0.00', '0.00', '17000.00', '2013-07-15 15:54:13', '2013-07-15 15:54:13');
INSERT INTO `fact_payroll` VALUES ('11', '85', '17000.00', '0.00', '120.00', '0.00', '0.00', '0.00', '17120.00', '2013-07-15 15:54:13', '2013-07-15 15:54:13');
INSERT INTO `fact_payroll` VALUES ('11', '86', '17000.00', '0.00', '120.00', '0.00', '0.00', '120.00', '17240.00', '2013-07-15 15:54:13', '2013-07-15 15:54:13');
INSERT INTO `fact_payroll` VALUES ('11', '87', '17000.00', '1047.00', '0.00', '1047.00', '0.00', '120.00', '19214.00', '2013-07-15 15:54:13', '2013-07-15 15:54:13');
INSERT INTO `fact_payroll` VALUES ('11', '88', '17000.00', '0.00', '0.00', '0.00', '0.00', '0.00', '17000.00', '2013-07-15 15:54:13', '2013-07-15 15:54:13');
INSERT INTO `fact_payroll` VALUES ('11', '89', '11000.00', '0.00', '0.00', '0.00', '0.00', '0.00', '11000.00', '2013-07-15 15:54:13', '2013-07-15 15:54:13');
INSERT INTO `fact_payroll` VALUES ('11', '90', '35000.00', '0.00', '0.00', '439.00', '0.00', '1047.00', '36486.00', '2013-07-15 15:54:13', '2013-07-15 15:54:13');
INSERT INTO `fact_payroll` VALUES ('11', '91', '17000.00', '0.00', '0.00', '0.00', '0.00', '0.00', '17000.00', '2013-07-15 15:54:13', '2013-07-15 15:54:13');
INSERT INTO `fact_payroll` VALUES ('11', '92', '17000.00', '0.00', '0.00', '0.00', '0.00', '0.00', '17000.00', '2013-07-15 15:54:13', '2013-07-15 15:54:13');
INSERT INTO `fact_payroll` VALUES ('11', '93', '17000.00', '0.00', '0.00', '0.00', '0.00', '0.00', '17000.00', '2013-07-15 15:54:13', '2013-07-15 15:54:13');
INSERT INTO `fact_payroll` VALUES ('11', '94', '17000.00', '1138.00', '0.00', '1138.00', '0.00', '0.00', '19276.00', '2013-07-15 15:54:13', '2013-07-15 15:54:13');
INSERT INTO `fact_payroll` VALUES ('11', '95', '11000.00', '228.00', '0.00', '228.00', '0.00', '0.00', '11456.00', '2013-07-15 15:54:13', '2013-07-15 15:54:13');
INSERT INTO `fact_payroll` VALUES ('12', '1', '15000.00', '0.00', '0.00', '0.00', '0.00', '0.00', '15000.00', '2013-07-15 15:54:13', '2013-07-15 15:54:13');
INSERT INTO `fact_payroll` VALUES ('12', '2', '20000.00', '0.00', '0.00', '0.00', '0.00', '765.00', '20765.00', '2013-07-15 15:54:13', '2013-07-15 15:54:13');
INSERT INTO `fact_payroll` VALUES ('12', '4', '22000.00', '0.00', '0.00', '0.00', '0.00', '356.00', '22356.00', '2013-07-15 15:54:13', '2013-07-15 15:54:13');
INSERT INTO `fact_payroll` VALUES ('12', '5', '38000.00', '657.00', '0.00', '657.00', '0.00', '568.00', '39882.00', '2013-07-15 15:54:13', '2013-07-15 15:54:13');
INSERT INTO `fact_payroll` VALUES ('12', '6', '35000.00', '0.00', '800.00', '0.00', '0.00', '657.00', '36457.00', '2013-07-15 15:54:13', '2013-07-15 15:54:13');
INSERT INTO `fact_payroll` VALUES ('12', '7', '19000.00', '0.00', '1500.00', '0.00', '0.00', '0.00', '20500.00', '2013-07-15 15:54:13', '2013-07-15 15:54:13');
INSERT INTO `fact_payroll` VALUES ('12', '8', '19000.00', '0.00', '0.00', '0.00', '0.00', '0.00', '19000.00', '2013-07-15 15:54:13', '2013-07-15 15:54:13');
INSERT INTO `fact_payroll` VALUES ('12', '9', '19000.00', '446.00', '0.00', '445.60', '0.00', '0.00', '19891.00', '2013-07-15 15:54:13', '2013-07-15 15:54:13');
INSERT INTO `fact_payroll` VALUES ('12', '10', '35000.00', '443.00', '0.00', '443.40', '0.00', '445.60', '36332.00', '2013-07-15 15:54:13', '2013-07-15 15:54:13');
INSERT INTO `fact_payroll` VALUES ('12', '11', '38000.00', '441.00', '800.00', '441.20', '0.00', '443.40', '40126.00', '2013-07-15 15:54:13', '2013-07-15 15:54:13');
INSERT INTO `fact_payroll` VALUES ('12', '12', '19000.00', '439.00', '900.00', '439.00', '0.00', '441.20', '21219.00', '2013-07-15 15:54:13', '2013-07-15 15:54:13');
INSERT INTO `fact_payroll` VALUES ('12', '13', '22000.00', '0.00', '0.00', '0.00', '0.00', '0.00', '22000.00', '2013-07-15 15:54:13', '2013-07-15 15:54:13');
INSERT INTO `fact_payroll` VALUES ('12', '14', '38000.00', '437.00', '609.00', '436.80', '0.00', '439.00', '39922.00', '2013-07-15 15:54:13', '2013-07-15 15:54:13');
INSERT INTO `fact_payroll` VALUES ('12', '15', '9500.00', '435.00', '890.00', '434.60', '0.00', '436.80', '11696.00', '2013-07-15 15:54:13', '2013-07-15 15:54:13');
INSERT INTO `fact_payroll` VALUES ('12', '16', '35000.00', '319.00', '0.00', '319.00', '0.00', '434.60', '36073.00', '2013-07-15 15:54:13', '2013-07-15 15:54:13');
INSERT INTO `fact_payroll` VALUES ('12', '17', '15000.00', '410.00', '0.00', '410.00', '0.00', '319.00', '16139.00', '2013-07-15 15:54:13', '2013-07-15 15:54:13');
INSERT INTO `fact_payroll` VALUES ('12', '18', '36000.00', '501.00', '0.00', '501.00', '0.00', '410.00', '37412.00', '2013-07-15 15:54:13', '2013-07-15 15:54:13');
INSERT INTO `fact_payroll` VALUES ('12', '19', '35000.00', '592.00', '0.00', '592.00', '0.00', '0.00', '36184.00', '2013-07-15 15:54:13', '2013-07-15 15:54:13');
INSERT INTO `fact_payroll` VALUES ('12', '20', '15000.00', '683.00', '0.00', '683.00', '0.00', '1138.00', '17504.00', '2013-07-15 15:54:13', '2013-07-15 15:54:13');
INSERT INTO `fact_payroll` VALUES ('12', '21', '19000.00', '774.00', '0.00', '774.00', '0.00', '228.00', '20776.00', '2013-07-15 15:54:13', '2013-07-15 15:54:13');
INSERT INTO `fact_payroll` VALUES ('12', '22', '37000.00', '865.00', '0.00', '865.00', '0.00', '319.00', '39049.00', '2013-07-15 15:54:13', '2013-07-15 15:54:13');
INSERT INTO `fact_payroll` VALUES ('12', '23', '35000.00', '956.00', '0.00', '956.00', '0.00', '410.00', '37322.00', '2013-07-15 15:54:13', '2013-07-15 15:54:13');
INSERT INTO `fact_payroll` VALUES ('12', '24', '19000.00', '0.00', '0.00', '0.00', '0.00', '0.00', '19000.00', '2013-07-15 15:54:13', '2013-07-15 15:54:13');
INSERT INTO `fact_payroll` VALUES ('12', '25', '38000.00', '1047.00', '0.00', '1047.00', '0.00', '501.00', '40595.00', '2013-07-15 15:54:13', '2013-07-15 15:54:13');
INSERT INTO `fact_payroll` VALUES ('12', '26', '35000.00', '890.00', '0.00', '890.00', '0.00', '592.00', '37372.00', '2013-07-15 15:54:13', '2013-07-15 15:54:13');
INSERT INTO `fact_payroll` VALUES ('12', '27', '19500.00', '640.00', '0.00', '640.00', '0.00', '683.00', '21463.00', '2013-07-15 15:54:13', '2013-07-15 15:54:13');
INSERT INTO `fact_payroll` VALUES ('12', '28', '15000.00', '120.00', '0.00', '120.00', '0.00', '774.00', '16014.00', '2013-07-15 15:54:13', '2013-07-15 15:54:13');
INSERT INTO `fact_payroll` VALUES ('12', '29', '150000.00', '2900.00', '0.00', '2900.00', '0.00', '865.00', '156665.00', '2013-07-15 15:54:13', '2013-07-15 15:54:13');
INSERT INTO `fact_payroll` VALUES ('12', '30', '36000.00', '560.00', '0.00', '560.00', '0.00', '956.00', '38076.00', '2013-07-15 15:54:13', '2013-07-15 15:54:13');
INSERT INTO `fact_payroll` VALUES ('12', '31', '34000.00', '870.00', '800.00', '870.00', '0.00', '1047.00', '37587.00', '2013-07-15 15:54:13', '2013-07-15 15:54:13');
INSERT INTO `fact_payroll` VALUES ('12', '32', '16000.00', '340.00', '600.00', '340.00', '0.00', '1138.00', '18418.00', '2013-07-15 15:54:13', '2013-07-15 15:54:13');
INSERT INTO `fact_payroll` VALUES ('12', '33', '36000.00', '650.00', '1200.00', '650.00', '0.00', '1229.00', '39729.00', '2013-07-15 15:54:13', '2013-07-15 15:54:13');
INSERT INTO `fact_payroll` VALUES ('12', '34', '10000.00', '280.00', '890.00', '280.00', '0.00', '1320.00', '12770.00', '2013-07-15 15:54:13', '2013-07-15 15:54:13');
INSERT INTO `fact_payroll` VALUES ('12', '35', '22000.00', '0.00', '0.00', '0.00', '0.00', '0.00', '22000.00', '2013-07-15 15:54:13', '2013-07-15 15:54:13');
INSERT INTO `fact_payroll` VALUES ('12', '36', '34000.00', '900.00', '0.00', '900.00', '0.00', '780.00', '36580.00', '2013-07-15 15:54:13', '2013-07-15 15:54:13');
INSERT INTO `fact_payroll` VALUES ('12', '37', '22000.00', '890.00', '0.00', '890.00', '0.00', '456.00', '24236.00', '2013-07-15 15:54:13', '2013-07-15 15:54:13');
INSERT INTO `fact_payroll` VALUES ('12', '38', '35000.00', '640.00', '0.00', '640.00', '0.00', '765.00', '37045.00', '2013-07-15 15:54:13', '2013-07-15 15:54:13');
INSERT INTO `fact_payroll` VALUES ('12', '39', '30000.00', '340.00', '0.00', '340.00', '0.00', '356.00', '31036.00', '2013-07-15 15:54:13', '2013-07-15 15:54:13');
INSERT INTO `fact_payroll` VALUES ('12', '40', '34000.00', '890.00', '0.00', '890.00', '0.00', '568.00', '36348.00', '2013-07-15 15:54:13', '2013-07-15 15:54:13');
INSERT INTO `fact_payroll` VALUES ('12', '41', '30000.00', '120.00', '0.00', '120.00', '0.00', '657.00', '30897.00', '2013-07-15 15:54:13', '2013-07-15 15:54:13');
INSERT INTO `fact_payroll` VALUES ('12', '42', '11000.00', '0.00', '0.00', '0.00', '0.00', '0.00', '11000.00', '2013-07-15 15:54:13', '2013-07-15 15:54:13');
INSERT INTO `fact_payroll` VALUES ('12', '43', '85000.00', '436.80', '0.00', '437.00', '0.00', '0.00', '85874.00', '2013-07-15 15:54:13', '2013-07-15 15:54:13');
INSERT INTO `fact_payroll` VALUES ('12', '44', '80000.00', '436.80', '0.00', '437.00', '0.00', '0.00', '80874.00', '2013-07-15 15:54:13', '2013-07-15 15:54:13');
INSERT INTO `fact_payroll` VALUES ('12', '45', '93000.00', '436.80', '0.00', '437.00', '0.00', '445.60', '94319.00', '2013-07-15 15:54:13', '2013-07-15 15:54:13');
INSERT INTO `fact_payroll` VALUES ('12', '46', '35000.00', '0.00', '0.00', '0.00', '0.00', '0.00', '35000.00', '2013-07-15 15:54:13', '2013-07-15 15:54:13');
INSERT INTO `fact_payroll` VALUES ('12', '47', '80000.00', '501.00', '0.00', '501.00', '0.00', '443.40', '81445.00', '2013-07-15 15:54:13', '2013-07-15 15:54:13');
INSERT INTO `fact_payroll` VALUES ('12', '48', '94000.00', '592.00', '0.00', '592.00', '0.00', '441.20', '95625.00', '2013-07-15 15:54:13', '2013-07-15 15:54:13');
INSERT INTO `fact_payroll` VALUES ('12', '49', '87000.00', '683.00', '0.00', '683.00', '0.00', '439.00', '88805.00', '2013-07-15 15:54:13', '2013-07-15 15:54:13');
INSERT INTO `fact_payroll` VALUES ('12', '50', '80000.00', '774.00', '0.00', '774.00', '90.00', '436.80', '81895.00', '2013-07-15 15:54:13', '2013-07-15 15:54:13');
INSERT INTO `fact_payroll` VALUES ('12', '51', '80000.00', '865.00', '0.00', '865.00', '35.00', '434.60', '82130.00', '2013-07-15 15:54:13', '2013-07-15 15:54:13');
INSERT INTO `fact_payroll` VALUES ('12', '52', '90000.00', '956.00', '0.00', '956.00', '67.00', '319.00', '92164.00', '2013-07-15 15:54:13', '2013-07-15 15:54:13');
INSERT INTO `fact_payroll` VALUES ('12', '53', '90000.00', '1047.00', '0.00', '1047.00', '0.00', '0.00', '92094.00', '2013-07-15 15:54:13', '2013-07-15 15:54:13');
INSERT INTO `fact_payroll` VALUES ('12', '54', '30000.00', '1138.00', '690.00', '1138.00', '0.00', '0.00', '32966.00', '2013-07-15 15:54:13', '2013-07-15 15:54:13');
INSERT INTO `fact_payroll` VALUES ('12', '55', '15000.00', '1229.00', '340.00', '1229.00', '0.00', '0.00', '17798.00', '2013-07-15 15:54:13', '2013-07-15 15:54:13');
INSERT INTO `fact_payroll` VALUES ('12', '56', '9000.00', '0.00', '890.00', '0.00', '0.00', '0.00', '9890.00', '2013-07-15 15:54:13', '2013-07-15 15:54:13');
INSERT INTO `fact_payroll` VALUES ('12', '57', '19000.00', '0.00', '0.00', '0.00', '0.00', '0.00', '19000.00', '2013-07-15 15:54:13', '2013-07-15 15:54:13');
INSERT INTO `fact_payroll` VALUES ('12', '58', '15000.00', '0.00', '0.00', '0.00', '0.00', '0.00', '15000.00', '2013-07-15 15:54:13', '2013-07-15 15:54:13');
INSERT INTO `fact_payroll` VALUES ('12', '59', '10000.00', '0.00', '0.00', '0.00', '0.00', '0.00', '10000.00', '2013-07-15 15:54:13', '2013-07-15 15:54:13');
INSERT INTO `fact_payroll` VALUES ('12', '60', '9500.00', '0.00', '0.00', '0.00', '0.00', '0.00', '9500.00', '2013-07-15 15:54:13', '2013-07-15 15:54:13');
INSERT INTO `fact_payroll` VALUES ('12', '61', '10000.00', '1047.00', '0.00', '1047.00', '0.00', '0.00', '12094.00', '2013-07-15 15:54:13', '2013-07-15 15:54:13');
INSERT INTO `fact_payroll` VALUES ('12', '62', '10000.00', '0.00', '0.00', '0.00', '0.00', '0.00', '10000.00', '2013-07-15 15:54:13', '2013-07-15 15:54:13');
INSERT INTO `fact_payroll` VALUES ('12', '63', '11000.00', '0.00', '0.00', '0.00', '0.00', '0.00', '11000.00', '2013-07-15 15:54:13', '2013-07-15 15:54:13');
INSERT INTO `fact_payroll` VALUES ('12', '64', '17000.00', '0.00', '0.00', '0.00', '0.00', '0.00', '17000.00', '2013-07-15 15:54:13', '2013-07-15 15:54:13');
INSERT INTO `fact_payroll` VALUES ('12', '65', '17000.00', '0.00', '0.00', '0.00', '0.00', '0.00', '17000.00', '2013-07-15 15:54:13', '2013-07-15 15:54:13');
INSERT INTO `fact_payroll` VALUES ('12', '66', '17000.00', '0.00', '0.00', '0.00', '0.00', '100.00', '17100.00', '2013-07-15 15:54:13', '2013-07-15 15:54:13');
INSERT INTO `fact_payroll` VALUES ('12', '67', '17000.00', '1138.00', '0.00', '1138.00', '0.00', '120.00', '19396.00', '2013-07-15 15:54:13', '2013-07-15 15:54:13');
INSERT INTO `fact_payroll` VALUES ('12', '68', '30000.00', '0.00', '0.00', '0.00', '0.00', '0.00', '30000.00', '2013-07-15 15:54:13', '2013-07-15 15:54:13');
INSERT INTO `fact_payroll` VALUES ('12', '69', '17000.00', '228.00', '0.00', '228.00', '0.00', '0.00', '17456.00', '2013-07-15 15:54:13', '2013-07-15 15:54:13');
INSERT INTO `fact_payroll` VALUES ('12', '70', '17000.00', '1138.00', '0.00', '1138.00', '100.00', '0.00', '19176.00', '2013-07-15 15:54:13', '2013-07-15 15:54:13');
INSERT INTO `fact_payroll` VALUES ('12', '71', '11000.00', '1229.00', '100.00', '1229.00', '120.00', '0.00', '13438.00', '2013-07-15 15:54:13', '2013-07-15 15:54:13');
INSERT INTO `fact_payroll` VALUES ('12', '72', '17000.00', '0.00', '120.00', '0.00', '0.00', '0.00', '17120.00', '2013-07-15 15:54:13', '2013-07-15 15:54:13');
INSERT INTO `fact_payroll` VALUES ('12', '73', '17000.00', '0.00', '0.00', '0.00', '0.00', '0.00', '17000.00', '2013-07-15 15:54:13', '2013-07-15 15:54:13');
INSERT INTO `fact_payroll` VALUES ('12', '74', '17000.00', '1047.00', '0.00', '1047.00', '0.00', '0.00', '19094.00', '2013-07-15 15:54:13', '2013-07-15 15:54:13');
INSERT INTO `fact_payroll` VALUES ('12', '75', '17000.00', '0.00', '0.00', '0.00', '0.00', '0.00', '17000.00', '2013-07-15 15:54:13', '2013-07-15 15:54:13');
INSERT INTO `fact_payroll` VALUES ('12', '76', '10000.00', '0.00', '0.00', '0.00', '0.00', '0.00', '10000.00', '2013-07-15 15:54:13', '2013-07-15 15:54:13');
INSERT INTO `fact_payroll` VALUES ('12', '77', '9500.00', '0.00', '0.00', '0.00', '0.00', '0.00', '9500.00', '2013-07-15 15:54:13', '2013-07-15 15:54:13');
INSERT INTO `fact_payroll` VALUES ('12', '78', '10000.00', '0.00', '0.00', '0.00', '0.00', '0.00', '10000.00', '2013-07-15 15:54:13', '2013-07-15 15:54:13');
INSERT INTO `fact_payroll` VALUES ('12', '79', '35000.00', '0.00', '0.00', '0.00', '0.00', '0.00', '35000.00', '2013-07-15 15:54:13', '2013-07-15 15:54:13');
INSERT INTO `fact_payroll` VALUES ('12', '80', '10000.00', '0.00', '0.00', '0.00', '0.00', '0.00', '10000.00', '2013-07-15 15:54:13', '2013-07-15 15:54:13');
INSERT INTO `fact_payroll` VALUES ('12', '81', '11000.00', '1138.00', '0.00', '1138.00', '0.00', '0.00', '13276.00', '2013-07-15 15:54:13', '2013-07-15 15:54:13');
INSERT INTO `fact_payroll` VALUES ('12', '82', '11000.00', '228.00', '0.00', '228.00', '0.00', '0.00', '11456.00', '2013-07-15 15:54:13', '2013-07-15 15:54:13');
INSERT INTO `fact_payroll` VALUES ('12', '83', '17000.00', '319.00', '0.00', '319.00', '0.00', '120.00', '17758.00', '2013-07-15 15:54:13', '2013-07-15 15:54:13');
INSERT INTO `fact_payroll` VALUES ('12', '84', '17000.00', '410.00', '0.00', '410.00', '0.00', '120.00', '17940.00', '2013-07-15 15:54:13', '2013-07-15 15:54:13');
INSERT INTO `fact_payroll` VALUES ('12', '85', '17000.00', '501.00', '0.00', '501.00', '0.00', '0.00', '18002.00', '2013-07-15 15:54:13', '2013-07-15 15:54:13');
INSERT INTO `fact_payroll` VALUES ('12', '86', '17000.00', '592.00', '0.00', '592.00', '120.00', '0.00', '18064.00', '2013-07-15 15:54:13', '2013-07-15 15:54:13');
INSERT INTO `fact_payroll` VALUES ('12', '87', '17000.00', '683.00', '120.00', '683.00', '120.00', '0.00', '18366.00', '2013-07-15 15:54:13', '2013-07-15 15:54:13');
INSERT INTO `fact_payroll` VALUES ('12', '88', '17000.00', '774.00', '120.00', '774.00', '0.00', '0.00', '18668.00', '2013-07-15 15:54:13', '2013-07-15 15:54:13');
INSERT INTO `fact_payroll` VALUES ('12', '89', '11000.00', '865.00', '0.00', '865.00', '0.00', '0.00', '12730.00', '2013-07-15 15:54:13', '2013-07-15 15:54:13');
INSERT INTO `fact_payroll` VALUES ('12', '90', '35000.00', '0.00', '0.00', '0.00', '0.00', '456.00', '35456.00', '2013-07-15 15:54:13', '2013-07-15 15:54:13');
INSERT INTO `fact_payroll` VALUES ('12', '91', '17000.00', '956.00', '0.00', '956.00', '0.00', '0.00', '18912.00', '2013-07-15 15:54:13', '2013-07-15 15:54:13');
INSERT INTO `fact_payroll` VALUES ('12', '92', '17000.00', '1047.00', '0.00', '1047.00', '0.00', '0.00', '19094.00', '2013-07-15 15:54:13', '2013-07-15 15:54:13');
INSERT INTO `fact_payroll` VALUES ('12', '93', '17000.00', '1138.00', '0.00', '1138.00', '0.00', '0.00', '19276.00', '2013-07-15 15:54:13', '2013-07-15 15:54:13');
INSERT INTO `fact_payroll` VALUES ('12', '94', '17000.00', '1229.00', '0.00', '1229.00', '0.00', '0.00', '19458.00', '2013-07-15 15:54:13', '2013-07-15 15:54:13');
INSERT INTO `fact_payroll` VALUES ('12', '95', '11000.00', '1320.00', '0.00', '1320.00', '0.00', '0.00', '13640.00', '2013-07-15 15:54:13', '2013-07-15 15:54:13');
INSERT INTO `fact_payroll` VALUES ('13', '1', '16500.00', '0.00', '0.00', '0.00', '0.00', '0.00', '16500.00', '2013-07-15 15:54:13', '2013-07-15 15:54:13');
INSERT INTO `fact_payroll` VALUES ('13', '2', '22000.00', '0.00', '2900.00', '0.00', '0.00', '0.00', '24900.00', '2013-07-15 15:54:13', '2013-07-15 15:54:13');
INSERT INTO `fact_payroll` VALUES ('13', '4', '24200.00', '0.00', '560.00', '0.00', '100.00', '760.00', '25420.00', '2013-07-15 15:54:13', '2013-07-15 15:54:13');
INSERT INTO `fact_payroll` VALUES ('13', '5', '41800.00', '0.00', '870.00', '0.00', '0.00', '789.00', '43459.00', '2013-07-15 15:54:13', '2013-07-15 15:54:13');
INSERT INTO `fact_payroll` VALUES ('13', '6', '38500.00', '0.00', '340.00', '0.00', '0.00', '0.00', '38840.00', '2013-07-15 15:54:13', '2013-07-15 15:54:13');
INSERT INTO `fact_payroll` VALUES ('13', '7', '20900.00', '0.00', '650.00', '0.00', '0.00', '100.00', '21650.00', '2013-07-15 15:54:13', '2013-07-15 15:54:13');
INSERT INTO `fact_payroll` VALUES ('13', '8', '20900.00', '0.00', '280.00', '0.00', '0.00', '900.00', '22080.00', '2013-07-15 15:54:13', '2013-07-15 15:54:13');
INSERT INTO `fact_payroll` VALUES ('13', '9', '20900.00', '0.00', '900.00', '0.00', '0.00', '0.00', '21800.00', '2013-07-15 15:54:13', '2013-07-15 15:54:13');
INSERT INTO `fact_payroll` VALUES ('13', '10', '38500.00', '0.00', '0.00', '0.00', '0.00', '0.00', '38500.00', '2013-07-15 15:54:13', '2013-07-15 15:54:13');
INSERT INTO `fact_payroll` VALUES ('13', '11', '41800.00', '0.00', '100.00', '0.00', '0.00', '0.00', '41900.00', '2013-07-15 15:54:13', '2013-07-15 15:54:13');
INSERT INTO `fact_payroll` VALUES ('13', '12', '20900.00', '0.00', '120.00', '0.00', '0.00', '0.00', '21020.00', '2013-07-15 15:54:13', '2013-07-15 15:54:13');
INSERT INTO `fact_payroll` VALUES ('13', '13', '24200.00', '0.00', '0.00', '0.00', '0.00', '0.00', '24200.00', '2013-07-15 15:54:13', '2013-07-15 15:54:13');
INSERT INTO `fact_payroll` VALUES ('13', '14', '41800.00', '0.00', '0.00', '0.00', '0.00', '0.00', '41800.00', '2013-07-15 15:54:13', '2013-07-15 15:54:13');
INSERT INTO `fact_payroll` VALUES ('13', '15', '10450.00', '0.00', '0.00', '0.00', '0.00', '0.00', '10450.00', '2013-07-15 15:54:13', '2013-07-15 15:54:13');
INSERT INTO `fact_payroll` VALUES ('13', '16', '38500.00', '0.00', '0.00', '0.00', '0.00', '0.00', '38500.00', '2013-07-15 15:54:13', '2013-07-15 15:54:13');
INSERT INTO `fact_payroll` VALUES ('13', '17', '16500.00', '1047.00', '0.00', '1047.00', '0.00', '89.00', '18683.00', '2013-07-15 15:54:13', '2013-07-15 15:54:13');
INSERT INTO `fact_payroll` VALUES ('13', '18', '39600.00', '0.00', '0.00', '0.00', '0.00', '90.00', '39690.00', '2013-07-15 15:54:13', '2013-07-15 15:54:13');
INSERT INTO `fact_payroll` VALUES ('13', '19', '38500.00', '0.00', '0.00', '0.00', '0.00', '68.00', '38568.00', '2013-07-15 15:54:13', '2013-07-15 15:54:13');
INSERT INTO `fact_payroll` VALUES ('13', '20', '16500.00', '0.00', '0.00', '0.00', '0.00', '580.00', '17080.00', '2013-07-15 15:54:13', '2013-07-15 15:54:13');
INSERT INTO `fact_payroll` VALUES ('13', '21', '20900.00', '0.00', '0.00', '0.00', '0.00', '774.00', '21674.00', '2013-07-15 15:54:13', '2013-07-15 15:54:13');
INSERT INTO `fact_payroll` VALUES ('13', '22', '40700.00', '0.00', '0.00', '0.00', '0.00', '865.00', '41565.00', '2013-07-15 15:54:13', '2013-07-15 15:54:13');
INSERT INTO `fact_payroll` VALUES ('13', '23', '38500.00', '1138.00', '0.00', '1138.00', '0.00', '956.00', '41732.00', '2013-07-15 15:54:13', '2013-07-15 15:54:13');
INSERT INTO `fact_payroll` VALUES ('13', '24', '20900.00', '0.00', '0.00', '0.00', '0.00', '0.00', '20900.00', '2013-07-15 15:54:13', '2013-07-15 15:54:13');
INSERT INTO `fact_payroll` VALUES ('13', '25', '41800.00', '228.00', '0.00', '228.00', '0.00', '1047.00', '43303.00', '2013-07-15 15:54:13', '2013-07-15 15:54:13');
INSERT INTO `fact_payroll` VALUES ('13', '26', '38500.00', '340.00', '0.00', '0.00', '0.00', '1138.00', '39978.00', '2013-07-15 15:54:13', '2013-07-15 15:54:13');
INSERT INTO `fact_payroll` VALUES ('13', '27', '21450.00', '890.00', '0.00', '0.00', '0.00', '1229.00', '23569.00', '2013-07-15 15:54:13', '2013-07-15 15:54:13');
INSERT INTO `fact_payroll` VALUES ('13', '28', '16500.00', '120.00', '120.00', '446.00', '0.00', '0.00', '17186.00', '2013-07-15 15:54:13', '2013-07-15 15:54:13');
INSERT INTO `fact_payroll` VALUES ('13', '29', '165000.00', '2900.00', '120.00', '443.00', '0.00', '0.00', '168463.00', '2013-07-15 15:54:13', '2013-07-15 15:54:13');
INSERT INTO `fact_payroll` VALUES ('13', '30', '39600.00', '560.00', '0.00', '441.00', '0.00', '1047.00', '41648.00', '2013-07-15 15:54:13', '2013-07-15 15:54:13');
INSERT INTO `fact_payroll` VALUES ('13', '31', '37400.00', '870.00', '0.00', '439.00', '0.00', '0.00', '38709.00', '2013-07-15 15:54:13', '2013-07-15 15:54:13');
INSERT INTO `fact_payroll` VALUES ('13', '32', '17600.00', '340.00', '0.00', '437.00', '0.00', '0.00', '18377.00', '2013-07-15 15:54:13', '2013-07-15 15:54:13');
INSERT INTO `fact_payroll` VALUES ('13', '33', '39600.00', '890.00', '0.00', '435.00', '0.00', '0.00', '40925.00', '2013-07-15 15:54:13', '2013-07-15 15:54:13');
INSERT INTO `fact_payroll` VALUES ('13', '34', '11000.00', '120.00', '0.00', '319.00', '0.00', '0.00', '11439.00', '2013-07-15 15:54:13', '2013-07-15 15:54:13');
INSERT INTO `fact_payroll` VALUES ('13', '35', '24200.00', '446.00', '0.00', '446.00', '0.00', '0.00', '25091.00', '2013-07-15 15:54:13', '2013-07-15 15:54:13');
INSERT INTO `fact_payroll` VALUES ('13', '36', '37400.00', '900.00', '956.00', '410.00', '0.00', '0.00', '39666.00', '2013-07-15 15:54:13', '2013-07-15 15:54:13');
INSERT INTO `fact_payroll` VALUES ('13', '37', '24200.00', '560.00', '1138.00', '501.00', '0.00', '1138.00', '27537.00', '2013-07-15 15:54:13', '2013-07-15 15:54:13');
INSERT INTO `fact_payroll` VALUES ('13', '38', '38500.00', '870.00', '1229.00', '592.00', '0.00', '228.00', '41419.00', '2013-07-15 15:54:13', '2013-07-15 15:54:13');
INSERT INTO `fact_payroll` VALUES ('13', '39', '33000.00', '340.00', '0.00', '683.00', '0.00', '319.00', '34342.00', '2013-07-15 15:54:13', '2013-07-15 15:54:13');
INSERT INTO `fact_payroll` VALUES ('13', '40', '37400.00', '650.00', '0.00', '774.00', '0.00', '410.00', '39234.00', '2013-07-15 15:54:13', '2013-07-15 15:54:13');
INSERT INTO `fact_payroll` VALUES ('13', '41', '33000.00', '280.00', '0.00', '865.00', '0.00', '501.00', '34646.00', '2013-07-15 15:54:13', '2013-07-15 15:54:13');
INSERT INTO `fact_payroll` VALUES ('13', '42', '12100.00', '900.00', '0.00', '956.00', '0.00', '592.00', '14548.00', '2013-07-15 15:54:13', '2013-07-15 15:54:13');
INSERT INTO `fact_payroll` VALUES ('13', '43', '93500.00', '890.00', '1047.00', '1047.00', '0.00', '683.00', '97167.00', '2013-07-15 15:54:13', '2013-07-15 15:54:13');
INSERT INTO `fact_payroll` VALUES ('13', '44', '88000.00', '640.00', '0.00', '1138.00', '0.00', '774.00', '90552.00', '2013-07-15 15:54:13', '2013-07-15 15:54:13');
INSERT INTO `fact_payroll` VALUES ('13', '45', '102300.00', '590.00', '0.00', '1229.00', '0.00', '865.00', '104984.00', '2013-07-15 15:54:13', '2013-07-15 15:54:13');
INSERT INTO `fact_payroll` VALUES ('13', '46', '38500.00', '443.00', '0.00', '443.00', '0.00', '0.00', '39387.00', '2013-07-15 15:54:13', '2013-07-15 15:54:13');
INSERT INTO `fact_payroll` VALUES ('13', '47', '88000.00', '480.00', '0.00', '0.00', '0.00', '956.00', '89436.00', '2013-07-15 15:54:13', '2013-07-15 15:54:13');
INSERT INTO `fact_payroll` VALUES ('13', '48', '103400.00', '340.00', '0.00', '0.00', '0.00', '1047.00', '104787.00', '2013-07-15 15:54:13', '2013-07-15 15:54:13');
INSERT INTO `fact_payroll` VALUES ('13', '49', '95700.00', '120.00', '0.00', '1047.00', '0.00', '1138.00', '98005.00', '2013-07-15 15:54:13', '2013-07-15 15:54:13');
INSERT INTO `fact_payroll` VALUES ('13', '50', '88000.00', '2900.00', '1138.00', '0.00', '0.00', '1229.00', '93267.00', '2013-07-15 15:54:13', '2013-07-15 15:54:13');
INSERT INTO `fact_payroll` VALUES ('13', '51', '88000.00', '560.00', '228.00', '0.00', '0.00', '1320.00', '90108.00', '2013-07-15 15:54:13', '2013-07-15 15:54:13');
INSERT INTO `fact_payroll` VALUES ('13', '52', '99000.00', '870.00', '319.00', '0.00', '0.00', '780.00', '100969.00', '2013-07-15 15:54:13', '2013-07-15 15:54:13');
INSERT INTO `fact_payroll` VALUES ('13', '53', '99000.00', '340.00', '410.00', '0.00', '0.00', '0.00', '99750.00', '2013-07-15 15:54:13', '2013-07-15 15:54:13');
INSERT INTO `fact_payroll` VALUES ('13', '54', '33000.00', '650.00', '870.00', '0.00', '0.00', '870.00', '35390.00', '2013-07-15 15:54:13', '2013-07-15 15:54:13');
INSERT INTO `fact_payroll` VALUES ('13', '55', '16500.00', '280.00', '340.00', '1138.00', '0.00', '340.00', '18598.00', '2013-07-15 15:54:13', '2013-07-15 15:54:13');
INSERT INTO `fact_payroll` VALUES ('13', '56', '9900.00', '870.00', '650.00', '870.00', '0.00', '650.00', '12940.00', '2013-07-15 15:54:13', '2013-07-15 15:54:13');
INSERT INTO `fact_payroll` VALUES ('13', '57', '20900.00', '441.00', '0.00', '441.00', '0.00', '0.00', '21782.00', '2013-07-15 15:54:13', '2013-07-15 15:54:13');
INSERT INTO `fact_payroll` VALUES ('13', '58', '16500.00', '340.00', '280.00', '340.00', '90.00', '280.00', '17650.00', '2013-07-15 15:54:13', '2013-07-15 15:54:13');
INSERT INTO `fact_payroll` VALUES ('13', '59', '10000.00', '650.00', '900.00', '650.00', '0.00', '900.00', '13100.00', '2013-07-15 15:54:13', '2013-07-15 15:54:13');
INSERT INTO `fact_payroll` VALUES ('13', '60', '9500.00', '280.00', '890.00', '280.00', '0.00', '890.00', '11840.00', '2013-07-15 15:54:13', '2013-07-15 15:54:13');
INSERT INTO `fact_payroll` VALUES ('13', '61', '10000.00', '900.00', '640.00', '900.00', '0.00', '640.00', '13080.00', '2013-07-15 15:54:13', '2013-07-15 15:54:13');
INSERT INTO `fact_payroll` VALUES ('13', '62', '10000.00', '890.00', '340.00', '890.00', '0.00', '340.00', '12460.00', '2013-07-15 15:54:13', '2013-07-15 15:54:13');
INSERT INTO `fact_payroll` VALUES ('13', '63', '11000.00', '640.00', '890.00', '640.00', '0.00', '890.00', '14060.00', '2013-07-15 15:54:13', '2013-07-15 15:54:13');
INSERT INTO `fact_payroll` VALUES ('13', '64', '17000.00', '340.00', '120.00', '340.00', '0.00', '120.00', '17920.00', '2013-07-15 15:54:13', '2013-07-15 15:54:13');
INSERT INTO `fact_payroll` VALUES ('13', '65', '17000.00', '890.00', '0.00', '890.00', '0.00', '0.00', '18780.00', '2013-07-15 15:54:13', '2013-07-15 15:54:13');
INSERT INTO `fact_payroll` VALUES ('13', '66', '17000.00', '120.00', '436.80', '120.00', '0.00', '436.80', '18114.00', '2013-07-15 15:54:13', '2013-07-15 15:54:13');
INSERT INTO `fact_payroll` VALUES ('13', '67', '17000.00', '0.00', '436.80', '0.00', '0.00', '436.80', '17874.00', '2013-07-15 15:54:13', '2013-07-15 15:54:13');
INSERT INTO `fact_payroll` VALUES ('13', '68', '33000.00', '439.00', '0.00', '439.00', '0.00', '0.00', '33878.00', '2013-07-15 15:54:13', '2013-07-15 15:54:13');
INSERT INTO `fact_payroll` VALUES ('13', '69', '17000.00', '436.80', '436.80', '436.80', '0.00', '436.80', '18747.00', '2013-07-15 15:54:13', '2013-07-15 15:54:13');
INSERT INTO `fact_payroll` VALUES ('13', '70', '17000.00', '436.80', '501.00', '436.80', '0.00', '501.00', '18876.00', '2013-07-15 15:54:13', '2013-07-15 15:54:13');
INSERT INTO `fact_payroll` VALUES ('13', '71', '11000.00', '436.80', '592.00', '0.00', '0.00', '592.00', '12621.00', '2013-07-15 15:54:13', '2013-07-15 15:54:13');
INSERT INTO `fact_payroll` VALUES ('13', '72', '17000.00', '501.00', '683.00', '0.00', '0.00', '683.00', '18867.00', '2013-07-15 15:54:13', '2013-07-15 15:54:13');
INSERT INTO `fact_payroll` VALUES ('13', '73', '17000.00', '592.00', '774.00', '0.00', '0.00', '774.00', '19140.00', '2013-07-15 15:54:13', '2013-07-15 15:54:13');
INSERT INTO `fact_payroll` VALUES ('13', '74', '17000.00', '683.00', '865.00', '0.00', '0.00', '865.00', '19413.00', '2013-07-15 15:54:13', '2013-07-15 15:54:13');
INSERT INTO `fact_payroll` VALUES ('13', '75', '17000.00', '774.00', '956.00', '0.00', '0.00', '956.00', '19686.00', '2013-07-15 15:54:13', '2013-07-15 15:54:13');
INSERT INTO `fact_payroll` VALUES ('13', '76', '10000.00', '865.00', '1047.00', '0.00', '0.00', '1047.00', '12959.00', '2013-07-15 15:54:13', '2013-07-15 15:54:13');
INSERT INTO `fact_payroll` VALUES ('13', '77', '9500.00', '956.00', '1138.00', '0.00', '0.00', '1138.00', '12732.00', '2013-07-15 15:54:13', '2013-07-15 15:54:13');
INSERT INTO `fact_payroll` VALUES ('13', '78', '10000.00', '1047.00', '1229.00', '0.00', '0.00', '1229.00', '13505.00', '2013-07-15 15:54:13', '2013-07-15 15:54:13');
INSERT INTO `fact_payroll` VALUES ('13', '79', '38500.00', '436.80', '0.00', '437.00', '0.00', '0.00', '39374.00', '2013-07-15 15:54:13', '2013-07-15 15:54:13');
INSERT INTO `fact_payroll` VALUES ('13', '80', '10000.00', '1138.00', '0.00', '0.00', '0.00', '0.00', '11138.00', '2013-07-15 15:54:13', '2013-07-15 15:54:13');
INSERT INTO `fact_payroll` VALUES ('13', '81', '11000.00', '1229.00', '0.00', '0.00', '0.00', '0.00', '12229.00', '2013-07-15 15:54:13', '2013-07-15 15:54:13');
INSERT INTO `fact_payroll` VALUES ('13', '82', '11000.00', '0.00', '0.00', '0.00', '0.00', '0.00', '11000.00', '2013-07-15 15:54:13', '2013-07-15 15:54:13');
INSERT INTO `fact_payroll` VALUES ('13', '83', '17000.00', '0.00', '0.00', '0.00', '100.00', '0.00', '16900.00', '2013-07-15 15:54:13', '2013-07-15 15:54:13');
INSERT INTO `fact_payroll` VALUES ('13', '84', '17000.00', '0.00', '1047.00', '0.00', '0.00', '1047.00', '19094.00', '2013-07-15 15:54:13', '2013-07-15 15:54:13');
INSERT INTO `fact_payroll` VALUES ('13', '85', '17000.00', '0.00', '0.00', '0.00', '0.00', '0.00', '17000.00', '2013-07-15 15:54:13', '2013-07-15 15:54:13');
INSERT INTO `fact_payroll` VALUES ('13', '86', '17000.00', '1047.00', '0.00', '0.00', '0.00', '0.00', '18047.00', '2013-07-15 15:54:13', '2013-07-15 15:54:13');
INSERT INTO `fact_payroll` VALUES ('13', '87', '17000.00', '0.00', '0.00', '0.00', '0.00', '0.00', '17000.00', '2013-07-15 15:54:13', '2013-07-15 15:54:13');
INSERT INTO `fact_payroll` VALUES ('13', '88', '17000.00', '0.00', '0.00', '0.00', '0.00', '0.00', '17000.00', '2013-07-15 15:54:13', '2013-07-15 15:54:13');
INSERT INTO `fact_payroll` VALUES ('13', '89', '11000.00', '0.00', '0.00', '0.00', '0.00', '0.00', '11000.00', '2013-07-15 15:54:13', '2013-07-15 15:54:13');
INSERT INTO `fact_payroll` VALUES ('13', '90', '38500.00', '0.00', '0.00', '0.00', '0.00', '0.00', '38500.00', '2013-07-15 15:54:13', '2013-07-15 15:54:13');
INSERT INTO `fact_payroll` VALUES ('13', '91', '17000.00', '0.00', '1138.00', '0.00', '0.00', '1138.00', '19276.00', '2013-07-15 15:54:13', '2013-07-15 15:54:13');
INSERT INTO `fact_payroll` VALUES ('13', '92', '17000.00', '0.00', '228.00', '0.00', '0.00', '228.00', '17456.00', '2013-07-15 15:54:13', '2013-07-15 15:54:13');
INSERT INTO `fact_payroll` VALUES ('13', '93', '17000.00', '1138.00', '319.00', '0.00', '0.00', '319.00', '18776.00', '2013-07-15 15:54:13', '2013-07-15 15:54:13');
INSERT INTO `fact_payroll` VALUES ('13', '94', '17000.00', '228.00', '410.00', '100.00', '0.00', '410.00', '18148.00', '2013-07-15 15:54:13', '2013-07-15 15:54:13');
INSERT INTO `fact_payroll` VALUES ('13', '95', '11000.00', '319.00', '501.00', '0.00', '0.00', '501.00', '12321.00', '2013-07-15 15:54:13', '2013-07-15 15:54:13');
INSERT INTO `fact_payroll` VALUES ('13', '96', '11000.00', '410.00', '592.00', '0.00', '0.00', '592.00', '12594.00', '2013-07-15 15:54:13', '2013-07-15 15:54:13');
INSERT INTO `fact_payroll` VALUES ('13', '97', '11000.00', '501.00', '683.00', '0.00', '0.00', '683.00', '12867.00', '2013-07-15 15:54:13', '2013-07-15 15:54:13');
INSERT INTO `fact_payroll` VALUES ('13', '98', '11000.00', '592.00', '0.00', '0.00', '0.00', '0.00', '11592.00', '2013-07-15 15:54:13', '2013-07-15 15:54:13');
INSERT INTO `fact_payroll` VALUES ('14', '1', '16500.00', '0.00', '0.00', '0.00', '0.00', '0.00', '16500.00', '2013-07-15 15:54:13', '2013-07-15 15:54:13');
INSERT INTO `fact_payroll` VALUES ('14', '2', '22000.00', '0.00', '0.00', '0.00', '0.00', '0.00', '22000.00', '2013-07-15 15:54:13', '2013-07-15 15:54:13');
INSERT INTO `fact_payroll` VALUES ('14', '4', '24200.00', '657.00', '0.00', '0.00', '0.00', '0.00', '24857.00', '2013-07-15 15:54:13', '2013-07-15 15:54:13');
INSERT INTO `fact_payroll` VALUES ('14', '5', '41800.00', '0.00', '0.00', '0.00', '0.00', '0.00', '41800.00', '2013-07-15 15:54:13', '2013-07-15 15:54:13');
INSERT INTO `fact_payroll` VALUES ('14', '6', '38500.00', '0.00', '445.60', '0.00', '0.00', '445.60', '39391.00', '2013-07-15 15:54:13', '2013-07-15 15:54:13');
INSERT INTO `fact_payroll` VALUES ('14', '7', '20900.00', '0.00', '443.40', '0.00', '0.00', '443.40', '21787.00', '2013-07-15 15:54:13', '2013-07-15 15:54:13');
INSERT INTO `fact_payroll` VALUES ('14', '8', '20900.00', '445.60', '441.20', '0.00', '0.00', '441.20', '22228.00', '2013-07-15 15:54:13', '2013-07-15 15:54:13');
INSERT INTO `fact_payroll` VALUES ('14', '9', '20900.00', '443.40', '439.00', '0.00', '0.00', '439.00', '22221.00', '2013-07-15 15:54:13', '2013-07-15 15:54:13');
INSERT INTO `fact_payroll` VALUES ('14', '10', '38500.00', '441.20', '436.80', '0.00', '0.00', '436.80', '39815.00', '2013-07-15 15:54:13', '2013-07-15 15:54:13');
INSERT INTO `fact_payroll` VALUES ('14', '11', '41800.00', '439.00', '434.60', '0.00', '0.00', '434.60', '43108.00', '2013-07-15 15:54:13', '2013-07-15 15:54:13');
INSERT INTO `fact_payroll` VALUES ('14', '12', '20900.00', '436.80', '319.00', '0.00', '0.00', '319.00', '21975.00', '2013-07-15 15:54:13', '2013-07-15 15:54:13');
INSERT INTO `fact_payroll` VALUES ('14', '13', '24200.00', '0.00', '0.00', '0.00', '0.00', '0.00', '24200.00', '2013-07-15 15:54:13', '2013-07-15 15:54:13');
INSERT INTO `fact_payroll` VALUES ('14', '14', '41800.00', '434.60', '410.00', '0.00', '0.00', '410.00', '43055.00', '2013-07-15 15:54:13', '2013-07-15 15:54:13');
INSERT INTO `fact_payroll` VALUES ('14', '16', '38500.00', '410.00', '592.00', '0.00', '0.00', '592.00', '40094.00', '2013-07-15 15:54:13', '2013-07-15 15:54:13');
INSERT INTO `fact_payroll` VALUES ('14', '17', '16500.00', '501.00', '683.00', '0.00', '0.00', '683.00', '18367.00', '2013-07-15 15:54:13', '2013-07-15 15:54:13');
INSERT INTO `fact_payroll` VALUES ('14', '18', '39600.00', '592.00', '774.00', '0.00', '0.00', '774.00', '41740.00', '2013-07-15 15:54:13', '2013-07-15 15:54:13');
INSERT INTO `fact_payroll` VALUES ('14', '19', '38500.00', '683.00', '865.00', '0.00', '0.00', '865.00', '40913.00', '2013-07-15 15:54:13', '2013-07-15 15:54:13');
INSERT INTO `fact_payroll` VALUES ('14', '20', '16500.00', '774.00', '956.00', '0.00', '0.00', '956.00', '19186.00', '2013-07-15 15:54:13', '2013-07-15 15:54:13');
INSERT INTO `fact_payroll` VALUES ('14', '21', '20900.00', '865.00', '1047.00', '0.00', '0.00', '1047.00', '23859.00', '2013-07-15 15:54:13', '2013-07-15 15:54:13');
INSERT INTO `fact_payroll` VALUES ('14', '22', '40700.00', '956.00', '890.00', '0.00', '0.00', '890.00', '43436.00', '2013-07-15 15:54:13', '2013-07-15 15:54:13');
INSERT INTO `fact_payroll` VALUES ('14', '23', '38500.00', '1047.00', '640.00', '0.00', '0.00', '640.00', '40827.00', '2013-07-15 15:54:13', '2013-07-15 15:54:13');
INSERT INTO `fact_payroll` VALUES ('14', '24', '20900.00', '0.00', '0.00', '0.00', '0.00', '0.00', '20900.00', '2013-07-15 15:54:13', '2013-07-15 15:54:13');
INSERT INTO `fact_payroll` VALUES ('14', '25', '41800.00', '890.00', '120.00', '0.00', '0.00', '120.00', '42930.00', '2013-07-15 15:54:13', '2013-07-15 15:54:13');
INSERT INTO `fact_payroll` VALUES ('14', '26', '38500.00', '640.00', '2900.00', '0.00', '0.00', '2900.00', '44940.00', '2013-07-15 15:54:13', '2013-07-15 15:54:13');
INSERT INTO `fact_payroll` VALUES ('14', '27', '21450.00', '120.00', '560.00', '0.00', '90.00', '560.00', '22600.00', '2013-07-15 15:54:13', '2013-07-15 15:54:13');
INSERT INTO `fact_payroll` VALUES ('14', '28', '16500.00', '2900.00', '870.00', '0.00', '0.00', '870.00', '21140.00', '2013-07-15 15:54:13', '2013-07-15 15:54:13');
INSERT INTO `fact_payroll` VALUES ('14', '29', '165000.00', '560.00', '340.00', '0.00', '120.00', '340.00', '166120.00', '2013-07-15 15:54:13', '2013-07-15 15:54:13');
INSERT INTO `fact_payroll` VALUES ('14', '30', '39600.00', '870.00', '650.00', '0.00', '0.00', '650.00', '41770.00', '2013-07-15 15:54:13', '2013-07-15 15:54:13');
INSERT INTO `fact_payroll` VALUES ('14', '31', '37400.00', '340.00', '280.00', '0.00', '0.00', '280.00', '38300.00', '2013-07-15 15:54:13', '2013-07-15 15:54:13');
INSERT INTO `fact_payroll` VALUES ('14', '32', '17600.00', '650.00', '900.00', '0.00', '0.00', '900.00', '20050.00', '2013-07-15 15:54:13', '2013-07-15 15:54:13');
INSERT INTO `fact_payroll` VALUES ('14', '33', '39600.00', '280.00', '890.00', '0.00', '0.00', '890.00', '41660.00', '2013-07-15 15:54:13', '2013-07-15 15:54:13');
INSERT INTO `fact_payroll` VALUES ('14', '34', '11000.00', '900.00', '640.00', '0.00', '0.00', '640.00', '13180.00', '2013-07-15 15:54:13', '2013-07-15 15:54:13');
INSERT INTO `fact_payroll` VALUES ('14', '35', '24200.00', '0.00', '0.00', '0.00', '0.00', '0.00', '24200.00', '2013-07-15 15:54:13', '2013-07-15 15:54:13');
INSERT INTO `fact_payroll` VALUES ('14', '36', '37400.00', '890.00', '340.00', '0.00', '0.00', '340.00', '38970.00', '2013-07-15 15:54:13', '2013-07-15 15:54:13');
INSERT INTO `fact_payroll` VALUES ('14', '37', '24200.00', '640.00', '890.00', '0.00', '0.00', '890.00', '26620.00', '2013-07-15 15:54:13', '2013-07-15 15:54:13');
INSERT INTO `fact_payroll` VALUES ('14', '38', '38500.00', '340.00', '120.00', '90.00', '0.00', '120.00', '39170.00', '2013-07-15 15:54:13', '2013-07-15 15:54:13');
INSERT INTO `fact_payroll` VALUES ('14', '39', '33000.00', '890.00', '0.00', '0.00', '0.00', '0.00', '33890.00', '2013-07-15 15:54:13', '2013-07-15 15:54:13');
INSERT INTO `fact_payroll` VALUES ('14', '40', '37400.00', '120.00', '436.80', '120.00', '0.00', '436.80', '38514.00', '2013-07-15 15:54:13', '2013-07-15 15:54:13');
INSERT INTO `fact_payroll` VALUES ('14', '41', '33000.00', '0.00', '436.80', '0.00', '0.00', '436.80', '33874.00', '2013-07-15 15:54:13', '2013-07-15 15:54:13');
INSERT INTO `fact_payroll` VALUES ('14', '42', '12100.00', '436.80', '436.80', '436.80', '0.00', '436.80', '13847.00', '2013-07-15 15:54:13', '2013-07-15 15:54:13');
INSERT INTO `fact_payroll` VALUES ('14', '43', '93500.00', '436.80', '501.00', '436.80', '0.00', '501.00', '95376.00', '2013-07-15 15:54:13', '2013-07-15 15:54:13');
INSERT INTO `fact_payroll` VALUES ('14', '44', '88000.00', '436.80', '592.00', '436.80', '0.00', '592.00', '90058.00', '2013-07-15 15:54:13', '2013-07-15 15:54:13');
INSERT INTO `fact_payroll` VALUES ('14', '45', '102300.00', '501.00', '683.00', '501.00', '0.00', '683.00', '104668.00', '2013-07-15 15:54:13', '2013-07-15 15:54:13');
INSERT INTO `fact_payroll` VALUES ('14', '46', '38500.00', '0.00', '0.00', '0.00', '0.00', '0.00', '38500.00', '2013-07-15 15:54:13', '2013-07-15 15:54:13');
INSERT INTO `fact_payroll` VALUES ('14', '47', '88000.00', '592.00', '774.00', '592.00', '0.00', '774.00', '90732.00', '2013-07-15 15:54:13', '2013-07-15 15:54:13');
INSERT INTO `fact_payroll` VALUES ('14', '48', '103400.00', '683.00', '865.00', '683.00', '0.00', '865.00', '106496.00', '2013-07-15 15:54:13', '2013-07-15 15:54:13');
INSERT INTO `fact_payroll` VALUES ('14', '49', '95700.00', '774.00', '956.00', '774.00', '0.00', '956.00', '99160.00', '2013-07-15 15:54:13', '2013-07-15 15:54:13');
INSERT INTO `fact_payroll` VALUES ('14', '50', '88000.00', '865.00', '1047.00', '865.00', '0.00', '1047.00', '91824.00', '2013-07-15 15:54:13', '2013-07-15 15:54:13');
INSERT INTO `fact_payroll` VALUES ('14', '51', '88000.00', '956.00', '1138.00', '956.00', '0.00', '1138.00', '92188.00', '2013-07-15 15:54:13', '2013-07-15 15:54:13');
INSERT INTO `fact_payroll` VALUES ('14', '52', '99000.00', '1047.00', '1229.00', '1047.00', '0.00', '1229.00', '103552.00', '2013-07-15 15:54:13', '2013-07-15 15:54:13');
INSERT INTO `fact_payroll` VALUES ('14', '53', '99000.00', '1138.00', '0.00', '1138.00', '0.00', '0.00', '101276.00', '2013-07-15 15:54:13', '2013-07-15 15:54:13');
INSERT INTO `fact_payroll` VALUES ('14', '54', '33000.00', '1229.00', '0.00', '1229.00', '0.00', '0.00', '35458.00', '2013-07-15 15:54:13', '2013-07-15 15:54:13');
INSERT INTO `fact_payroll` VALUES ('14', '55', '16500.00', '0.00', '0.00', '0.00', '0.00', '0.00', '16500.00', '2013-07-15 15:54:13', '2013-07-15 15:54:13');
INSERT INTO `fact_payroll` VALUES ('14', '56', '9900.00', '0.00', '0.00', '0.00', '0.00', '0.00', '9900.00', '2013-07-15 15:54:13', '2013-07-15 15:54:13');
INSERT INTO `fact_payroll` VALUES ('14', '57', '20900.00', '0.00', '0.00', '0.00', '0.00', '0.00', '20900.00', '2013-07-15 15:54:13', '2013-07-15 15:54:13');
INSERT INTO `fact_payroll` VALUES ('14', '58', '16500.00', '0.00', '1047.00', '0.00', '0.00', '1047.00', '18594.00', '2013-07-15 15:54:13', '2013-07-15 15:54:13');
INSERT INTO `fact_payroll` VALUES ('14', '59', '10000.00', '0.00', '0.00', '0.00', '0.00', '0.00', '10000.00', '2013-07-15 15:54:13', '2013-07-15 15:54:13');
INSERT INTO `fact_payroll` VALUES ('14', '60', '9500.00', '1047.00', '0.00', '1047.00', '0.00', '0.00', '11594.00', '2013-07-15 15:54:13', '2013-07-15 15:54:13');
INSERT INTO `fact_payroll` VALUES ('14', '61', '10000.00', '0.00', '0.00', '0.00', '0.00', '0.00', '10000.00', '2013-07-15 15:54:13', '2013-07-15 15:54:13');
INSERT INTO `fact_payroll` VALUES ('14', '62', '10000.00', '0.00', '0.00', '0.00', '0.00', '0.00', '10000.00', '2013-07-15 15:54:13', '2013-07-15 15:54:13');
INSERT INTO `fact_payroll` VALUES ('14', '63', '11000.00', '0.00', '0.00', '0.00', '0.00', '0.00', '11000.00', '2013-07-15 15:54:13', '2013-07-15 15:54:13');
INSERT INTO `fact_payroll` VALUES ('14', '64', '17000.00', '0.00', '1138.00', '0.00', '0.00', '1138.00', '19276.00', '2013-07-15 15:54:13', '2013-07-15 15:54:13');
INSERT INTO `fact_payroll` VALUES ('14', '65', '17000.00', '0.00', '228.00', '0.00', '0.00', '228.00', '17456.00', '2013-07-15 15:54:13', '2013-07-15 15:54:13');
INSERT INTO `fact_payroll` VALUES ('14', '66', '17000.00', '1138.00', '1138.00', '1138.00', '0.00', '1138.00', '21552.00', '2013-07-15 15:54:13', '2013-07-15 15:54:13');
INSERT INTO `fact_payroll` VALUES ('14', '67', '17000.00', '228.00', '1229.00', '228.00', '0.00', '1229.00', '19914.00', '2013-07-15 15:54:13', '2013-07-15 15:54:13');
INSERT INTO `fact_payroll` VALUES ('14', '68', '33000.00', '0.00', '0.00', '0.00', '0.00', '0.00', '33000.00', '2013-07-15 15:54:13', '2013-07-15 15:54:13');
INSERT INTO `fact_payroll` VALUES ('14', '69', '17000.00', '1138.00', '0.00', '1138.00', '0.00', '0.00', '19276.00', '2013-07-15 15:54:13', '2013-07-15 15:54:13');
INSERT INTO `fact_payroll` VALUES ('14', '70', '17000.00', '1229.00', '0.00', '1229.00', '0.00', '0.00', '19458.00', '2013-07-15 15:54:13', '2013-07-15 15:54:13');
INSERT INTO `fact_payroll` VALUES ('14', '71', '11000.00', '0.00', '1047.00', '0.00', '0.00', '1047.00', '13094.00', '2013-07-15 15:54:13', '2013-07-15 15:54:13');
INSERT INTO `fact_payroll` VALUES ('14', '72', '17000.00', '0.00', '0.00', '0.00', '0.00', '0.00', '17000.00', '2013-07-15 15:54:13', '2013-07-15 15:54:13');
INSERT INTO `fact_payroll` VALUES ('14', '73', '17000.00', '1047.00', '0.00', '1047.00', '0.00', '0.00', '19094.00', '2013-07-15 15:54:13', '2013-07-15 15:54:13');
INSERT INTO `fact_payroll` VALUES ('14', '74', '17000.00', '0.00', '0.00', '0.00', '0.00', '0.00', '17000.00', '2013-07-15 15:54:13', '2013-07-15 15:54:13');
INSERT INTO `fact_payroll` VALUES ('14', '75', '17000.00', '0.00', '0.00', '0.00', '0.00', '0.00', '17000.00', '2013-07-15 15:54:13', '2013-07-15 15:54:13');
INSERT INTO `fact_payroll` VALUES ('14', '76', '10000.00', '0.00', '0.00', '0.00', '0.00', '0.00', '10000.00', '2013-07-15 15:54:13', '2013-07-15 15:54:13');
INSERT INTO `fact_payroll` VALUES ('14', '77', '9500.00', '0.00', '1138.00', '0.00', '0.00', '1138.00', '11776.00', '2013-07-15 15:54:13', '2013-07-15 15:54:13');
INSERT INTO `fact_payroll` VALUES ('14', '78', '10000.00', '0.00', '228.00', '0.00', '0.00', '228.00', '10456.00', '2013-07-15 15:54:13', '2013-07-15 15:54:13');
INSERT INTO `fact_payroll` VALUES ('14', '79', '38500.00', '0.00', '0.00', '0.00', '0.00', '0.00', '38500.00', '2013-07-15 15:54:13', '2013-07-15 15:54:13');
INSERT INTO `fact_payroll` VALUES ('14', '80', '10000.00', '1138.00', '319.00', '1138.00', '0.00', '319.00', '12914.00', '2013-07-15 15:54:13', '2013-07-15 15:54:13');
INSERT INTO `fact_payroll` VALUES ('14', '81', '11000.00', '228.00', '410.00', '228.00', '0.00', '410.00', '12276.00', '2013-07-15 15:54:13', '2013-07-15 15:54:13');
INSERT INTO `fact_payroll` VALUES ('14', '82', '11000.00', '319.00', '501.00', '319.00', '100.00', '501.00', '12540.00', '2013-07-15 15:54:13', '2013-07-15 15:54:13');
INSERT INTO `fact_payroll` VALUES ('14', '83', '17000.00', '410.00', '592.00', '410.00', '0.00', '592.00', '19004.00', '2013-07-15 15:54:13', '2013-07-15 15:54:13');
INSERT INTO `fact_payroll` VALUES ('14', '84', '17000.00', '501.00', '683.00', '501.00', '0.00', '683.00', '19368.00', '2013-07-15 15:54:13', '2013-07-15 15:54:13');
INSERT INTO `fact_payroll` VALUES ('14', '85', '17000.00', '592.00', '774.00', '592.00', '0.00', '774.00', '19732.00', '2013-07-15 15:54:13', '2013-07-15 15:54:13');
INSERT INTO `fact_payroll` VALUES ('14', '86', '17000.00', '683.00', '865.00', '683.00', '0.00', '865.00', '20096.00', '2013-07-15 15:54:13', '2013-07-15 15:54:13');
INSERT INTO `fact_payroll` VALUES ('14', '87', '17000.00', '774.00', '956.00', '774.00', '0.00', '956.00', '20460.00', '2013-07-15 15:54:13', '2013-07-15 15:54:13');
INSERT INTO `fact_payroll` VALUES ('14', '88', '17000.00', '865.00', '1047.00', '865.00', '0.00', '1047.00', '20824.00', '2013-07-15 15:54:13', '2013-07-15 15:54:13');
INSERT INTO `fact_payroll` VALUES ('14', '89', '11000.00', '956.00', '1138.00', '956.00', '0.00', '1138.00', '15188.00', '2013-07-15 15:54:13', '2013-07-15 15:54:13');
INSERT INTO `fact_payroll` VALUES ('14', '90', '38500.00', '0.00', '657.00', '0.00', '0.00', '657.00', '39814.00', '2013-07-15 15:54:13', '2013-07-15 15:54:13');
INSERT INTO `fact_payroll` VALUES ('14', '91', '17000.00', '1047.00', '1229.00', '1047.00', '0.00', '1229.00', '21552.00', '2013-07-15 15:54:13', '2013-07-15 15:54:13');
INSERT INTO `fact_payroll` VALUES ('14', '92', '17000.00', '1138.00', '1320.00', '1138.00', '0.00', '1320.00', '21916.00', '2013-07-15 15:54:13', '2013-07-15 15:54:13');
INSERT INTO `fact_payroll` VALUES ('14', '93', '17000.00', '1229.00', '780.00', '1229.00', '0.00', '780.00', '21018.00', '2013-07-15 15:54:13', '2013-07-15 15:54:13');
INSERT INTO `fact_payroll` VALUES ('14', '94', '17000.00', '1320.00', '456.00', '1320.00', '0.00', '456.00', '20552.00', '2013-07-15 15:54:13', '2013-07-15 15:54:13');
INSERT INTO `fact_payroll` VALUES ('14', '95', '11000.00', '780.00', '765.00', '780.00', '0.00', '765.00', '14090.00', '2013-07-15 15:54:13', '2013-07-15 15:54:13');
INSERT INTO `fact_payroll` VALUES ('14', '96', '11000.00', '456.00', '356.00', '456.00', '0.00', '356.00', '12624.00', '2013-07-15 15:54:13', '2013-07-15 15:54:13');
INSERT INTO `fact_payroll` VALUES ('14', '97', '11000.00', '765.00', '568.00', '765.00', '0.00', '568.00', '13666.00', '2013-07-15 15:54:13', '2013-07-15 15:54:13');
INSERT INTO `fact_payroll` VALUES ('14', '98', '11000.00', '356.00', '657.00', '356.00', '0.00', '657.00', '13026.00', '2013-07-15 15:54:13', '2013-07-15 15:54:13');
INSERT INTO `fact_payroll` VALUES ('15', '1', '16500.00', '0.00', '445.60', '0.00', '0.00', '445.60', '17391.00', '2013-07-15 15:54:13', '2013-07-15 15:54:13');
INSERT INTO `fact_payroll` VALUES ('15', '2', '22000.00', '0.00', '0.00', '0.00', '0.00', '0.00', '22000.00', '2013-07-15 15:54:13', '2013-07-15 15:54:13');
INSERT INTO `fact_payroll` VALUES ('15', '3', '17000.00', '0.00', '0.00', '0.00', '0.00', '0.00', '17000.00', '2013-07-15 15:54:13', '2013-07-15 15:54:13');
INSERT INTO `fact_payroll` VALUES ('15', '4', '24200.00', '0.00', '0.00', '0.00', '0.00', '0.00', '24200.00', '2013-07-15 15:54:13', '2013-07-15 15:54:13');
INSERT INTO `fact_payroll` VALUES ('15', '5', '41800.00', '0.00', '0.00', '0.00', '0.00', '0.00', '41800.00', '2013-07-15 15:54:13', '2013-07-15 15:54:13');
INSERT INTO `fact_payroll` VALUES ('15', '6', '38500.00', '0.00', '0.00', '0.00', '0.00', '0.00', '38500.00', '2013-07-15 15:54:13', '2013-07-15 15:54:13');
INSERT INTO `fact_payroll` VALUES ('15', '7', '20900.00', '0.00', '0.00', '0.00', '0.00', '0.00', '20900.00', '2013-07-15 15:54:13', '2013-07-15 15:54:13');
INSERT INTO `fact_payroll` VALUES ('15', '8', '20900.00', '0.00', '0.00', '0.00', '0.00', '0.00', '20900.00', '2013-07-15 15:54:13', '2013-07-15 15:54:13');
INSERT INTO `fact_payroll` VALUES ('15', '9', '20900.00', '0.00', '0.00', '0.00', '0.00', '0.00', '20900.00', '2013-07-15 15:54:13', '2013-07-15 15:54:13');
INSERT INTO `fact_payroll` VALUES ('15', '10', '38500.00', '0.00', '0.00', '0.00', '0.00', '0.00', '38500.00', '2013-07-15 15:54:13', '2013-07-15 15:54:13');
INSERT INTO `fact_payroll` VALUES ('15', '11', '41800.00', '0.00', '0.00', '0.00', '0.00', '0.00', '41800.00', '2013-07-15 15:54:13', '2013-07-15 15:54:13');
INSERT INTO `fact_payroll` VALUES ('15', '12', '20900.00', '0.00', '0.00', '0.00', '0.00', '0.00', '20900.00', '2013-07-15 15:54:13', '2013-07-15 15:54:13');
INSERT INTO `fact_payroll` VALUES ('15', '13', '24200.00', '0.00', '443.40', '0.00', '0.00', '443.40', '25087.00', '2013-07-15 15:54:13', '2013-07-15 15:54:13');
INSERT INTO `fact_payroll` VALUES ('15', '14', '41800.00', '0.00', '1047.00', '0.00', '0.00', '1047.00', '43894.00', '2013-07-15 15:54:13', '2013-07-15 15:54:13');
INSERT INTO `fact_payroll` VALUES ('15', '16', '38500.00', '1047.00', '0.00', '1047.00', '0.00', '0.00', '40594.00', '2013-07-15 15:54:13', '2013-07-15 15:54:13');
INSERT INTO `fact_payroll` VALUES ('15', '17', '16500.00', '0.00', '0.00', '0.00', '0.00', '0.00', '16500.00', '2013-07-15 15:54:13', '2013-07-15 15:54:13');
INSERT INTO `fact_payroll` VALUES ('15', '18', '39600.00', '0.00', '0.00', '0.00', '0.00', '0.00', '39600.00', '2013-07-15 15:54:13', '2013-07-15 15:54:13');
INSERT INTO `fact_payroll` VALUES ('15', '19', '38500.00', '0.00', '0.00', '0.00', '0.00', '0.00', '38500.00', '2013-07-15 15:54:13', '2013-07-15 15:54:13');
INSERT INTO `fact_payroll` VALUES ('15', '20', '16500.00', '0.00', '1138.00', '0.00', '0.00', '1138.00', '18776.00', '2013-07-15 15:54:13', '2013-07-15 15:54:13');
INSERT INTO `fact_payroll` VALUES ('15', '21', '20900.00', '0.00', '228.00', '0.00', '0.00', '228.00', '21356.00', '2013-07-15 15:54:13', '2013-07-15 15:54:13');
INSERT INTO `fact_payroll` VALUES ('15', '22', '40700.00', '1138.00', '0.00', '1138.00', '0.00', '0.00', '42976.00', '2013-07-15 15:54:13', '2013-07-15 15:54:13');
INSERT INTO `fact_payroll` VALUES ('15', '23', '38500.00', '228.00', '0.00', '228.00', '0.00', '0.00', '38956.00', '2013-07-15 15:54:13', '2013-07-15 15:54:13');
INSERT INTO `fact_payroll` VALUES ('15', '24', '20900.00', '445.60', '441.20', '445.60', '0.00', '441.20', '22674.00', '2013-07-15 15:54:13', '2013-07-15 15:54:13');
INSERT INTO `fact_payroll` VALUES ('15', '25', '41800.00', '0.00', '0.00', '0.00', '0.00', '0.00', '41800.00', '2013-07-15 15:54:13', '2013-07-15 15:54:13');
INSERT INTO `fact_payroll` VALUES ('15', '26', '38500.00', '0.00', '0.00', '0.00', '90.00', '0.00', '38410.00', '2013-07-15 15:54:13', '2013-07-15 15:54:13');
INSERT INTO `fact_payroll` VALUES ('15', '27', '21450.00', '0.00', '0.00', '0.00', '0.00', '0.00', '21450.00', '2013-07-15 15:54:13', '2013-07-15 15:54:13');
INSERT INTO `fact_payroll` VALUES ('15', '28', '16500.00', '590.00', '0.00', '0.00', '0.00', '0.00', '17090.00', '2013-07-15 15:54:13', '2013-07-15 15:54:13');
INSERT INTO `fact_payroll` VALUES ('15', '29', '165000.00', '480.00', '0.00', '1138.00', '0.00', '0.00', '166618.00', '2013-07-15 15:54:13', '2013-07-15 15:54:13');
INSERT INTO `fact_payroll` VALUES ('15', '30', '39600.00', '340.00', '0.00', '228.00', '0.00', '0.00', '40168.00', '2013-07-15 15:54:13', '2013-07-15 15:54:13');
INSERT INTO `fact_payroll` VALUES ('15', '31', '37400.00', '890.00', '0.00', '319.00', '0.00', '0.00', '38609.00', '2013-07-15 15:54:13', '2013-07-15 15:54:13');
INSERT INTO `fact_payroll` VALUES ('15', '32', '17600.00', '0.00', '0.00', '410.00', '0.00', '760.00', '18770.00', '2013-07-15 15:54:13', '2013-07-15 15:54:13');
INSERT INTO `fact_payroll` VALUES ('15', '33', '39600.00', '0.00', '0.00', '501.00', '0.00', '789.00', '40890.00', '2013-07-15 15:54:13', '2013-07-15 15:54:13');
INSERT INTO `fact_payroll` VALUES ('15', '34', '11000.00', '0.00', '0.00', '592.00', '0.00', '0.00', '11592.00', '2013-07-15 15:54:13', '2013-07-15 15:54:13');
INSERT INTO `fact_payroll` VALUES ('15', '35', '24200.00', '443.40', '439.00', '443.40', '0.00', '439.00', '25965.00', '2013-07-15 15:54:13', '2013-07-15 15:54:13');
INSERT INTO `fact_payroll` VALUES ('15', '36', '37400.00', '0.00', '0.00', '683.00', '0.00', '100.00', '38183.00', '2013-07-15 15:54:13', '2013-07-15 15:54:13');
INSERT INTO `fact_payroll` VALUES ('15', '37', '24200.00', '0.00', '0.00', '774.00', '100.00', '900.00', '25774.00', '2013-07-15 15:54:13', '2013-07-15 15:54:13');
INSERT INTO `fact_payroll` VALUES ('15', '38', '38500.00', '0.00', '0.00', '865.00', '0.00', '0.00', '39365.00', '2013-07-15 15:54:13', '2013-07-15 15:54:13');
INSERT INTO `fact_payroll` VALUES ('15', '39', '33000.00', '0.00', '800.00', '956.00', '0.00', '0.00', '34756.00', '2013-07-15 15:54:13', '2013-07-15 15:54:13');
INSERT INTO `fact_payroll` VALUES ('15', '40', '37400.00', '0.00', '1500.00', '1047.00', '0.00', '0.00', '39947.00', '2013-07-15 15:54:13', '2013-07-15 15:54:13');
INSERT INTO `fact_payroll` VALUES ('15', '41', '33000.00', '0.00', '0.00', '1138.00', '0.00', '0.00', '34138.00', '2013-07-15 15:54:13', '2013-07-15 15:54:13');
INSERT INTO `fact_payroll` VALUES ('15', '42', '12100.00', '0.00', '0.00', '1229.00', '0.00', '0.00', '13329.00', '2013-07-15 15:54:13', '2013-07-15 15:54:13');
INSERT INTO `fact_payroll` VALUES ('15', '43', '93500.00', '0.00', '0.00', '1320.00', '0.00', '0.00', '94820.00', '2013-07-15 15:54:13', '2013-07-15 15:54:13');
INSERT INTO `fact_payroll` VALUES ('15', '44', '88000.00', '0.00', '800.00', '780.00', '0.00', '0.00', '89580.00', '2013-07-15 15:54:13', '2013-07-15 15:54:13');
INSERT INTO `fact_payroll` VALUES ('15', '45', '102300.00', '280.00', '900.00', '456.00', '0.00', '89.00', '104025.00', '2013-07-15 15:54:13', '2013-07-15 15:54:13');
INSERT INTO `fact_payroll` VALUES ('15', '46', '38500.00', '441.20', '436.80', '441.20', '0.00', '436.80', '40256.00', '2013-07-15 15:54:13', '2013-07-15 15:54:13');
INSERT INTO `fact_payroll` VALUES ('15', '47', '88000.00', '900.00', '609.00', '765.00', '0.00', '90.00', '90364.00', '2013-07-15 15:54:13', '2013-07-15 15:54:13');
INSERT INTO `fact_payroll` VALUES ('15', '48', '103400.00', '890.00', '890.00', '356.00', '0.00', '68.00', '105604.00', '2013-07-15 15:54:13', '2013-07-15 15:54:13');
INSERT INTO `fact_payroll` VALUES ('15', '49', '95700.00', '640.00', '0.00', '568.00', '0.00', '580.00', '97488.00', '2013-07-15 15:54:13', '2013-07-15 15:54:13');
INSERT INTO `fact_payroll` VALUES ('15', '50', '88000.00', '590.00', '0.00', '0.00', '0.00', '774.00', '89364.00', '2013-07-15 15:54:13', '2013-07-15 15:54:13');
INSERT INTO `fact_payroll` VALUES ('15', '51', '88000.00', '480.00', '0.00', '0.00', '0.00', '865.00', '89345.00', '2013-07-15 15:54:13', '2013-07-15 15:54:13');
INSERT INTO `fact_payroll` VALUES ('15', '52', '99000.00', '340.00', '0.00', '0.00', '0.00', '956.00', '100296.00', '2013-07-15 15:54:13', '2013-07-15 15:54:13');
INSERT INTO `fact_payroll` VALUES ('15', '53', '99000.00', '120.00', '0.00', '0.00', '0.00', '0.00', '99120.00', '2013-07-15 15:54:13', '2013-07-15 15:54:13');
INSERT INTO `fact_payroll` VALUES ('15', '54', '33000.00', '2900.00', '0.00', '0.00', '0.00', '0.00', '35900.00', '2013-07-15 15:54:13', '2013-07-15 15:54:13');
INSERT INTO `fact_payroll` VALUES ('15', '55', '16500.00', '560.00', '0.00', '0.00', '0.00', '0.00', '17060.00', '2013-07-15 15:54:13', '2013-07-15 15:54:13');
INSERT INTO `fact_payroll` VALUES ('15', '56', '9900.00', '0.00', '0.00', '0.00', '0.00', '0.00', '9900.00', '2013-07-15 15:54:13', '2013-07-15 15:54:13');
INSERT INTO `fact_payroll` VALUES ('15', '57', '20900.00', '439.00', '0.00', '439.00', '0.00', '0.00', '21778.00', '2013-07-15 15:54:13', '2013-07-15 15:54:13');
INSERT INTO `fact_payroll` VALUES ('15', '58', '16500.00', '0.00', '0.00', '0.00', '0.00', '0.00', '16500.00', '2013-07-15 15:54:13', '2013-07-15 15:54:13');
INSERT INTO `fact_payroll` VALUES ('15', '59', '10000.00', '0.00', '0.00', '0.00', '0.00', '0.00', '10000.00', '2013-07-15 15:54:13', '2013-07-15 15:54:13');
INSERT INTO `fact_payroll` VALUES ('15', '60', '9500.00', '0.00', '0.00', '0.00', '0.00', '0.00', '9500.00', '2013-07-15 15:54:13', '2013-07-15 15:54:13');
INSERT INTO `fact_payroll` VALUES ('15', '61', '10000.00', '0.00', '0.00', '0.00', '0.00', '0.00', '10000.00', '2013-07-15 15:54:13', '2013-07-15 15:54:13');
INSERT INTO `fact_payroll` VALUES ('15', '62', '10000.00', '0.00', '0.00', '0.00', '0.00', '0.00', '10000.00', '2013-07-15 15:54:13', '2013-07-15 15:54:13');
INSERT INTO `fact_payroll` VALUES ('15', '63', '11000.00', '0.00', '0.00', '100.00', '0.00', '0.00', '11100.00', '2013-07-15 15:54:13', '2013-07-15 15:54:13');
INSERT INTO `fact_payroll` VALUES ('15', '64', '17000.00', '0.00', '0.00', '120.00', '0.00', '0.00', '17120.00', '2013-07-15 15:54:13', '2013-07-15 15:54:13');
INSERT INTO `fact_payroll` VALUES ('15', '65', '17000.00', '0.00', '0.00', '0.00', '0.00', '0.00', '17000.00', '2013-07-15 15:54:13', '2013-07-15 15:54:13');
INSERT INTO `fact_payroll` VALUES ('15', '66', '17000.00', '0.00', '0.00', '0.00', '0.00', '100.00', '17100.00', '2013-07-15 15:54:13', '2013-07-15 15:54:13');
INSERT INTO `fact_payroll` VALUES ('15', '67', '17000.00', '0.00', '100.00', '0.00', '0.00', '120.00', '17220.00', '2013-07-15 15:54:13', '2013-07-15 15:54:13');
INSERT INTO `fact_payroll` VALUES ('15', '68', '33000.00', '436.80', '0.00', '436.80', '0.00', '0.00', '33874.00', '2013-07-15 15:54:13', '2013-07-15 15:54:13');
INSERT INTO `fact_payroll` VALUES ('15', '69', '17000.00', '0.00', '120.00', '0.00', '0.00', '0.00', '17120.00', '2013-07-15 15:54:13', '2013-07-15 15:54:13');
INSERT INTO `fact_payroll` VALUES ('15', '70', '17000.00', '0.00', '0.00', '0.00', '0.00', '0.00', '17000.00', '2013-07-15 15:54:13', '2013-07-15 15:54:13');
INSERT INTO `fact_payroll` VALUES ('15', '71', '11000.00', '0.00', '0.00', '0.00', '0.00', '0.00', '11000.00', '2013-07-15 15:54:13', '2013-07-15 15:54:13');
INSERT INTO `fact_payroll` VALUES ('15', '72', '17000.00', '0.00', '0.00', '0.00', '0.00', '0.00', '17000.00', '2013-07-15 15:54:13', '2013-07-15 15:54:13');
INSERT INTO `fact_payroll` VALUES ('15', '73', '17000.00', '0.00', '0.00', '0.00', '0.00', '0.00', '17000.00', '2013-07-15 15:54:13', '2013-07-15 15:54:13');
INSERT INTO `fact_payroll` VALUES ('15', '74', '17000.00', '0.00', '0.00', '0.00', '0.00', '0.00', '17000.00', '2013-07-15 15:54:13', '2013-07-15 15:54:13');
INSERT INTO `fact_payroll` VALUES ('15', '75', '17000.00', '0.00', '0.00', '0.00', '0.00', '0.00', '17000.00', '2013-07-15 15:54:13', '2013-07-15 15:54:13');
INSERT INTO `fact_payroll` VALUES ('15', '76', '10000.00', '0.00', '0.00', '0.00', '0.00', '0.00', '10000.00', '2013-07-15 15:54:13', '2013-07-15 15:54:13');
INSERT INTO `fact_payroll` VALUES ('15', '77', '9500.00', '0.00', '0.00', '0.00', '0.00', '0.00', '9500.00', '2013-07-15 15:54:13', '2013-07-15 15:54:13');
INSERT INTO `fact_payroll` VALUES ('15', '78', '10000.00', '0.00', '0.00', '0.00', '0.00', '0.00', '10000.00', '2013-07-15 15:54:13', '2013-07-15 15:54:13');
INSERT INTO `fact_payroll` VALUES ('15', '79', '38500.00', '0.00', '0.00', '0.00', '0.00', '0.00', '38500.00', '2013-07-15 15:54:13', '2013-07-15 15:54:13');
INSERT INTO `fact_payroll` VALUES ('15', '80', '10000.00', '0.00', '0.00', '120.00', '0.00', '0.00', '10120.00', '2013-07-15 15:54:13', '2013-07-15 15:54:13');
INSERT INTO `fact_payroll` VALUES ('15', '81', '11000.00', '0.00', '0.00', '120.00', '0.00', '0.00', '11120.00', '2013-07-15 15:54:13', '2013-07-15 15:54:13');
INSERT INTO `fact_payroll` VALUES ('15', '82', '11000.00', '100.00', '0.00', '0.00', '100.00', '0.00', '11000.00', '2013-07-15 15:54:13', '2013-07-15 15:54:13');
INSERT INTO `fact_payroll` VALUES ('15', '83', '17000.00', '0.00', '0.00', '0.00', '0.00', '120.00', '17120.00', '2013-07-15 15:54:13', '2013-07-15 15:54:13');
INSERT INTO `fact_payroll` VALUES ('15', '84', '17000.00', '0.00', '120.00', '0.00', '0.00', '120.00', '17240.00', '2013-07-15 15:54:13', '2013-07-15 15:54:13');
INSERT INTO `fact_payroll` VALUES ('15', '85', '17000.00', '0.00', '120.00', '0.00', '0.00', '0.00', '17120.00', '2013-07-15 15:54:13', '2013-07-15 15:54:13');
INSERT INTO `fact_payroll` VALUES ('15', '86', '17000.00', '0.00', '0.00', '0.00', '0.00', '0.00', '17000.00', '2013-07-15 15:54:13', '2013-07-15 15:54:13');
INSERT INTO `fact_payroll` VALUES ('15', '87', '17000.00', '0.00', '0.00', '0.00', '0.00', '0.00', '17000.00', '2013-07-15 15:54:13', '2013-07-15 15:54:13');
INSERT INTO `fact_payroll` VALUES ('15', '88', '17000.00', '0.00', '0.00', '0.00', '0.00', '0.00', '17000.00', '2013-07-15 15:54:13', '2013-07-15 15:54:13');
INSERT INTO `fact_payroll` VALUES ('15', '89', '11000.00', '0.00', '0.00', '0.00', '0.00', '0.00', '11000.00', '2013-07-15 15:54:13', '2013-07-15 15:54:13');
INSERT INTO `fact_payroll` VALUES ('15', '90', '38500.00', '0.00', '0.00', '0.00', '0.00', '0.00', '38500.00', '2013-07-15 15:54:13', '2013-07-15 15:54:13');
INSERT INTO `fact_payroll` VALUES ('15', '91', '17000.00', '0.00', '0.00', '0.00', '0.00', '0.00', '17000.00', '2013-07-15 15:54:13', '2013-07-15 15:54:13');
INSERT INTO `fact_payroll` VALUES ('15', '92', '17000.00', '0.00', '0.00', '0.00', '0.00', '0.00', '17000.00', '2013-07-15 15:54:13', '2013-07-15 15:54:13');
INSERT INTO `fact_payroll` VALUES ('15', '93', '17000.00', '0.00', '0.00', '0.00', '0.00', '0.00', '17000.00', '2013-07-15 15:54:13', '2013-07-15 15:54:13');
INSERT INTO `fact_payroll` VALUES ('15', '94', '17000.00', '0.00', '0.00', '0.00', '0.00', '0.00', '17000.00', '2013-07-15 15:54:13', '2013-07-15 15:54:13');
INSERT INTO `fact_payroll` VALUES ('15', '95', '11000.00', '0.00', '0.00', '0.00', '0.00', '0.00', '11000.00', '2013-07-15 15:54:13', '2013-07-15 15:54:13');
INSERT INTO `fact_payroll` VALUES ('15', '96', '11000.00', '0.00', '0.00', '0.00', '0.00', '0.00', '11000.00', '2013-07-15 15:54:13', '2013-07-15 15:54:13');
INSERT INTO `fact_payroll` VALUES ('15', '97', '11000.00', '0.00', '0.00', '0.00', '0.00', '0.00', '11000.00', '2013-07-15 15:54:13', '2013-07-15 15:54:13');
INSERT INTO `fact_payroll` VALUES ('15', '98', '11000.00', '0.00', '0.00', '0.00', '0.00', '0.00', '11000.00', '2013-07-15 15:54:13', '2013-07-15 15:54:13');
INSERT INTO `fact_payroll` VALUES ('15', '99', '11000.00', '0.00', '0.00', '0.00', '0.00', '0.00', '11000.00', '2013-07-15 15:54:13', '2013-07-15 15:54:13');
INSERT INTO `fact_payroll` VALUES ('15', '100', '11000.00', '0.00', '0.00', '0.00', '0.00', '0.00', '11000.00', '2013-07-15 15:54:13', '2013-07-15 15:54:13');
INSERT INTO `fact_payroll` VALUES ('16', '1', '16500.00', '0.00', '0.00', '0.00', '0.00', '0.00', '16500.00', '2013-07-15 15:54:13', '2013-07-15 15:54:13');
INSERT INTO `fact_payroll` VALUES ('16', '2', '22000.00', '0.00', '0.00', '765.00', '0.00', '410.00', '23175.00', '2013-07-15 15:54:13', '2013-07-15 15:54:13');
INSERT INTO `fact_payroll` VALUES ('16', '3', '17000.00', '0.00', '434.60', '0.00', '0.00', '0.00', '17435.00', '2013-07-15 15:54:13', '2013-07-15 15:54:13');
INSERT INTO `fact_payroll` VALUES ('16', '4', '24200.00', '0.00', '0.00', '356.00', '0.00', '501.00', '25057.00', '2013-07-15 15:54:13', '2013-07-15 15:54:13');
INSERT INTO `fact_payroll` VALUES ('16', '5', '41800.00', '0.00', '0.00', '568.00', '0.00', '592.00', '42960.00', '2013-07-15 15:54:13', '2013-07-15 15:54:13');
INSERT INTO `fact_payroll` VALUES ('16', '6', '38500.00', '0.00', '0.00', '657.00', '0.00', '683.00', '39840.00', '2013-07-15 15:54:13', '2013-07-15 15:54:13');
INSERT INTO `fact_payroll` VALUES ('16', '7', '20900.00', '0.00', '0.00', '0.00', '0.00', '774.00', '21674.00', '2013-07-15 15:54:13', '2013-07-15 15:54:13');
INSERT INTO `fact_payroll` VALUES ('16', '8', '20900.00', '0.00', '0.00', '0.00', '0.00', '865.00', '21765.00', '2013-07-15 15:54:13', '2013-07-15 15:54:13');
INSERT INTO `fact_payroll` VALUES ('16', '9', '20900.00', '0.00', '0.00', '0.00', '0.00', '956.00', '21856.00', '2013-07-15 15:54:13', '2013-07-15 15:54:13');
INSERT INTO `fact_payroll` VALUES ('16', '10', '38500.00', '0.00', '0.00', '445.60', '0.00', '1047.00', '39993.00', '2013-07-15 15:54:13', '2013-07-15 15:54:13');
INSERT INTO `fact_payroll` VALUES ('16', '11', '41800.00', '0.00', '0.00', '443.40', '0.00', '1138.00', '43381.00', '2013-07-15 15:54:13', '2013-07-15 15:54:13');
INSERT INTO `fact_payroll` VALUES ('16', '12', '20900.00', '0.00', '0.00', '441.20', '0.00', '1229.00', '22570.00', '2013-07-15 15:54:13', '2013-07-15 15:54:13');
INSERT INTO `fact_payroll` VALUES ('16', '13', '24200.00', '0.00', '0.00', '0.00', '0.00', '0.00', '24200.00', '2013-07-15 15:54:13', '2013-07-15 15:54:13');
INSERT INTO `fact_payroll` VALUES ('16', '14', '41800.00', '0.00', '0.00', '439.00', '0.00', '1320.00', '43559.00', '2013-07-15 15:54:13', '2013-07-15 15:54:13');
INSERT INTO `fact_payroll` VALUES ('16', '16', '38500.00', '0.00', '0.00', '434.60', '0.00', '456.00', '39391.00', '2013-07-15 15:54:13', '2013-07-15 15:54:13');
INSERT INTO `fact_payroll` VALUES ('16', '17', '16500.00', '0.00', '0.00', '319.00', '0.00', '765.00', '17584.00', '2013-07-15 15:54:13', '2013-07-15 15:54:13');
INSERT INTO `fact_payroll` VALUES ('16', '18', '39600.00', '0.00', '0.00', '410.00', '0.00', '356.00', '40366.00', '2013-07-15 15:54:13', '2013-07-15 15:54:13');
INSERT INTO `fact_payroll` VALUES ('16', '19', '38500.00', '0.00', '0.00', '501.00', '0.00', '568.00', '39569.00', '2013-07-15 15:54:13', '2013-07-15 15:54:13');
INSERT INTO `fact_payroll` VALUES ('16', '20', '16500.00', '0.00', '0.00', '592.00', '0.00', '657.00', '17749.00', '2013-07-15 15:54:13', '2013-07-15 15:54:13');
INSERT INTO `fact_payroll` VALUES ('16', '21', '20900.00', '0.00', '690.00', '683.00', '0.00', '0.00', '22273.00', '2013-07-15 15:54:13', '2013-07-15 15:54:13');
INSERT INTO `fact_payroll` VALUES ('16', '22', '40700.00', '0.00', '340.00', '774.00', '0.00', '0.00', '41814.00', '2013-07-15 15:54:13', '2013-07-15 15:54:13');
INSERT INTO `fact_payroll` VALUES ('16', '23', '38500.00', '0.00', '890.00', '865.00', '0.00', '0.00', '40255.00', '2013-07-15 15:54:13', '2013-07-15 15:54:13');
INSERT INTO `fact_payroll` VALUES ('16', '24', '20900.00', '0.00', '0.00', '319.00', '0.00', '0.00', '21219.00', '2013-07-15 15:54:13', '2013-07-15 15:54:13');
INSERT INTO `fact_payroll` VALUES ('16', '25', '41800.00', '0.00', '590.00', '956.00', '0.00', '445.60', '43792.00', '2013-07-15 15:54:13', '2013-07-15 15:54:13');
INSERT INTO `fact_payroll` VALUES ('16', '26', '38500.00', '90.00', '480.00', '1047.00', '90.00', '443.40', '40470.00', '2013-07-15 15:54:13', '2013-07-15 15:54:13');
INSERT INTO `fact_payroll` VALUES ('16', '27', '21450.00', '0.00', '340.00', '1138.00', '0.00', '774.00', '23702.00', '2013-07-15 15:54:13', '2013-07-15 15:54:13');
INSERT INTO `fact_payroll` VALUES ('16', '28', '16500.00', '890.00', '0.00', '1229.00', '0.00', '865.00', '19484.00', '2013-07-15 15:54:13', '2013-07-15 15:54:13');
INSERT INTO `fact_payroll` VALUES ('16', '29', '165000.00', '640.00', '0.00', '0.00', '0.00', '956.00', '166596.00', '2013-07-15 15:54:13', '2013-07-15 15:54:13');
INSERT INTO `fact_payroll` VALUES ('16', '30', '39600.00', '590.00', '0.00', '0.00', '0.00', '1047.00', '41237.00', '2013-07-15 15:54:13', '2013-07-15 15:54:13');
INSERT INTO `fact_payroll` VALUES ('16', '31', '37400.00', '480.00', '690.00', '1047.00', '0.00', '1138.00', '40755.00', '2013-07-15 15:54:13', '2013-07-15 15:54:13');
INSERT INTO `fact_payroll` VALUES ('16', '32', '17600.00', '340.00', '340.00', '0.00', '0.00', '1229.00', '19509.00', '2013-07-15 15:54:13', '2013-07-15 15:54:13');
INSERT INTO `fact_payroll` VALUES ('16', '33', '39600.00', '120.00', '890.00', '0.00', '0.00', '0.00', '40610.00', '2013-07-15 15:54:13', '2013-07-15 15:54:13');
INSERT INTO `fact_payroll` VALUES ('16', '34', '11000.00', '2900.00', '120.00', '0.00', '0.00', '0.00', '14020.00', '2013-07-15 15:54:13', '2013-07-15 15:54:13');
INSERT INTO `fact_payroll` VALUES ('16', '35', '24200.00', '0.00', '0.00', '1047.00', '0.00', '0.00', '25247.00', '2013-07-15 15:54:13', '2013-07-15 15:54:13');
INSERT INTO `fact_payroll` VALUES ('16', '36', '37400.00', '560.00', '2900.00', '0.00', '0.00', '1047.00', '41907.00', '2013-07-15 15:54:13', '2013-07-15 15:54:13');
INSERT INTO `fact_payroll` VALUES ('16', '37', '24200.00', '870.00', '560.00', '0.00', '0.00', '0.00', '25630.00', '2013-07-15 15:54:13', '2013-07-15 15:54:13');
INSERT INTO `fact_payroll` VALUES ('16', '38', '38500.00', '340.00', '870.00', '1138.00', '0.00', '0.00', '40848.00', '2013-07-15 15:54:13', '2013-07-15 15:54:13');
INSERT INTO `fact_payroll` VALUES ('16', '39', '33000.00', '650.00', '340.00', '228.00', '0.00', '0.00', '34218.00', '2013-07-15 15:54:13', '2013-07-15 15:54:13');
INSERT INTO `fact_payroll` VALUES ('16', '40', '37400.00', '280.00', '650.00', '319.00', '0.00', '0.00', '38649.00', '2013-07-15 15:54:13', '2013-07-15 15:54:13');
INSERT INTO `fact_payroll` VALUES ('16', '41', '33000.00', '900.00', '280.00', '410.00', '0.00', '0.00', '34590.00', '2013-07-15 15:54:13', '2013-07-15 15:54:13');
INSERT INTO `fact_payroll` VALUES ('16', '42', '12100.00', '890.00', '900.00', '501.00', '0.00', '1138.00', '15529.00', '2013-07-15 15:54:13', '2013-07-15 15:54:13');
INSERT INTO `fact_payroll` VALUES ('16', '43', '93500.00', '640.00', '0.00', '592.00', '0.00', '228.00', '94960.00', '2013-07-15 15:54:13', '2013-07-15 15:54:13');
INSERT INTO `fact_payroll` VALUES ('16', '44', '88000.00', '590.00', '100.00', '683.00', '100.00', '319.00', '89592.00', '2013-07-15 15:54:13', '2013-07-15 15:54:13');
INSERT INTO `fact_payroll` VALUES ('16', '45', '102300.00', '480.00', '120.00', '0.00', '120.00', '410.00', '103190.00', '2013-07-15 15:54:13', '2013-07-15 15:54:13');
INSERT INTO `fact_payroll` VALUES ('16', '46', '38500.00', '0.00', '0.00', '1138.00', '0.00', '0.00', '39638.00', '2013-07-15 15:54:13', '2013-07-15 15:54:13');
INSERT INTO `fact_payroll` VALUES ('16', '47', '88000.00', '340.00', '0.00', '0.00', '0.00', '501.00', '88841.00', '2013-07-15 15:54:13', '2013-07-15 15:54:13');
INSERT INTO `fact_payroll` VALUES ('16', '48', '103400.00', '0.00', '0.00', '0.00', '0.00', '592.00', '103992.00', '2013-07-15 15:54:13', '2013-07-15 15:54:13');
INSERT INTO `fact_payroll` VALUES ('16', '49', '95700.00', '0.00', '0.00', '0.00', '0.00', '683.00', '96383.00', '2013-07-15 15:54:13', '2013-07-15 15:54:13');
INSERT INTO `fact_payroll` VALUES ('16', '50', '88000.00', '0.00', '0.00', '0.00', '0.00', '774.00', '88774.00', '2013-07-15 15:54:13', '2013-07-15 15:54:13');
INSERT INTO `fact_payroll` VALUES ('16', '51', '88000.00', '690.00', '0.00', '0.00', '0.00', '865.00', '89555.00', '2013-07-15 15:54:13', '2013-07-15 15:54:13');
INSERT INTO `fact_payroll` VALUES ('16', '52', '99000.00', '340.00', '0.00', '0.00', '0.00', '0.00', '99340.00', '2013-07-15 15:54:13', '2013-07-15 15:54:13');
INSERT INTO `fact_payroll` VALUES ('16', '53', '99000.00', '890.00', '0.00', '0.00', '0.00', '0.00', '99890.00', '2013-07-15 15:54:13', '2013-07-15 15:54:13');
INSERT INTO `fact_payroll` VALUES ('16', '54', '33000.00', '590.00', '0.00', '0.00', '0.00', '0.00', '33590.00', '2013-07-15 15:54:13', '2013-07-15 15:54:13');
INSERT INTO `fact_payroll` VALUES ('16', '55', '16500.00', '480.00', '0.00', '0.00', '0.00', '0.00', '16980.00', '2013-07-15 15:54:13', '2013-07-15 15:54:13');
INSERT INTO `fact_payroll` VALUES ('16', '56', '9900.00', '340.00', '0.00', '0.00', '0.00', '0.00', '10240.00', '2013-07-15 15:54:13', '2013-07-15 15:54:13');
INSERT INTO `fact_payroll` VALUES ('16', '57', '20900.00', '0.00', '0.00', '1229.00', '0.00', '0.00', '22129.00', '2013-07-15 15:54:13', '2013-07-15 15:54:13');
INSERT INTO `fact_payroll` VALUES ('16', '58', '16500.00', '890.00', '0.00', '0.00', '0.00', '0.00', '17390.00', '2013-07-15 15:54:13', '2013-07-15 15:54:13');
INSERT INTO `fact_payroll` VALUES ('16', '59', '10000.00', '0.00', '0.00', '0.00', '0.00', '0.00', '10000.00', '2013-07-15 15:54:13', '2013-07-15 15:54:13');
INSERT INTO `fact_payroll` VALUES ('16', '60', '9500.00', '0.00', '0.00', '0.00', '0.00', '0.00', '9500.00', '2013-07-15 15:54:13', '2013-07-15 15:54:13');
INSERT INTO `fact_payroll` VALUES ('16', '61', '10000.00', '0.00', '0.00', '0.00', '0.00', '0.00', '10000.00', '2013-07-15 15:54:13', '2013-07-15 15:54:13');
INSERT INTO `fact_payroll` VALUES ('16', '62', '10000.00', '0.00', '0.00', '0.00', '0.00', '0.00', '10000.00', '2013-07-15 15:54:13', '2013-07-15 15:54:13');
INSERT INTO `fact_payroll` VALUES ('16', '63', '11000.00', '0.00', '0.00', '0.00', '0.00', '0.00', '11000.00', '2013-07-15 15:54:13', '2013-07-15 15:54:13');
INSERT INTO `fact_payroll` VALUES ('16', '64', '17000.00', '0.00', '0.00', '0.00', '0.00', '0.00', '17000.00', '2013-07-15 15:54:13', '2013-07-15 15:54:13');
INSERT INTO `fact_payroll` VALUES ('16', '65', '17000.00', '0.00', '0.00', '0.00', '0.00', '0.00', '17000.00', '2013-07-15 15:54:13', '2013-07-15 15:54:13');
INSERT INTO `fact_payroll` VALUES ('16', '66', '17000.00', '0.00', '0.00', '0.00', '0.00', '0.00', '17000.00', '2013-07-15 15:54:13', '2013-07-15 15:54:13');
INSERT INTO `fact_payroll` VALUES ('16', '67', '17000.00', '0.00', '0.00', '0.00', '100.00', '0.00', '16900.00', '2013-07-15 15:54:13', '2013-07-15 15:54:13');
INSERT INTO `fact_payroll` VALUES ('16', '68', '33000.00', '0.00', '600.00', '1320.00', '0.00', '1138.00', '36058.00', '2013-07-15 15:54:13', '2013-07-15 15:54:13');
INSERT INTO `fact_payroll` VALUES ('16', '69', '17000.00', '0.00', '0.00', '0.00', '120.00', '0.00', '16880.00', '2013-07-15 15:54:13', '2013-07-15 15:54:13');
INSERT INTO `fact_payroll` VALUES ('16', '70', '17000.00', '0.00', '0.00', '0.00', '0.00', '0.00', '17000.00', '2013-07-15 15:54:13', '2013-07-15 15:54:13');
INSERT INTO `fact_payroll` VALUES ('16', '71', '11000.00', '0.00', '0.00', '0.00', '0.00', '0.00', '11000.00', '2013-07-15 15:54:13', '2013-07-15 15:54:13');
INSERT INTO `fact_payroll` VALUES ('16', '72', '17000.00', '0.00', '0.00', '0.00', '0.00', '0.00', '17000.00', '2013-07-15 15:54:13', '2013-07-15 15:54:13');
INSERT INTO `fact_payroll` VALUES ('16', '73', '17000.00', '0.00', '0.00', '0.00', '0.00', '0.00', '17000.00', '2013-07-15 15:54:13', '2013-07-15 15:54:13');
INSERT INTO `fact_payroll` VALUES ('16', '74', '17000.00', '0.00', '0.00', '0.00', '0.00', '0.00', '17000.00', '2013-07-15 15:54:13', '2013-07-15 15:54:13');
INSERT INTO `fact_payroll` VALUES ('16', '75', '17000.00', '0.00', '0.00', '0.00', '0.00', '0.00', '17000.00', '2013-07-15 15:54:13', '2013-07-15 15:54:13');
INSERT INTO `fact_payroll` VALUES ('16', '77', '9500.00', '0.00', '0.00', '0.00', '0.00', '0.00', '9500.00', '2013-07-15 15:54:13', '2013-07-15 15:54:13');
INSERT INTO `fact_payroll` VALUES ('16', '78', '10000.00', '0.00', '0.00', '0.00', '0.00', '0.00', '10000.00', '2013-07-15 15:54:13', '2013-07-15 15:54:13');
INSERT INTO `fact_payroll` VALUES ('16', '79', '38500.00', '0.00', '1200.00', '780.00', '0.00', '228.00', '40708.00', '2013-07-15 15:54:13', '2013-07-15 15:54:13');
INSERT INTO `fact_payroll` VALUES ('16', '80', '10000.00', '0.00', '0.00', '0.00', '0.00', '0.00', '10000.00', '2013-07-15 15:54:13', '2013-07-15 15:54:13');
INSERT INTO `fact_payroll` VALUES ('16', '81', '11000.00', '0.00', '319.00', '0.00', '0.00', '0.00', '11319.00', '2013-07-15 15:54:13', '2013-07-15 15:54:13');
INSERT INTO `fact_payroll` VALUES ('16', '82', '11000.00', '100.00', '1047.00', '100.00', '0.00', '100.00', '12347.00', '2013-07-15 15:54:13', '2013-07-15 15:54:13');
INSERT INTO `fact_payroll` VALUES ('16', '83', '17000.00', '0.00', '1138.00', '0.00', '0.00', '0.00', '18138.00', '2013-07-15 15:54:13', '2013-07-15 15:54:13');
INSERT INTO `fact_payroll` VALUES ('16', '84', '17000.00', '0.00', '1229.00', '0.00', '120.00', '0.00', '18109.00', '2013-07-15 15:54:13', '2013-07-15 15:54:13');
INSERT INTO `fact_payroll` VALUES ('16', '85', '17000.00', '0.00', '1320.00', '0.00', '120.00', '0.00', '18200.00', '2013-07-15 15:54:13', '2013-07-15 15:54:13');
INSERT INTO `fact_payroll` VALUES ('16', '86', '17000.00', '0.00', '780.00', '0.00', '0.00', '0.00', '17780.00', '2013-07-15 15:54:13', '2013-07-15 15:54:13');
INSERT INTO `fact_payroll` VALUES ('16', '87', '17000.00', '0.00', '456.00', '0.00', '0.00', '0.00', '17456.00', '2013-07-15 15:54:13', '2013-07-15 15:54:13');
INSERT INTO `fact_payroll` VALUES ('16', '88', '17000.00', '0.00', '765.00', '0.00', '0.00', '0.00', '17765.00', '2013-07-15 15:54:13', '2013-07-15 15:54:13');
INSERT INTO `fact_payroll` VALUES ('16', '89', '11000.00', '0.00', '356.00', '0.00', '0.00', '0.00', '11356.00', '2013-07-15 15:54:13', '2013-07-15 15:54:13');
INSERT INTO `fact_payroll` VALUES ('16', '90', '38500.00', '0.00', '890.00', '456.00', '0.00', '319.00', '40165.00', '2013-07-15 15:54:13', '2013-07-15 15:54:13');
INSERT INTO `fact_payroll` VALUES ('16', '91', '17000.00', '0.00', '568.00', '0.00', '0.00', '0.00', '17568.00', '2013-07-15 15:54:13', '2013-07-15 15:54:13');
INSERT INTO `fact_payroll` VALUES ('16', '92', '17000.00', '0.00', '657.00', '0.00', '0.00', '0.00', '17657.00', '2013-07-15 15:54:13', '2013-07-15 15:54:13');
INSERT INTO `fact_payroll` VALUES ('16', '93', '17000.00', '0.00', '0.00', '0.00', '0.00', '0.00', '17000.00', '2013-07-15 15:54:13', '2013-07-15 15:54:13');
INSERT INTO `fact_payroll` VALUES ('16', '94', '17000.00', '0.00', '0.00', '0.00', '0.00', '0.00', '17000.00', '2013-07-15 15:54:13', '2013-07-15 15:54:13');
INSERT INTO `fact_payroll` VALUES ('16', '95', '11000.00', '0.00', '0.00', '0.00', '0.00', '0.00', '11000.00', '2013-07-15 15:54:13', '2013-07-15 15:54:13');
INSERT INTO `fact_payroll` VALUES ('16', '96', '11000.00', '0.00', '445.60', '0.00', '0.00', '0.00', '11446.00', '2013-07-15 15:54:13', '2013-07-15 15:54:13');
INSERT INTO `fact_payroll` VALUES ('16', '97', '11000.00', '0.00', '443.40', '0.00', '0.00', '0.00', '11443.00', '2013-07-15 15:54:13', '2013-07-15 15:54:13');
INSERT INTO `fact_payroll` VALUES ('16', '98', '11000.00', '0.00', '441.20', '0.00', '0.00', '0.00', '11441.00', '2013-07-15 15:54:13', '2013-07-15 15:54:13');
INSERT INTO `fact_payroll` VALUES ('16', '99', '11000.00', '0.00', '439.00', '0.00', '0.00', '0.00', '11439.00', '2013-07-15 15:54:13', '2013-07-15 15:54:13');
INSERT INTO `fact_payroll` VALUES ('16', '100', '11000.00', '0.00', '0.00', '0.00', '0.00', '0.00', '11000.00', '2013-07-15 15:54:13', '2013-07-15 15:54:13');
INSERT INTO `fact_payroll` VALUES ('17', '1', '16500.00', '0.00', '319.00', '0.00', '0.00', '0.00', '16819.00', '2013-07-15 15:54:13', '2013-07-15 15:54:13');
INSERT INTO `fact_payroll` VALUES ('17', '2', '22000.00', '0.00', '1138.00', '0.00', '0.00', '0.00', '23138.00', '2013-07-15 15:54:13', '2013-07-15 15:54:13');
INSERT INTO `fact_payroll` VALUES ('17', '3', '17000.00', '434.60', '319.00', '0.00', '0.00', '434.60', '18188.00', '2013-07-15 15:54:13', '2013-07-15 15:54:13');
INSERT INTO `fact_payroll` VALUES ('17', '4', '24200.00', '0.00', '1229.00', '0.00', '0.00', '0.00', '25429.00', '2013-07-15 15:54:13', '2013-07-15 15:54:13');
INSERT INTO `fact_payroll` VALUES ('17', '5', '41800.00', '0.00', '0.00', '0.00', '0.00', '0.00', '41800.00', '2013-07-15 15:54:13', '2013-07-15 15:54:13');
INSERT INTO `fact_payroll` VALUES ('17', '6', '38500.00', '0.00', '0.00', '0.00', '0.00', '0.00', '38500.00', '2013-07-15 15:54:13', '2013-07-15 15:54:13');
INSERT INTO `fact_payroll` VALUES ('17', '7', '20900.00', '0.00', '1047.00', '0.00', '0.00', '0.00', '21947.00', '2013-07-15 15:54:13', '2013-07-15 15:54:13');
INSERT INTO `fact_payroll` VALUES ('17', '8', '20900.00', '0.00', '0.00', '0.00', '0.00', '0.00', '20900.00', '2013-07-15 15:54:13', '2013-07-15 15:54:13');
INSERT INTO `fact_payroll` VALUES ('17', '9', '20900.00', '0.00', '0.00', '0.00', '0.00', '0.00', '20900.00', '2013-07-15 15:54:13', '2013-07-15 15:54:13');
INSERT INTO `fact_payroll` VALUES ('17', '10', '38500.00', '0.00', '0.00', '0.00', '0.00', '0.00', '38500.00', '2013-07-15 15:54:13', '2013-07-15 15:54:13');
INSERT INTO `fact_payroll` VALUES ('17', '11', '41800.00', '0.00', '0.00', '0.00', '0.00', '0.00', '41800.00', '2013-07-15 15:54:13', '2013-07-15 15:54:13');
INSERT INTO `fact_payroll` VALUES ('17', '12', '20900.00', '0.00', '0.00', '0.00', '0.00', '0.00', '20900.00', '2013-07-15 15:54:13', '2013-07-15 15:54:13');
INSERT INTO `fact_payroll` VALUES ('17', '13', '24200.00', '0.00', '410.00', '0.00', '0.00', '0.00', '24610.00', '2013-07-15 15:54:13', '2013-07-15 15:54:13');
INSERT INTO `fact_payroll` VALUES ('17', '14', '41800.00', '0.00', '1138.00', '0.00', '0.00', '0.00', '42938.00', '2013-07-15 15:54:13', '2013-07-15 15:54:13');
INSERT INTO `fact_payroll` VALUES ('17', '15', '0.00', '0.00', '228.00', '0.00', '0.00', '0.00', '0.00', '2013-07-15 15:54:13', '2013-07-15 15:54:13');
INSERT INTO `fact_payroll` VALUES ('17', '16', '38500.00', '0.00', '319.00', '0.00', '0.00', '0.00', '38819.00', '2013-07-15 15:54:13', '2013-07-15 15:54:13');
INSERT INTO `fact_payroll` VALUES ('17', '17', '16500.00', '0.00', '410.00', '0.00', '0.00', '0.00', '16910.00', '2013-07-15 15:54:13', '2013-07-15 15:54:13');
INSERT INTO `fact_payroll` VALUES ('17', '18', '39600.00', '0.00', '501.00', '0.00', '0.00', '0.00', '40101.00', '2013-07-15 15:54:13', '2013-07-15 15:54:13');
INSERT INTO `fact_payroll` VALUES ('17', '19', '38500.00', '0.00', '592.00', '0.00', '0.00', '0.00', '39092.00', '2013-07-15 15:54:13', '2013-07-15 15:54:13');
INSERT INTO `fact_payroll` VALUES ('17', '20', '16500.00', '0.00', '683.00', '0.00', '0.00', '0.00', '17183.00', '2013-07-15 15:54:13', '2013-07-15 15:54:13');
INSERT INTO `fact_payroll` VALUES ('17', '21', '20900.00', '0.00', '0.00', '0.00', '0.00', '0.00', '20900.00', '2013-07-15 15:54:13', '2013-07-15 15:54:13');
INSERT INTO `fact_payroll` VALUES ('17', '22', '40700.00', '0.00', '0.00', '0.00', '0.00', '0.00', '40700.00', '2013-07-15 15:54:13', '2013-07-15 15:54:13');
INSERT INTO `fact_payroll` VALUES ('17', '23', '38500.00', '0.00', '0.00', '0.00', '0.00', '0.00', '38500.00', '2013-07-15 15:54:13', '2013-07-15 15:54:13');
INSERT INTO `fact_payroll` VALUES ('17', '24', '20900.00', '0.00', '501.00', '0.00', '0.00', '0.00', '21401.00', '2013-07-15 15:54:13', '2013-07-15 15:54:13');
INSERT INTO `fact_payroll` VALUES ('17', '26', '38500.00', '90.00', '0.00', '90.00', '0.00', '90.00', '38770.00', '2013-07-15 15:54:13', '2013-07-15 15:54:13');
INSERT INTO `fact_payroll` VALUES ('17', '27', '21450.00', '0.00', '0.00', '0.00', '0.00', '0.00', '21450.00', '2013-07-15 15:54:13', '2013-07-15 15:54:13');
INSERT INTO `fact_payroll` VALUES ('17', '28', '16500.00', '340.00', '0.00', '0.00', '0.00', '456.00', '17296.00', '2013-07-15 15:54:13', '2013-07-15 15:54:13');
INSERT INTO `fact_payroll` VALUES ('17', '29', '165000.00', '890.00', '0.00', '0.00', '0.00', '765.00', '166655.00', '2013-07-15 15:54:13', '2013-07-15 15:54:13');
INSERT INTO `fact_payroll` VALUES ('17', '30', '39600.00', '590.00', '0.00', '0.00', '0.00', '356.00', '40546.00', '2013-07-15 15:54:13', '2013-07-15 15:54:13');
INSERT INTO `fact_payroll` VALUES ('17', '31', '37400.00', '480.00', '0.00', '0.00', '0.00', '568.00', '38448.00', '2013-07-15 15:54:13', '2013-07-15 15:54:13');
INSERT INTO `fact_payroll` VALUES ('17', '32', '17600.00', '340.00', '0.00', '0.00', '0.00', '657.00', '18597.00', '2013-07-15 15:54:13', '2013-07-15 15:54:13');
INSERT INTO `fact_payroll` VALUES ('17', '33', '39600.00', '0.00', '0.00', '0.00', '0.00', '0.00', '39600.00', '2013-07-15 15:54:13', '2013-07-15 15:54:13');
INSERT INTO `fact_payroll` VALUES ('17', '34', '11000.00', '0.00', '0.00', '445.60', '0.00', '0.00', '11446.00', '2013-07-15 15:54:13', '2013-07-15 15:54:13');
INSERT INTO `fact_payroll` VALUES ('17', '35', '24200.00', '0.00', '592.00', '0.00', '0.00', '0.00', '24792.00', '2013-07-15 15:54:13', '2013-07-15 15:54:13');
INSERT INTO `fact_payroll` VALUES ('17', '36', '37400.00', '0.00', '0.00', '443.40', '0.00', '0.00', '37843.00', '2013-07-15 15:54:13', '2013-07-15 15:54:13');
INSERT INTO `fact_payroll` VALUES ('17', '37', '24200.00', '0.00', '568.00', '441.20', '0.00', '445.60', '25655.00', '2013-07-15 15:54:13', '2013-07-15 15:54:13');
INSERT INTO `fact_payroll` VALUES ('17', '38', '38500.00', '0.00', '657.00', '439.00', '0.00', '443.40', '40039.00', '2013-07-15 15:54:13', '2013-07-15 15:54:13');
INSERT INTO `fact_payroll` VALUES ('17', '39', '33000.00', '0.00', '0.00', '436.80', '0.00', '441.20', '33878.00', '2013-07-15 15:54:13', '2013-07-15 15:54:13');
INSERT INTO `fact_payroll` VALUES ('17', '40', '37400.00', '0.00', '0.00', '434.60', '0.00', '439.00', '38274.00', '2013-07-15 15:54:13', '2013-07-15 15:54:13');
INSERT INTO `fact_payroll` VALUES ('17', '41', '33000.00', '0.00', '0.00', '319.00', '0.00', '436.80', '33756.00', '2013-07-15 15:54:13', '2013-07-15 15:54:13');
INSERT INTO `fact_payroll` VALUES ('17', '42', '12100.00', '0.00', '0.00', '410.00', '0.00', '434.60', '12945.00', '2013-07-15 15:54:13', '2013-07-15 15:54:13');
INSERT INTO `fact_payroll` VALUES ('17', '43', '93500.00', '0.00', '0.00', '501.00', '0.00', '319.00', '94320.00', '2013-07-15 15:54:13', '2013-07-15 15:54:13');
INSERT INTO `fact_payroll` VALUES ('17', '44', '88000.00', '0.00', '0.00', '592.00', '0.00', '410.00', '89002.00', '2013-07-15 15:54:13', '2013-07-15 15:54:13');
INSERT INTO `fact_payroll` VALUES ('17', '45', '102300.00', '0.00', '0.00', '683.00', '0.00', '501.00', '103484.00', '2013-07-15 15:54:13', '2013-07-15 15:54:13');
INSERT INTO `fact_payroll` VALUES ('17', '46', '38500.00', '0.00', '683.00', '0.00', '0.00', '0.00', '39183.00', '2013-07-15 15:54:13', '2013-07-15 15:54:13');
INSERT INTO `fact_payroll` VALUES ('17', '47', '88000.00', '0.00', '0.00', '774.00', '0.00', '592.00', '89366.00', '2013-07-15 15:54:13', '2013-07-15 15:54:13');
INSERT INTO `fact_payroll` VALUES ('17', '48', '103400.00', '0.00', '0.00', '865.00', '0.00', '683.00', '104948.00', '2013-07-15 15:54:13', '2013-07-15 15:54:13');
INSERT INTO `fact_payroll` VALUES ('17', '49', '95700.00', '0.00', '0.00', '956.00', '0.00', '0.00', '96656.00', '2013-07-15 15:54:13', '2013-07-15 15:54:13');
INSERT INTO `fact_payroll` VALUES ('17', '50', '88000.00', '0.00', '0.00', '1047.00', '0.00', '0.00', '89047.00', '2013-07-15 15:54:13', '2013-07-15 15:54:13');
INSERT INTO `fact_payroll` VALUES ('17', '51', '88000.00', '0.00', '0.00', '480.00', '0.00', '0.00', '88480.00', '2013-07-15 15:54:13', '2013-07-15 15:54:13');
INSERT INTO `fact_payroll` VALUES ('17', '52', '99000.00', '0.00', '0.00', '340.00', '0.00', '0.00', '99340.00', '2013-07-15 15:54:13', '2013-07-15 15:54:13');
INSERT INTO `fact_payroll` VALUES ('17', '53', '99000.00', '0.00', '0.00', '0.00', '0.00', '0.00', '99000.00', '2013-07-15 15:54:13', '2013-07-15 15:54:13');
INSERT INTO `fact_payroll` VALUES ('17', '54', '33000.00', '0.00', '0.00', '0.00', '0.00', '0.00', '33000.00', '2013-07-15 15:54:13', '2013-07-15 15:54:13');
INSERT INTO `fact_payroll` VALUES ('17', '55', '16500.00', '0.00', '0.00', '0.00', '0.00', '0.00', '16500.00', '2013-07-15 15:54:13', '2013-07-15 15:54:13');
INSERT INTO `fact_payroll` VALUES ('17', '56', '9900.00', '0.00', '0.00', '690.00', '0.00', '0.00', '10590.00', '2013-07-15 15:54:13', '2013-07-15 15:54:13');
INSERT INTO `fact_payroll` VALUES ('17', '57', '20900.00', '0.00', '774.00', '0.00', '0.00', '0.00', '21674.00', '2013-07-15 15:54:13', '2013-07-15 15:54:13');
INSERT INTO `fact_payroll` VALUES ('17', '58', '16500.00', '590.00', '0.00', '340.00', '100.00', '0.00', '17330.00', '2013-07-15 15:54:13', '2013-07-15 15:54:13');
INSERT INTO `fact_payroll` VALUES ('17', '59', '10000.00', '0.00', '0.00', '890.00', '120.00', '0.00', '10770.00', '2013-07-15 15:54:13', '2013-07-15 15:54:13');
INSERT INTO `fact_payroll` VALUES ('17', '60', '9500.00', '0.00', '0.00', '590.00', '0.00', '0.00', '10090.00', '2013-07-15 15:54:13', '2013-07-15 15:54:13');
INSERT INTO `fact_payroll` VALUES ('17', '61', '10000.00', '0.00', '0.00', '480.00', '0.00', '0.00', '10480.00', '2013-07-15 15:54:13', '2013-07-15 15:54:13');
INSERT INTO `fact_payroll` VALUES ('17', '62', '10000.00', '0.00', '0.00', '340.00', '0.00', '0.00', '10340.00', '2013-07-15 15:54:13', '2013-07-15 15:54:13');
INSERT INTO `fact_payroll` VALUES ('17', '63', '11000.00', '0.00', '0.00', '890.00', '0.00', '0.00', '11890.00', '2013-07-15 15:54:13', '2013-07-15 15:54:13');
INSERT INTO `fact_payroll` VALUES ('17', '64', '17000.00', '0.00', '0.00', '120.00', '0.00', '0.00', '17120.00', '2013-07-15 15:54:13', '2013-07-15 15:54:13');
INSERT INTO `fact_payroll` VALUES ('17', '66', '17000.00', '0.00', '0.00', '560.00', '0.00', '0.00', '17560.00', '2013-07-15 15:54:13', '2013-07-15 15:54:13');
INSERT INTO `fact_payroll` VALUES ('17', '67', '17000.00', '0.00', '0.00', '870.00', '0.00', '0.00', '17870.00', '2013-07-15 15:54:13', '2013-07-15 15:54:13');
INSERT INTO `fact_payroll` VALUES ('17', '68', '33000.00', '0.00', '865.00', '0.00', '0.00', '0.00', '33865.00', '2013-07-15 15:54:13', '2013-07-15 15:54:13');
INSERT INTO `fact_payroll` VALUES ('17', '69', '17000.00', '0.00', '0.00', '340.00', '0.00', '0.00', '17340.00', '2013-07-15 15:54:13', '2013-07-15 15:54:13');
INSERT INTO `fact_payroll` VALUES ('17', '70', '17000.00', '0.00', '0.00', '890.00', '0.00', '0.00', '17890.00', '2013-07-15 15:54:13', '2013-07-15 15:54:13');
INSERT INTO `fact_payroll` VALUES ('17', '71', '11000.00', '0.00', '0.00', '120.00', '0.00', '0.00', '11120.00', '2013-07-15 15:54:13', '2013-07-15 15:54:13');
INSERT INTO `fact_payroll` VALUES ('17', '73', '17000.00', '0.00', '0.00', '0.00', '0.00', '0.00', '17000.00', '2013-07-15 15:54:13', '2013-07-15 15:54:13');
INSERT INTO `fact_payroll` VALUES ('17', '74', '17000.00', '0.00', '0.00', '0.00', '120.00', '0.00', '16880.00', '2013-07-15 15:54:13', '2013-07-15 15:54:13');
INSERT INTO `fact_payroll` VALUES ('17', '75', '17000.00', '0.00', '0.00', '0.00', '120.00', '0.00', '16880.00', '2013-07-15 15:54:13', '2013-07-15 15:54:13');
INSERT INTO `fact_payroll` VALUES ('17', '77', '9500.00', '0.00', '0.00', '0.00', '0.00', '0.00', '9500.00', '2013-07-15 15:54:13', '2013-07-15 15:54:13');
INSERT INTO `fact_payroll` VALUES ('17', '78', '10000.00', '0.00', '0.00', '0.00', '0.00', '0.00', '10000.00', '2013-07-15 15:54:13', '2013-07-15 15:54:13');
INSERT INTO `fact_payroll` VALUES ('17', '79', '38500.00', '0.00', '956.00', '0.00', '0.00', '0.00', '39456.00', '2013-07-15 15:54:13', '2013-07-15 15:54:13');
INSERT INTO `fact_payroll` VALUES ('17', '80', '10000.00', '0.00', '319.00', '0.00', '0.00', '0.00', '10319.00', '2013-07-15 15:54:13', '2013-07-15 15:54:13');
INSERT INTO `fact_payroll` VALUES ('17', '81', '11000.00', '319.00', '1047.00', '0.00', '0.00', '319.00', '12685.00', '2013-07-15 15:54:13', '2013-07-15 15:54:13');
INSERT INTO `fact_payroll` VALUES ('17', '82', '11000.00', '1047.00', '1138.00', '0.00', '0.00', '1047.00', '14232.00', '2013-07-15 15:54:13', '2013-07-15 15:54:13');
INSERT INTO `fact_payroll` VALUES ('17', '83', '17000.00', '1138.00', '1229.00', '0.00', '0.00', '1138.00', '20505.00', '2013-07-15 15:54:13', '2013-07-15 15:54:13');
INSERT INTO `fact_payroll` VALUES ('17', '84', '17000.00', '1229.00', '1320.00', '0.00', '0.00', '1229.00', '20778.00', '2013-07-15 15:54:13', '2013-07-15 15:54:13');
INSERT INTO `fact_payroll` VALUES ('17', '85', '17000.00', '1320.00', '780.00', '120.00', '0.00', '1320.00', '20540.00', '2013-07-15 15:54:13', '2013-07-15 15:54:13');
INSERT INTO `fact_payroll` VALUES ('17', '86', '17000.00', '780.00', '456.00', '2900.00', '0.00', '780.00', '21916.00', '2013-07-15 15:54:13', '2013-07-15 15:54:13');
INSERT INTO `fact_payroll` VALUES ('17', '87', '17000.00', '456.00', '765.00', '560.00', '0.00', '456.00', '19237.00', '2013-07-15 15:54:13', '2013-07-15 15:54:13');
INSERT INTO `fact_payroll` VALUES ('17', '88', '17000.00', '765.00', '356.00', '870.00', '0.00', '765.00', '19756.00', '2013-07-15 15:54:13', '2013-07-15 15:54:13');
INSERT INTO `fact_payroll` VALUES ('17', '89', '11000.00', '356.00', '568.00', '340.00', '0.00', '356.00', '12620.00', '2013-07-15 15:54:13', '2013-07-15 15:54:13');
INSERT INTO `fact_payroll` VALUES ('17', '90', '38500.00', '0.00', '1047.00', '0.00', '0.00', '0.00', '39547.00', '2013-07-15 15:54:13', '2013-07-15 15:54:13');
INSERT INTO `fact_payroll` VALUES ('17', '91', '17000.00', '568.00', '657.00', '650.00', '0.00', '568.00', '19443.00', '2013-07-15 15:54:13', '2013-07-15 15:54:13');
INSERT INTO `fact_payroll` VALUES ('17', '92', '17000.00', '657.00', '0.00', '280.00', '0.00', '657.00', '18594.00', '2013-07-15 15:54:13', '2013-07-15 15:54:13');
INSERT INTO `fact_payroll` VALUES ('17', '93', '17000.00', '0.00', '0.00', '900.00', '0.00', '0.00', '17900.00', '2013-07-15 15:54:13', '2013-07-15 15:54:13');
INSERT INTO `fact_payroll` VALUES ('17', '94', '17000.00', '0.00', '0.00', '890.00', '0.00', '0.00', '17890.00', '2013-07-15 15:54:13', '2013-07-15 15:54:13');
INSERT INTO `fact_payroll` VALUES ('17', '95', '11000.00', '0.00', '445.60', '0.00', '0.00', '0.00', '11446.00', '2013-07-15 15:54:13', '2013-07-15 15:54:13');
INSERT INTO `fact_payroll` VALUES ('17', '96', '11000.00', '445.60', '443.40', '0.00', '0.00', '445.60', '12335.00', '2013-07-15 15:54:13', '2013-07-15 15:54:13');
INSERT INTO `fact_payroll` VALUES ('17', '97', '11000.00', '443.40', '441.20', '0.00', '0.00', '443.40', '12328.00', '2013-07-15 15:54:13', '2013-07-15 15:54:13');
INSERT INTO `fact_payroll` VALUES ('17', '98', '11000.00', '441.20', '439.00', '0.00', '0.00', '441.20', '12321.00', '2013-07-15 15:54:13', '2013-07-15 15:54:13');
INSERT INTO `fact_payroll` VALUES ('17', '99', '11000.00', '439.00', '0.00', '0.00', '0.00', '439.00', '11878.00', '2013-07-15 15:54:13', '2013-07-15 15:54:13');
INSERT INTO `fact_payroll` VALUES ('17', '100', '11000.00', '0.00', '434.60', '0.00', '0.00', '0.00', '11435.00', '2013-07-15 15:54:13', '2013-07-15 15:54:13');
INSERT INTO `fact_payroll` VALUES ('18', '1', '16500.00', '319.00', '410.00', '0.00', '0.00', '319.00', '17548.00', '2013-07-15 15:54:13', '2013-07-15 15:54:13');
INSERT INTO `fact_payroll` VALUES ('18', '2', '22000.00', '1138.00', '1229.00', '560.00', '0.00', '1138.00', '26065.00', '2013-07-15 15:54:13', '2013-07-15 15:54:13');
INSERT INTO `fact_payroll` VALUES ('18', '3', '17000.00', '870.00', '434.60', '0.00', '0.00', '434.60', '18739.00', '2013-07-15 15:54:13', '2013-07-15 15:54:13');
INSERT INTO `fact_payroll` VALUES ('18', '4', '24200.00', '1229.00', '0.00', '870.00', '100.00', '1229.00', '27428.00', '2013-07-15 15:54:13', '2013-07-15 15:54:13');
INSERT INTO `fact_payroll` VALUES ('18', '5', '41800.00', '0.00', '0.00', '340.00', '0.00', '0.00', '42140.00', '2013-07-15 15:54:13', '2013-07-15 15:54:13');
INSERT INTO `fact_payroll` VALUES ('18', '6', '38500.00', '0.00', '1047.00', '890.00', '0.00', '0.00', '40437.00', '2013-07-15 15:54:13', '2013-07-15 15:54:13');
INSERT INTO `fact_payroll` VALUES ('18', '7', '20900.00', '1047.00', '0.00', '120.00', '0.00', '1047.00', '23114.00', '2013-07-15 15:54:13', '2013-07-15 15:54:13');
INSERT INTO `fact_payroll` VALUES ('18', '8', '20900.00', '0.00', '0.00', '2900.00', '0.00', '0.00', '23800.00', '2013-07-15 15:54:13', '2013-07-15 15:54:13');
INSERT INTO `fact_payroll` VALUES ('18', '9', '20900.00', '0.00', '0.00', '560.00', '0.00', '0.00', '21460.00', '2013-07-15 15:54:13', '2013-07-15 15:54:13');
INSERT INTO `fact_payroll` VALUES ('18', '10', '38500.00', '0.00', '0.00', '870.00', '0.00', '0.00', '39370.00', '2013-07-15 15:54:13', '2013-07-15 15:54:13');
INSERT INTO `fact_payroll` VALUES ('18', '11', '41800.00', '0.00', '0.00', '340.00', '0.00', '0.00', '42140.00', '2013-07-15 15:54:13', '2013-07-15 15:54:13');
INSERT INTO `fact_payroll` VALUES ('18', '12', '20900.00', '0.00', '1138.00', '0.00', '0.00', '0.00', '22038.00', '2013-07-15 15:54:13', '2013-07-15 15:54:13');
INSERT INTO `fact_payroll` VALUES ('18', '13', '24200.00', '410.00', '501.00', '0.00', '0.00', '410.00', '25521.00', '2013-07-15 15:54:13', '2013-07-15 15:54:13');
INSERT INTO `fact_payroll` VALUES ('18', '14', '41800.00', '1138.00', '228.00', '0.00', '0.00', '1138.00', '44304.00', '2013-07-15 15:54:13', '2013-07-15 15:54:13');
INSERT INTO `fact_payroll` VALUES ('18', '16', '38500.00', '319.00', '410.00', '0.00', '0.00', '319.00', '39548.00', '2013-07-15 15:54:13', '2013-07-15 15:54:13');
INSERT INTO `fact_payroll` VALUES ('18', '17', '16500.00', '410.00', '501.00', '0.00', '0.00', '410.00', '17821.00', '2013-07-15 15:54:13', '2013-07-15 15:54:13');
INSERT INTO `fact_payroll` VALUES ('18', '18', '39600.00', '501.00', '592.00', '0.00', '0.00', '501.00', '41194.00', '2013-07-15 15:54:13', '2013-07-15 15:54:13');
INSERT INTO `fact_payroll` VALUES ('18', '19', '38500.00', '592.00', '683.00', '0.00', '0.00', '592.00', '40367.00', '2013-07-15 15:54:13', '2013-07-15 15:54:13');
INSERT INTO `fact_payroll` VALUES ('18', '20', '16500.00', '683.00', '0.00', '0.00', '0.00', '683.00', '17866.00', '2013-07-15 15:54:13', '2013-07-15 15:54:13');
INSERT INTO `fact_payroll` VALUES ('18', '21', '20900.00', '0.00', '0.00', '0.00', '0.00', '0.00', '20900.00', '2013-07-15 15:54:13', '2013-07-15 15:54:13');
INSERT INTO `fact_payroll` VALUES ('18', '22', '40700.00', '0.00', '0.00', '0.00', '0.00', '0.00', '40700.00', '2013-07-15 15:54:13', '2013-07-15 15:54:13');
INSERT INTO `fact_payroll` VALUES ('18', '23', '38500.00', '0.00', '0.00', '0.00', '0.00', '0.00', '38500.00', '2013-07-15 15:54:13', '2013-07-15 15:54:13');
INSERT INTO `fact_payroll` VALUES ('18', '24', '20900.00', '501.00', '592.00', '0.00', '0.00', '501.00', '22494.00', '2013-07-15 15:54:13', '2013-07-15 15:54:13');
INSERT INTO `fact_payroll` VALUES ('18', '26', '38500.00', '0.00', '0.00', '340.00', '0.00', '0.00', '38840.00', '2013-07-15 15:54:13', '2013-07-15 15:54:13');
INSERT INTO `fact_payroll` VALUES ('18', '27', '21450.00', '0.00', '0.00', '650.00', '0.00', '0.00', '22100.00', '2013-07-15 15:54:13', '2013-07-15 15:54:13');
INSERT INTO `fact_payroll` VALUES ('18', '28', '16500.00', '0.00', '0.00', '280.00', '0.00', '0.00', '16780.00', '2013-07-15 15:54:13', '2013-07-15 15:54:13');
INSERT INTO `fact_payroll` VALUES ('18', '29', '165000.00', '0.00', '0.00', '0.00', '0.00', '0.00', '165000.00', '2013-07-15 15:54:13', '2013-07-15 15:54:13');
INSERT INTO `fact_payroll` VALUES ('18', '30', '39600.00', '0.00', '0.00', '890.00', '0.00', '0.00', '40490.00', '2013-07-15 15:54:13', '2013-07-15 15:54:13');
INSERT INTO `fact_payroll` VALUES ('18', '31', '37400.00', '0.00', '1200.00', '640.00', '0.00', '0.00', '39240.00', '2013-07-15 15:54:13', '2013-07-15 15:54:13');
INSERT INTO `fact_payroll` VALUES ('18', '32', '17600.00', '650.00', '0.00', '590.00', '0.00', '0.00', '18840.00', '2013-07-15 15:54:13', '2013-07-15 15:54:13');
INSERT INTO `fact_payroll` VALUES ('18', '33', '39600.00', '280.00', '0.00', '480.00', '0.00', '0.00', '40360.00', '2013-07-15 15:54:13', '2013-07-15 15:54:13');
INSERT INTO `fact_payroll` VALUES ('18', '34', '11000.00', '900.00', '0.00', '340.00', '0.00', '0.00', '12240.00', '2013-07-15 15:54:13', '2013-07-15 15:54:13');
INSERT INTO `fact_payroll` VALUES ('18', '35', '24200.00', '592.00', '683.00', '0.00', '0.00', '592.00', '26067.00', '2013-07-15 15:54:13', '2013-07-15 15:54:13');
INSERT INTO `fact_payroll` VALUES ('18', '36', '37400.00', '890.00', '340.00', '0.00', '0.00', '0.00', '38630.00', '2013-07-15 15:54:13', '2013-07-15 15:54:13');
INSERT INTO `fact_payroll` VALUES ('18', '37', '24200.00', '0.00', '0.00', '0.00', '0.00', '0.00', '24200.00', '2013-07-15 15:54:13', '2013-07-15 15:54:13');
INSERT INTO `fact_payroll` VALUES ('18', '38', '38500.00', '0.00', '0.00', '0.00', '0.00', '0.00', '38500.00', '2013-07-15 15:54:13', '2013-07-15 15:54:13');
INSERT INTO `fact_payroll` VALUES ('18', '39', '33000.00', '0.00', '0.00', '0.00', '0.00', '0.00', '33000.00', '2013-07-15 15:54:13', '2013-07-15 15:54:13');
INSERT INTO `fact_payroll` VALUES ('18', '40', '37400.00', '0.00', '0.00', '340.00', '0.00', '0.00', '37740.00', '2013-07-15 15:54:13', '2013-07-15 15:54:13');
INSERT INTO `fact_payroll` VALUES ('18', '41', '33000.00', '0.00', '0.00', '890.00', '0.00', '0.00', '33890.00', '2013-07-15 15:54:13', '2013-07-15 15:54:13');
INSERT INTO `fact_payroll` VALUES ('18', '42', '12100.00', '0.00', '0.00', '590.00', '0.00', '0.00', '12690.00', '2013-07-15 15:54:13', '2013-07-15 15:54:13');
INSERT INTO `fact_payroll` VALUES ('18', '43', '93500.00', '0.00', '0.00', '480.00', '0.00', '0.00', '93980.00', '2013-07-15 15:54:13', '2013-07-15 15:54:13');
INSERT INTO `fact_payroll` VALUES ('18', '44', '88000.00', '0.00', '0.00', '340.00', '0.00', '0.00', '88340.00', '2013-07-15 15:54:13', '2013-07-15 15:54:13');
INSERT INTO `fact_payroll` VALUES ('18', '45', '102300.00', '0.00', '800.00', '890.00', '0.00', '0.00', '103990.00', '2013-07-15 15:54:13', '2013-07-15 15:54:13');
INSERT INTO `fact_payroll` VALUES ('18', '46', '38500.00', '683.00', '774.00', '0.00', '0.00', '683.00', '40640.00', '2013-07-15 15:54:13', '2013-07-15 15:54:13');
INSERT INTO `fact_payroll` VALUES ('18', '47', '88000.00', '0.00', '600.00', '120.00', '0.00', '0.00', '88720.00', '2013-07-15 15:54:13', '2013-07-15 15:54:13');
INSERT INTO `fact_payroll` VALUES ('18', '48', '103400.00', '0.00', '400.00', '2900.00', '0.00', '0.00', '106700.00', '2013-07-15 15:54:13', '2013-07-15 15:54:13');
INSERT INTO `fact_payroll` VALUES ('18', '49', '95700.00', '0.00', '980.00', '560.00', '0.00', '0.00', '97240.00', '2013-07-15 15:54:13', '2013-07-15 15:54:13');
INSERT INTO `fact_payroll` VALUES ('18', '50', '88000.00', '340.00', '0.00', '870.00', '0.00', '120.00', '89330.00', '2013-07-15 15:54:13', '2013-07-15 15:54:13');
INSERT INTO `fact_payroll` VALUES ('18', '51', '88000.00', '890.00', '0.00', '340.00', '0.00', '120.00', '89350.00', '2013-07-15 15:54:13', '2013-07-15 15:54:13');
INSERT INTO `fact_payroll` VALUES ('18', '52', '99000.00', '120.00', '0.00', '890.00', '0.00', '0.00', '100010.00', '2013-07-15 15:54:13', '2013-07-15 15:54:13');
INSERT INTO `fact_payroll` VALUES ('18', '53', '99000.00', '2900.00', '0.00', '120.00', '0.00', '0.00', '102020.00', '2013-07-15 15:54:13', '2013-07-15 15:54:13');
INSERT INTO `fact_payroll` VALUES ('18', '54', '33000.00', '560.00', '0.00', '120.00', '0.00', '0.00', '33680.00', '2013-07-15 15:54:13', '2013-07-15 15:54:13');
INSERT INTO `fact_payroll` VALUES ('18', '55', '16500.00', '870.00', '0.00', '560.00', '0.00', '0.00', '17930.00', '2013-07-15 15:54:13', '2013-07-15 15:54:13');
INSERT INTO `fact_payroll` VALUES ('18', '56', '9900.00', '340.00', '0.00', '0.00', '0.00', '0.00', '10240.00', '2013-07-15 15:54:13', '2013-07-15 15:54:13');
INSERT INTO `fact_payroll` VALUES ('18', '57', '20900.00', '774.00', '865.00', '340.00', '0.00', '774.00', '23653.00', '2013-07-15 15:54:13', '2013-07-15 15:54:13');
INSERT INTO `fact_payroll` VALUES ('18', '58', '16500.00', '890.00', '0.00', '0.00', '0.00', '0.00', '17390.00', '2013-07-15 15:54:13', '2013-07-15 15:54:13');
INSERT INTO `fact_payroll` VALUES ('18', '59', '10000.00', '120.00', '0.00', '0.00', '0.00', '0.00', '10120.00', '2013-07-15 15:54:13', '2013-07-15 15:54:13');
INSERT INTO `fact_payroll` VALUES ('18', '60', '9500.00', '2900.00', '0.00', '0.00', '0.00', '0.00', '12400.00', '2013-07-15 15:54:13', '2013-07-15 15:54:13');
INSERT INTO `fact_payroll` VALUES ('18', '61', '10000.00', '560.00', '0.00', '0.00', '0.00', '0.00', '10560.00', '2013-07-15 15:54:13', '2013-07-15 15:54:13');
INSERT INTO `fact_payroll` VALUES ('18', '62', '10000.00', '870.00', '0.00', '0.00', '0.00', '0.00', '10870.00', '2013-07-15 15:54:13', '2013-07-15 15:54:13');
INSERT INTO `fact_payroll` VALUES ('18', '63', '11000.00', '340.00', '0.00', '0.00', '0.00', '0.00', '11340.00', '2013-07-15 15:54:13', '2013-07-15 15:54:13');
INSERT INTO `fact_payroll` VALUES ('18', '64', '17000.00', '0.00', '0.00', '0.00', '0.00', '0.00', '17000.00', '2013-07-15 15:54:13', '2013-07-15 15:54:13');
INSERT INTO `fact_payroll` VALUES ('18', '66', '17000.00', '0.00', '0.00', '0.00', '120.00', '0.00', '16880.00', '2013-07-15 15:54:13', '2013-07-15 15:54:13');
INSERT INTO `fact_payroll` VALUES ('18', '67', '17000.00', '0.00', '0.00', '0.00', '0.00', '0.00', '17000.00', '2013-07-15 15:54:13', '2013-07-15 15:54:13');
INSERT INTO `fact_payroll` VALUES ('18', '68', '33000.00', '865.00', '956.00', '890.00', '0.00', '865.00', '36576.00', '2013-07-15 15:54:13', '2013-07-15 15:54:13');
INSERT INTO `fact_payroll` VALUES ('18', '69', '17000.00', '0.00', '0.00', '0.00', '0.00', '0.00', '17000.00', '2013-07-15 15:54:13', '2013-07-15 15:54:13');
INSERT INTO `fact_payroll` VALUES ('18', '70', '17000.00', '0.00', '0.00', '0.00', '0.00', '0.00', '17000.00', '2013-07-15 15:54:13', '2013-07-15 15:54:13');
INSERT INTO `fact_payroll` VALUES ('18', '71', '11000.00', '0.00', '0.00', '900.00', '0.00', '0.00', '11900.00', '2013-07-15 15:54:13', '2013-07-15 15:54:13');
INSERT INTO `fact_payroll` VALUES ('18', '73', '17000.00', '0.00', '0.00', '0.00', '0.00', '0.00', '17000.00', '2013-07-15 15:54:13', '2013-07-15 15:54:13');
INSERT INTO `fact_payroll` VALUES ('18', '74', '17000.00', '0.00', '0.00', '890.00', '0.00', '0.00', '17890.00', '2013-07-15 15:54:13', '2013-07-15 15:54:13');
INSERT INTO `fact_payroll` VALUES ('18', '75', '17000.00', '0.00', '0.00', '640.00', '0.00', '0.00', '17640.00', '2013-07-15 15:54:13', '2013-07-15 15:54:13');
INSERT INTO `fact_payroll` VALUES ('18', '77', '9500.00', '340.00', '0.00', '480.00', '0.00', '0.00', '10320.00', '2013-07-15 15:54:13', '2013-07-15 15:54:13');
INSERT INTO `fact_payroll` VALUES ('18', '78', '10000.00', '650.00', '0.00', '340.00', '0.00', '0.00', '10990.00', '2013-07-15 15:54:13', '2013-07-15 15:54:13');
INSERT INTO `fact_payroll` VALUES ('18', '79', '38500.00', '956.00', '1047.00', '120.00', '0.00', '956.00', '41579.00', '2013-07-15 15:54:13', '2013-07-15 15:54:13');
INSERT INTO `fact_payroll` VALUES ('18', '80', '10000.00', '280.00', '0.00', '0.00', '0.00', '0.00', '10280.00', '2013-07-15 15:54:13', '2013-07-15 15:54:13');
INSERT INTO `fact_payroll` VALUES ('18', '81', '11000.00', '0.00', '319.00', '0.00', '0.00', '319.00', '11638.00', '2013-07-15 15:54:13', '2013-07-15 15:54:13');
INSERT INTO `fact_payroll` VALUES ('18', '82', '11000.00', '890.00', '1047.00', '0.00', '120.00', '1047.00', '13864.00', '2013-07-15 15:54:13', '2013-07-15 15:54:13');
INSERT INTO `fact_payroll` VALUES ('18', '83', '17000.00', '640.00', '1138.00', '0.00', '120.00', '1138.00', '19796.00', '2013-07-15 15:54:13', '2013-07-15 15:54:13');
INSERT INTO `fact_payroll` VALUES ('18', '84', '17000.00', '590.00', '1229.00', '340.00', '0.00', '1229.00', '20388.00', '2013-07-15 15:54:13', '2013-07-15 15:54:13');
INSERT INTO `fact_payroll` VALUES ('18', '85', '17000.00', '480.00', '1320.00', '890.00', '0.00', '1320.00', '21010.00', '2013-07-15 15:54:13', '2013-07-15 15:54:13');
INSERT INTO `fact_payroll` VALUES ('18', '86', '17000.00', '340.00', '780.00', '590.00', '0.00', '780.00', '19490.00', '2013-07-15 15:54:13', '2013-07-15 15:54:13');
INSERT INTO `fact_payroll` VALUES ('18', '87', '17000.00', '0.00', '456.00', '480.00', '0.00', '456.00', '18392.00', '2013-07-15 15:54:13', '2013-07-15 15:54:13');
INSERT INTO `fact_payroll` VALUES ('18', '88', '17000.00', '0.00', '765.00', '340.00', '0.00', '765.00', '18870.00', '2013-07-15 15:54:13', '2013-07-15 15:54:13');
INSERT INTO `fact_payroll` VALUES ('18', '89', '11000.00', '0.00', '356.00', '890.00', '0.00', '356.00', '12602.00', '2013-07-15 15:54:13', '2013-07-15 15:54:13');
INSERT INTO `fact_payroll` VALUES ('18', '90', '38500.00', '1047.00', '1138.00', '2900.00', '0.00', '1047.00', '44632.00', '2013-07-15 15:54:13', '2013-07-15 15:54:13');
INSERT INTO `fact_payroll` VALUES ('18', '91', '17000.00', '0.00', '568.00', '120.00', '0.00', '568.00', '18256.00', '2013-07-15 15:54:13', '2013-07-15 15:54:13');
INSERT INTO `fact_payroll` VALUES ('18', '92', '17000.00', '340.00', '657.00', '2900.00', '0.00', '657.00', '21554.00', '2013-07-15 15:54:13', '2013-07-15 15:54:13');
INSERT INTO `fact_payroll` VALUES ('18', '93', '17000.00', '890.00', '0.00', '560.00', '0.00', '0.00', '18450.00', '2013-07-15 15:54:13', '2013-07-15 15:54:13');
INSERT INTO `fact_payroll` VALUES ('18', '94', '17000.00', '590.00', '0.00', '870.00', '0.00', '0.00', '18460.00', '2013-07-15 15:54:13', '2013-07-15 15:54:13');
INSERT INTO `fact_payroll` VALUES ('18', '95', '11000.00', '480.00', '0.00', '340.00', '0.00', '0.00', '11820.00', '2013-07-15 15:54:13', '2013-07-15 15:54:13');
INSERT INTO `fact_payroll` VALUES ('18', '96', '11000.00', '340.00', '445.60', '890.00', '0.00', '445.60', '13121.00', '2013-07-15 15:54:13', '2013-07-15 15:54:13');
INSERT INTO `fact_payroll` VALUES ('18', '97', '11000.00', '890.00', '443.40', '120.00', '0.00', '443.40', '12897.00', '2013-07-15 15:54:13', '2013-07-15 15:54:13');
INSERT INTO `fact_payroll` VALUES ('18', '98', '11000.00', '120.00', '441.20', '120.00', '0.00', '441.20', '12122.00', '2013-07-15 15:54:13', '2013-07-15 15:54:13');
INSERT INTO `fact_payroll` VALUES ('18', '99', '11000.00', '2900.00', '439.00', '560.00', '0.00', '439.00', '15338.00', '2013-07-15 15:54:13', '2013-07-15 15:54:13');
INSERT INTO `fact_payroll` VALUES ('18', '100', '11000.00', '560.00', '0.00', '0.00', '0.00', '0.00', '11560.00', '2013-07-15 15:54:13', '2013-07-15 15:54:13');
INSERT INTO `fact_payroll` VALUES ('19', '1', '16500.00', '340.00', '319.00', '0.00', '0.00', '319.00', '17478.00', '2013-07-15 15:54:13', '2013-07-15 15:54:13');
INSERT INTO `fact_payroll` VALUES ('19', '2', '22000.00', '0.00', '1138.00', '0.00', '0.00', '1138.00', '24276.00', '2013-07-15 15:54:13', '2013-07-15 15:54:13');
INSERT INTO `fact_payroll` VALUES ('19', '3', '17000.00', '0.00', '434.60', '0.00', '0.00', '434.60', '17869.00', '2013-07-15 15:54:13', '2013-07-15 15:54:13');
INSERT INTO `fact_payroll` VALUES ('19', '4', '24200.00', '0.00', '1229.00', '0.00', '0.00', '1229.00', '26658.00', '2013-07-15 15:54:13', '2013-07-15 15:54:13');
INSERT INTO `fact_payroll` VALUES ('19', '5', '41800.00', '0.00', '0.00', '900.00', '0.00', '0.00', '42700.00', '2013-07-15 15:54:13', '2013-07-15 15:54:13');
INSERT INTO `fact_payroll` VALUES ('19', '6', '38500.00', '0.00', '0.00', '890.00', '0.00', '0.00', '39390.00', '2013-07-15 15:54:13', '2013-07-15 15:54:13');
INSERT INTO `fact_payroll` VALUES ('19', '7', '20900.00', '0.00', '1047.00', '0.00', '0.00', '1047.00', '22994.00', '2013-07-15 15:54:13', '2013-07-15 15:54:13');
INSERT INTO `fact_payroll` VALUES ('19', '8', '20900.00', '0.00', '0.00', '0.00', '0.00', '0.00', '20900.00', '2013-07-15 15:54:13', '2013-07-15 15:54:13');
INSERT INTO `fact_payroll` VALUES ('19', '9', '20900.00', '0.00', '0.00', '0.00', '0.00', '0.00', '20900.00', '2013-07-15 15:54:13', '2013-07-15 15:54:13');
INSERT INTO `fact_payroll` VALUES ('19', '10', '38500.00', '0.00', '0.00', '340.00', '0.00', '0.00', '38840.00', '2013-07-15 15:54:13', '2013-07-15 15:54:13');
INSERT INTO `fact_payroll` VALUES ('19', '11', '41800.00', '0.00', '0.00', '890.00', '100.00', '0.00', '42590.00', '2013-07-15 15:54:13', '2013-07-15 15:54:13');
INSERT INTO `fact_payroll` VALUES ('19', '12', '20900.00', '900.00', '0.00', '590.00', '120.00', '0.00', '22270.00', '2013-07-15 15:54:13', '2013-07-15 15:54:13');
INSERT INTO `fact_payroll` VALUES ('19', '13', '24200.00', '890.00', '410.00', '0.00', '0.00', '410.00', '25910.00', '2013-07-15 15:54:13', '2013-07-15 15:54:13');
INSERT INTO `fact_payroll` VALUES ('19', '14', '41800.00', '890.00', '1138.00', '480.00', '0.00', '1138.00', '45446.00', '2013-07-15 15:54:13', '2013-07-15 15:54:13');
INSERT INTO `fact_payroll` VALUES ('19', '16', '38500.00', '890.00', '319.00', '890.00', '0.00', '319.00', '40918.00', '2013-07-15 15:54:13', '2013-07-15 15:54:13');
INSERT INTO `fact_payroll` VALUES ('19', '17', '16500.00', '640.00', '410.00', '120.00', '0.00', '410.00', '18080.00', '2013-07-15 15:54:13', '2013-07-15 15:54:13');
INSERT INTO `fact_payroll` VALUES ('19', '18', '39600.00', '590.00', '501.00', '2900.00', '0.00', '501.00', '44092.00', '2013-07-15 15:54:13', '2013-07-15 15:54:13');
INSERT INTO `fact_payroll` VALUES ('19', '19', '38500.00', '480.00', '592.00', '560.00', '0.00', '592.00', '40724.00', '2013-07-15 15:54:13', '2013-07-15 15:54:13');
INSERT INTO `fact_payroll` VALUES ('19', '20', '16500.00', '340.00', '683.00', '870.00', '0.00', '683.00', '19076.00', '2013-07-15 15:54:13', '2013-07-15 15:54:13');
INSERT INTO `fact_payroll` VALUES ('19', '21', '20900.00', '0.00', '0.00', '340.00', '0.00', '0.00', '21240.00', '2013-07-15 15:54:13', '2013-07-15 15:54:13');
INSERT INTO `fact_payroll` VALUES ('19', '22', '40700.00', '0.00', '0.00', '890.00', '0.00', '0.00', '41590.00', '2013-07-15 15:54:13', '2013-07-15 15:54:13');
INSERT INTO `fact_payroll` VALUES ('19', '23', '38500.00', '0.00', '0.00', '120.00', '0.00', '0.00', '38620.00', '2013-07-15 15:54:13', '2013-07-15 15:54:13');
INSERT INTO `fact_payroll` VALUES ('19', '24', '20900.00', '120.00', '501.00', '0.00', '0.00', '501.00', '22022.00', '2013-07-15 15:54:13', '2013-07-15 15:54:13');
INSERT INTO `fact_payroll` VALUES ('19', '26', '38500.00', '340.00', '0.00', '560.00', '0.00', '0.00', '39400.00', '2013-07-15 15:54:13', '2013-07-15 15:54:13');
INSERT INTO `fact_payroll` VALUES ('19', '27', '21450.00', '890.00', '0.00', '0.00', '0.00', '0.00', '22340.00', '2013-07-15 15:54:13', '2013-07-15 15:54:13');
INSERT INTO `fact_payroll` VALUES ('19', '28', '16500.00', '590.00', '0.00', '0.00', '120.00', '0.00', '16970.00', '2013-07-15 15:54:13', '2013-07-15 15:54:13');
INSERT INTO `fact_payroll` VALUES ('19', '29', '165000.00', '480.00', '0.00', '0.00', '120.00', '0.00', '165360.00', '2013-07-15 15:54:13', '2013-07-15 15:54:13');
INSERT INTO `fact_payroll` VALUES ('19', '30', '39600.00', '340.00', '0.00', '0.00', '0.00', '0.00', '39940.00', '2013-07-15 15:54:13', '2013-07-15 15:54:13');
INSERT INTO `fact_payroll` VALUES ('19', '31', '37400.00', '890.00', '0.00', '0.00', '0.00', '0.00', '38290.00', '2013-07-15 15:54:13', '2013-07-15 15:54:13');
INSERT INTO `fact_payroll` VALUES ('19', '32', '17600.00', '120.00', '600.00', '0.00', '0.00', '0.00', '18320.00', '2013-07-15 15:54:13', '2013-07-15 15:54:13');
INSERT INTO `fact_payroll` VALUES ('19', '33', '39600.00', '2900.00', '1200.00', '0.00', '0.00', '0.00', '43700.00', '2013-07-15 15:54:13', '2013-07-15 15:54:13');
INSERT INTO `fact_payroll` VALUES ('19', '34', '11000.00', '560.00', '890.00', '0.00', '0.00', '0.00', '12450.00', '2013-07-15 15:54:13', '2013-07-15 15:54:13');
INSERT INTO `fact_payroll` VALUES ('19', '35', '24200.00', '120.00', '592.00', '0.00', '0.00', '592.00', '25504.00', '2013-07-15 15:54:13', '2013-07-15 15:54:13');
INSERT INTO `fact_payroll` VALUES ('19', '36', '37400.00', '870.00', '0.00', '0.00', '0.00', '0.00', '38270.00', '2013-07-15 15:54:13', '2013-07-15 15:54:13');
INSERT INTO `fact_payroll` VALUES ('19', '37', '24200.00', '340.00', '0.00', '0.00', '0.00', '0.00', '24540.00', '2013-07-15 15:54:13', '2013-07-15 15:54:13');
INSERT INTO `fact_payroll` VALUES ('19', '38', '38500.00', '890.00', '0.00', '0.00', '0.00', '0.00', '39390.00', '2013-07-15 15:54:13', '2013-07-15 15:54:13');
INSERT INTO `fact_payroll` VALUES ('19', '39', '33000.00', '120.00', '0.00', '410.00', '0.00', '120.00', '33650.00', '2013-07-15 15:54:13', '2013-07-15 15:54:13');
INSERT INTO `fact_payroll` VALUES ('19', '40', '37400.00', '120.00', '0.00', '501.00', '0.00', '120.00', '38141.00', '2013-07-15 15:54:13', '2013-07-15 15:54:13');
INSERT INTO `fact_payroll` VALUES ('19', '41', '33000.00', '560.00', '0.00', '592.00', '0.00', '0.00', '34152.00', '2013-07-15 15:54:13', '2013-07-15 15:54:13');
INSERT INTO `fact_payroll` VALUES ('19', '42', '12100.00', '0.00', '0.00', '683.00', '0.00', '0.00', '12783.00', '2013-07-15 15:54:13', '2013-07-15 15:54:13');
INSERT INTO `fact_payroll` VALUES ('19', '43', '93500.00', '0.00', '0.00', '774.00', '0.00', '0.00', '94274.00', '2013-07-15 15:54:13', '2013-07-15 15:54:13');
INSERT INTO `fact_payroll` VALUES ('19', '44', '88000.00', '0.00', '0.00', '865.00', '0.00', '0.00', '88865.00', '2013-07-15 15:54:13', '2013-07-15 15:54:13');
INSERT INTO `fact_payroll` VALUES ('19', '45', '102300.00', '0.00', '0.00', '1047.00', '0.00', '0.00', '103347.00', '2013-07-15 15:54:13', '2013-07-15 15:54:13');
INSERT INTO `fact_payroll` VALUES ('19', '46', '38500.00', '560.00', '683.00', '0.00', '0.00', '683.00', '40426.00', '2013-07-15 15:54:13', '2013-07-15 15:54:13');
INSERT INTO `fact_payroll` VALUES ('19', '47', '88000.00', '0.00', '0.00', '1138.00', '0.00', '0.00', '89138.00', '2013-07-15 15:54:13', '2013-07-15 15:54:13');
INSERT INTO `fact_payroll` VALUES ('19', '48', '103400.00', '0.00', '0.00', '1229.00', '0.00', '0.00', '104629.00', '2013-07-15 15:54:13', '2013-07-15 15:54:13');
INSERT INTO `fact_payroll` VALUES ('19', '49', '95700.00', '0.00', '0.00', '1320.00', '0.00', '0.00', '97020.00', '2013-07-15 15:54:13', '2013-07-15 15:54:13');
INSERT INTO `fact_payroll` VALUES ('19', '50', '88000.00', '0.00', '0.00', '780.00', '0.00', '0.00', '88780.00', '2013-07-15 15:54:13', '2013-07-15 15:54:13');
INSERT INTO `fact_payroll` VALUES ('19', '51', '88000.00', '0.00', '0.00', '456.00', '0.00', '0.00', '88456.00', '2013-07-15 15:54:13', '2013-07-15 15:54:13');
INSERT INTO `fact_payroll` VALUES ('19', '52', '99000.00', '0.00', '0.00', '765.00', '0.00', '0.00', '99765.00', '2013-07-15 15:54:13', '2013-07-15 15:54:13');
INSERT INTO `fact_payroll` VALUES ('19', '53', '99000.00', '0.00', '0.00', '356.00', '0.00', '0.00', '99356.00', '2013-07-15 15:54:13', '2013-07-15 15:54:13');
INSERT INTO `fact_payroll` VALUES ('19', '54', '33000.00', '0.00', '690.00', '568.00', '0.00', '0.00', '34258.00', '2013-07-15 15:54:13', '2013-07-15 15:54:13');
INSERT INTO `fact_payroll` VALUES ('19', '55', '16500.00', '0.00', '340.00', '657.00', '0.00', '0.00', '17497.00', '2013-07-15 15:54:13', '2013-07-15 15:54:13');
INSERT INTO `fact_payroll` VALUES ('19', '56', '9900.00', '900.00', '890.00', '480.00', '0.00', '0.00', '12170.00', '2013-07-15 15:54:13', '2013-07-15 15:54:13');
INSERT INTO `fact_payroll` VALUES ('19', '57', '20900.00', '0.00', '774.00', '0.00', '0.00', '774.00', '22448.00', '2013-07-15 15:54:13', '2013-07-15 15:54:13');
INSERT INTO `fact_payroll` VALUES ('19', '58', '16500.00', '890.00', '590.00', '340.00', '0.00', '0.00', '18320.00', '2013-07-15 15:54:13', '2013-07-15 15:54:13');
INSERT INTO `fact_payroll` VALUES ('19', '59', '10000.00', '0.00', '0.00', '0.00', '0.00', '0.00', '10000.00', '2013-07-15 15:54:13', '2013-07-15 15:54:13');
INSERT INTO `fact_payroll` VALUES ('19', '60', '9500.00', '0.00', '0.00', '0.00', '0.00', '0.00', '9500.00', '2013-07-15 15:54:13', '2013-07-15 15:54:13');
INSERT INTO `fact_payroll` VALUES ('19', '61', '10000.00', '0.00', '0.00', '0.00', '100.00', '0.00', '9900.00', '2013-07-15 15:54:13', '2013-07-15 15:54:13');
INSERT INTO `fact_payroll` VALUES ('19', '62', '10000.00', '340.00', '0.00', '690.00', '120.00', '0.00', '10910.00', '2013-07-15 15:54:13', '2013-07-15 15:54:13');
INSERT INTO `fact_payroll` VALUES ('19', '63', '11000.00', '890.00', '0.00', '340.00', '0.00', '0.00', '12230.00', '2013-07-15 15:54:13', '2013-07-15 15:54:13');
INSERT INTO `fact_payroll` VALUES ('19', '64', '17000.00', '590.00', '0.00', '890.00', '0.00', '0.00', '18480.00', '2013-07-15 15:54:13', '2013-07-15 15:54:13');
INSERT INTO `fact_payroll` VALUES ('19', '66', '17000.00', '340.00', '0.00', '480.00', '0.00', '0.00', '17820.00', '2013-07-15 15:54:13', '2013-07-15 15:54:13');
INSERT INTO `fact_payroll` VALUES ('19', '67', '17000.00', '890.00', '0.00', '340.00', '0.00', '0.00', '18230.00', '2013-07-15 15:54:13', '2013-07-15 15:54:13');
INSERT INTO `fact_payroll` VALUES ('19', '68', '33000.00', '0.00', '865.00', '0.00', '0.00', '865.00', '34730.00', '2013-07-15 15:54:13', '2013-07-15 15:54:13');
INSERT INTO `fact_payroll` VALUES ('19', '69', '17000.00', '120.00', '0.00', '890.00', '0.00', '0.00', '18010.00', '2013-07-15 15:54:13', '2013-07-15 15:54:13');
INSERT INTO `fact_payroll` VALUES ('19', '70', '17000.00', '2900.00', '0.00', '120.00', '0.00', '0.00', '20020.00', '2013-07-15 15:54:13', '2013-07-15 15:54:13');
INSERT INTO `fact_payroll` VALUES ('19', '71', '11000.00', '560.00', '0.00', '2900.00', '0.00', '0.00', '14460.00', '2013-07-15 15:54:13', '2013-07-15 15:54:13');
INSERT INTO `fact_payroll` VALUES ('19', '73', '17000.00', '340.00', '0.00', '870.00', '0.00', '0.00', '18210.00', '2013-07-15 15:54:13', '2013-07-15 15:54:13');
INSERT INTO `fact_payroll` VALUES ('19', '74', '17000.00', '890.00', '0.00', '340.00', '0.00', '0.00', '18230.00', '2013-07-15 15:54:13', '2013-07-15 15:54:13');
INSERT INTO `fact_payroll` VALUES ('19', '75', '17000.00', '120.00', '0.00', '890.00', '0.00', '0.00', '18010.00', '2013-07-15 15:54:13', '2013-07-15 15:54:13');
INSERT INTO `fact_payroll` VALUES ('19', '77', '9500.00', '560.00', '0.00', '0.00', '120.00', '0.00', '9940.00', '2013-07-15 15:54:13', '2013-07-15 15:54:13');
INSERT INTO `fact_payroll` VALUES ('19', '78', '10000.00', '0.00', '0.00', '0.00', '120.00', '0.00', '9880.00', '2013-07-15 15:54:13', '2013-07-15 15:54:13');
INSERT INTO `fact_payroll` VALUES ('19', '79', '38500.00', '0.00', '956.00', '0.00', '0.00', '956.00', '40412.00', '2013-07-15 15:54:13', '2013-07-15 15:54:13');
INSERT INTO `fact_payroll` VALUES ('19', '80', '10000.00', '0.00', '0.00', '0.00', '0.00', '0.00', '10000.00', '2013-07-15 15:54:13', '2013-07-15 15:54:13');
INSERT INTO `fact_payroll` VALUES ('19', '81', '11000.00', '0.00', '319.00', '0.00', '0.00', '319.00', '11638.00', '2013-07-15 15:54:13', '2013-07-15 15:54:13');
INSERT INTO `fact_payroll` VALUES ('19', '82', '11000.00', '0.00', '1047.00', '0.00', '0.00', '1047.00', '13094.00', '2013-07-15 15:54:13', '2013-07-15 15:54:13');
INSERT INTO `fact_payroll` VALUES ('19', '83', '17000.00', '0.00', '1138.00', '0.00', '0.00', '1138.00', '19276.00', '2013-07-15 15:54:13', '2013-07-15 15:54:13');
INSERT INTO `fact_payroll` VALUES ('19', '84', '17000.00', '0.00', '1229.00', '0.00', '0.00', '1229.00', '19458.00', '2013-07-15 15:54:13', '2013-07-15 15:54:13');
INSERT INTO `fact_payroll` VALUES ('19', '85', '17000.00', '0.00', '1320.00', '0.00', '0.00', '1320.00', '19640.00', '2013-07-15 15:54:13', '2013-07-15 15:54:13');
INSERT INTO `fact_payroll` VALUES ('19', '86', '17000.00', '0.00', '780.00', '0.00', '0.00', '780.00', '18560.00', '2013-07-15 15:54:13', '2013-07-15 15:54:13');
INSERT INTO `fact_payroll` VALUES ('19', '87', '17000.00', '0.00', '456.00', '0.00', '0.00', '456.00', '17912.00', '2013-07-15 15:54:13', '2013-07-15 15:54:13');
INSERT INTO `fact_payroll` VALUES ('19', '88', '17000.00', '0.00', '765.00', '0.00', '0.00', '765.00', '18530.00', '2013-07-15 15:54:13', '2013-07-15 15:54:13');
INSERT INTO `fact_payroll` VALUES ('19', '89', '11000.00', '0.00', '356.00', '0.00', '0.00', '356.00', '11712.00', '2013-07-15 15:54:13', '2013-07-15 15:54:13');
INSERT INTO `fact_payroll` VALUES ('19', '90', '38500.00', '0.00', '1047.00', '0.00', '0.00', '1047.00', '40594.00', '2013-07-15 15:54:13', '2013-07-15 15:54:13');
INSERT INTO `fact_payroll` VALUES ('19', '91', '17000.00', '0.00', '568.00', '120.00', '0.00', '568.00', '18256.00', '2013-07-15 15:54:13', '2013-07-15 15:54:13');
INSERT INTO `fact_payroll` VALUES ('19', '92', '17000.00', '0.00', '657.00', '2900.00', '0.00', '657.00', '21214.00', '2013-07-15 15:54:13', '2013-07-15 15:54:13');
INSERT INTO `fact_payroll` VALUES ('19', '93', '17000.00', '900.00', '0.00', '560.00', '0.00', '0.00', '18460.00', '2013-07-15 15:54:13', '2013-07-15 15:54:13');
INSERT INTO `fact_payroll` VALUES ('19', '94', '17000.00', '890.00', '0.00', '870.00', '0.00', '0.00', '18760.00', '2013-07-15 15:54:13', '2013-07-15 15:54:13');
INSERT INTO `fact_payroll` VALUES ('19', '95', '11000.00', '0.00', '0.00', '340.00', '0.00', '0.00', '11340.00', '2013-07-15 15:54:13', '2013-07-15 15:54:13');
INSERT INTO `fact_payroll` VALUES ('19', '96', '11000.00', '890.00', '445.60', '650.00', '0.00', '445.60', '13431.00', '2013-07-15 15:54:13', '2013-07-15 15:54:13');
INSERT INTO `fact_payroll` VALUES ('19', '97', '11000.00', '640.00', '443.40', '280.00', '0.00', '443.40', '12807.00', '2013-07-15 15:54:13', '2013-07-15 15:54:13');
INSERT INTO `fact_payroll` VALUES ('19', '98', '11000.00', '590.00', '441.20', '900.00', '0.00', '441.20', '13372.00', '2013-07-15 15:54:13', '2013-07-15 15:54:13');
INSERT INTO `fact_payroll` VALUES ('19', '99', '11000.00', '480.00', '439.00', '890.00', '0.00', '439.00', '13248.00', '2013-07-15 15:54:13', '2013-07-15 15:54:13');
INSERT INTO `fact_payroll` VALUES ('19', '100', '11000.00', '340.00', '0.00', '0.00', '0.00', '0.00', '11340.00', '2013-07-15 15:54:13', '2013-07-15 15:54:13');

-- ----------------------------
-- View structure for `hr_actual`
-- ----------------------------
DROP VIEW IF EXISTS `hr_actual`;
CREATE ALGORITHM=UNDEFINED DEFINER=`root`@`localhost` SQL SECURITY DEFINER VIEW `hr_actual` AS select `de`.`department_key` AS `department_key`,`f`.`month_key` AS `month_key`,count(distinct `f`.`emp_key`) AS `actual_headcount`,sum(`f`.`salary_amount`) AS `actual_salary` from (`fact_payroll` `f` join `dim_emp` `de`) where (`f`.`emp_key` = `de`.`emp_key`) group by 1,2;
